engine,cycle,set1,set2,set3,s1,s2,s3,s4,s5,s6,s7,s8,s9,s10,s11,s12,s13,s14,s15,s16,s17,s18,s19,s20,s21
1,1,0.0023,0.0003,100.0,518.67,643.02,1585.29,1398.21,14.62,21.61,553.9,2388.04,9050.17,1.3,47.2,521.72,2388.03,8125.55,8.4052,0.03,392,2388,100.0,38.86,23.3735
1,2,-0.0027,-0.0003,100.0,518.67,641.71,1588.45,1395.42,14.62,21.61,554.85,2388.01,9054.42,1.3,47.5,522.16,2388.06,8139.62,8.3803,0.03,393,2388,100.0,39.02,23.3916
1,3,0.0003,0.0001,100.0,518.67,642.46,1586.94,1401.34,14.62,21.61,554.11,2388.05,9056.96,1.3,47.5,521.97,2388.03,8130.1,8.4441,0.03,393,2388,100.0,39.08,23.4166
1,4,0.0042,0.0,100.0,518.67,642.44,1584.12,1406.42,14.62,21.61,554.07,2388.03,9045.29,1.3,47.28,521.38,2388.05,8132.9,8.3917,0.03,391,2388,100.0,39.0,23.3737
1,5,0.0014,0.0,100.0,518.67,642.51,1587.19,1401.92,14.62,21.61,554.16,2388.01,9044.55,1.3,47.31,522.15,2388.03,8129.54,8.4031,0.03,390,2388,100.0,38.99,23.413
1,6,0.0012,0.0003,100.0,518.67,642.11,1579.12,1395.13,14.62,21.61,554.22,2388.0,9050.96,1.3,47.26,521.92,2388.08,8127.46,8.4238,0.03,392,2388,100.0,38.91,23.3467
1,7,-0.0,0.0002,100.0,518.67,642.11,1583.34,1404.84,14.62,21.61,553.89,2388.05,9051.39,1.3,47.31,522.01,2388.06,8134.97,8.3914,0.03,391,2388,100.0,38.85,23.3952
1,8,0.0006,-0.0,100.0,518.67,642.54,1580.89,1400.89,14.62,21.61,553.59,2388.05,9052.86,1.3,47.21,522.09,2388.06,8125.93,8.4213,0.03,393,2388,100.0,39.05,23.3224
1,9,-0.0036,0.0,100.0,518.67,641.88,1593.29,1412.28,14.62,21.61,554.49,2388.06,9048.55,1.3,47.37,522.03,2388.05,8134.15,8.4353,0.03,391,2388,100.0,39.1,23.4521
1,10,-0.0025,-0.0001,100.0,518.67,642.07,1585.25,1398.64,14.62,21.61,554.28,2388.04,9051.95,1.3,47.14,522.0,2388.06,8134.08,8.4093,0.03,391,2388,100.0,38.87,23.382
1,11,0.0007,-0.0004,100.0,518.67,642.04,1581.03,1403.83,14.62,21.61,554.69,2388.04,9051.67,1.3,47.23,521.95,2388.06,8132.38,8.3919,0.03,391,2388,100.0,39.06,23.3609
1,12,0.0026,0.0003,100.0,518.67,642.54,1587.43,1397.82,14.62,21.61,554.35,2388.02,9050.02,1.3,47.27,522.01,2388.06,8132.33,8.3984,0.03,391,2388,100.0,39.11,23.3845
1,13,-0.0056,0.0003,100.0,518.67,641.94,1589.09,1403.94,14.62,21.61,554.04,2388.02,9045.67,1.3,47.35,522.37,2388.03,8131.12,8.4166,0.03,392,2388,100.0,39.08,23.3677
1,14,0.0017,-0.0004,100.0,518.67,642.23,1583.16,1402.88,14.62,21.61,554.66,2388.03,9045.3,1.3,47.24,521.95,2388.06,8130.3,8.4293,0.03,392,2388,100.0,39.03,23.4572
1,15,-0.0003,-0.0003,100.0,518.67,642.5,1584.81,1398.79,14.62,21.61,554.15,2388.0,9052.59,1.3,47.35,521.38,2388.0,8133.62,8.4163,0.03,392,2388,100.0,39.04,23.3672
1,16,-0.0018,0.0003,100.0,518.67,642.32,1584.51,1407.76,14.62,21.61,553.82,2388.1,9041.94,1.3,47.39,522.16,2388.1,8133.83,8.43,0.03,390,2388,100.0,38.87,23.3484
1,17,0.0014,0.0002,100.0,518.67,642.19,1582.7,1404.12,14.62,21.61,554.42,2388.06,9045.85,1.3,47.27,522.09,2388.02,8126.78,8.4577,0.03,391,2388,100.0,39.09,23.3409
1,18,0.0035,0.0001,100.0,518.67,642.59,1586.53,1403.69,14.62,21.61,553.5,2388.04,9048.12,1.3,47.44,522.14,2388.06,8133.22,8.4323,0.03,391,2388,100.0,38.96,23.4481
1,19,0.0029,0.0001,100.0,518.67,642.43,1585.58,1402.3,14.62,21.61,553.87,2388.01,9046.9,1.3,47.25,522.06,2388.01,8129.31,8.3892,0.03,391,2388,100.0,39.06,23.3809
1,20,0.0011,-0.0001,100.0,518.67,642.61,1587.78,1400.7,14.62,21.61,554.31,2388.05,9041.12,1.3,47.46,522.28,2388.05,8128.59,8.4099,0.03,392,2388,100.0,39.0,23.3325
1,21,0.0038,-0.0002,100.0,518.67,642.7,1583.3,1399.2,14.62,21.61,554.42,2388.05,9053.73,1.3,47.36,522.05,2388.11,8126.86,8.4174,0.03,392,2388,100.0,38.96,23.4025
1,22,0.0012,0.0001,100.0,518.67,642.45,1582.78,1404.06,14.62,21.61,553.43,2388.0,9046.45,1.3,47.26,521.41,2388.04,8128.89,8.4557,0.03,392,2388,100.0,38.94,23.377
1,23,0.0009,-0.0,100.0,518.67,642.12,1587.51,1395.09,14.62,21.61,555.07,2388.04,9052.06,1.3,47.19,522.0,2388.06,8130.97,8.4116,0.03,393,2388,100.0,39.1,23.3186
1,24,-0.0006,-0.0001,100.0,518.67,642.32,1594.29,1400.15,14.62,21.61,553.27,2388.07,9043.32,1.3,47.29,522.06,2388.12,8130.7,8.4074,0.03,393,2388,100.0,38.94,23.3971
1,25,0.0028,-0.0003,100.0,518.67,642.25,1582.43,1400.23,14.62,21.61,553.76,2388.11,9043.8,1.3,47.37,522.26,2388.08,8128.65,8.4007,0.03,393,2388,100.0,38.96,23.3785
1,26,0.0047,-0.0005,100.0,518.67,642.48,1583.28,1408.07,14.62,21.61,554.59,2388.08,9053.43,1.3,47.33,521.95,2388.07,8129.12,8.3949,0.03,391,2388,100.0,38.77,23.3557
1,27,-0.0007,0.0001,100.0,518.67,642.08,1586.65,1400.31,14.62,21.61,554.35,2388.09,9046.1,1.3,47.34,521.82,2388.02,8127.24,8.4494,0.03,392,2388,100.0,38.87,23.3931
1,28,0.0022,0.0005,100.0,518.67,641.93,1594.25,1401.29,14.62,21.61,553.56,2388.07,9055.56,1.3,47.05,521.84,2388.07,8134.89,8.447,0.03,392,2388,100.0,38.83,23.3502
1,29,0.0014,0.0001,100.0,518.67,641.95,1587.15,1398.11,14.62,21.61,554.15,2388.08,9046.11,1.3,47.42,522.39,2388.07,8133.13,8.4212,0.03,392,2388,100.0,39.02,23.3621
1,30,-0.0025,0.0004,100.0,518.67,642.79,1585.72,1400.97,14.62,21.61,554.1,2388.09,9047.45,1.3,47.4,521.78,2388.1,8134.79,8.411,0.03,391,2388,100.0,39.09,23.4069
1,31,-0.0006,0.0004,100.0,518.67,642.58,1581.22,1398.91,14.62,21.61,554.42,2388.08,9056.4,1.3,47.23,521.79,2388.06,8130.11,8.4024,0.03,393,2388,100.0,38.81,23.3552
2,1,-0.0009,0.0004,100.0,518.67,642.66,1589.3,1407.16,14.62,21.61,553.14,2388.1,9040.2,1.3,47.43,521.62,2388.14,8129.59,8.4283,0.03,392,2388,100.0,39.0,23.3923
2,2,-0.0011,0.0002,100.0,518.67,642.51,1588.43,1405.47,14.62,21.61,553.53,2388.07,9053.77,1.3,47.45,522.02,2388.08,8120.05,8.4414,0.03,393,2388,100.0,38.84,23.2902
2,3,0.0002,0.0003,100.0,518.67,642.58,1595.6,1410.86,14.62,21.61,553.34,2388.13,9036.57,1.3,47.45,521.29,2388.08,8126.75,8.3804,0.03,394,2388,100.0,39.02,23.4064
2,4,0.0025,0.0001,100.0,518.67,642.31,1583.43,1408.23,14.62,21.61,554.15,2388.14,9047.06,1.3,47.42,521.57,2388.06,8129.91,8.4342,0.03,393,2388,100.0,38.82,23.4699
2,5,0.0004,-0.0004,100.0,518.67,642.77,1585.03,1407.6,14.62,21.61,553.98,2388.13,9043.96,1.3,47.47,521.59,2388.11,8127.01,8.4247,0.03,392,2388,100.0,38.81,23.3895
2,6,-0.0008,-0.0003,100.0,518.67,642.5,1579.87,1402.27,14.62,21.61,553.79,2388.11,9042.51,1.3,47.6,521.8,2388.06,8128.82,8.4182,0.03,392,2388,100.0,38.78,23.2688
2,7,0.0019,0.0,100.0,518.67,642.63,1594.28,1405.38,14.62,21.61,553.56,2388.14,9050.22,1.3,47.52,520.97,2388.07,8127.07,8.4113,0.03,393,2388,100.0,38.75,23.5222
2,8,0.0015,0.0003,100.0,518.67,642.61,1583.23,1404.58,14.62,21.61,553.16,2388.07,9050.66,1.3,47.41,521.72,2388.15,8134.66,8.443,0.03,391,2388,100.0,38.79,23.224
2,9,-0.0022,0.0003,100.0,518.67,642.28,1588.74,1407.54,14.62,21.61,553.25,2388.09,9051.36,1.3,47.47,521.48,2388.08,8131.51,8.4459,0.03,392,2388,100.0,38.71,23.273
2,10,0.0021,0.0004,100.0,518.67,642.53,1590.87,1406.04,14.62,21.61,553.45,2388.12,9053.96,1.3,47.47,521.09,2388.1,8123.71,8.4211,0.03,392,2388,100.0,38.92,23.3399
2,11,-0.001,0.0,100.0,518.67,642.57,1594.61,1407.53,14.62,21.61,553.65,2388.08,9044.28,1.3,47.37,521.25,2388.12,8124.59,8.3784,0.03,392,2388,100.0,38.81,23.3423
2,12,0.0022,-0.0001,100.0,518.67,642.7,1599.04,1412.05,14.62,21.61,553.66,2388.12,9051.27,1.3,47.64,521.43,2388.08,8130.06,8.3877,0.03,392,2388,100.0,38.79,23.2849
2,13,0.0034,0.0001,100.0,518.67,642.35,1583.94,1402.56,14.62,21.61,553.64,2388.13,9044.51,1.3,47.39,521.3,2388.1,8128.62,8.4313,0.03,393,2388,100.0,38.9,23.3169
2,14,-0.0013,0.0,100.0,518.67,642.46,1589.62,1402.63,14.62,21.61,552.55,2388.17,9047.88,1.3,47.53,522.15,2388.04,8127.22,8.4346,0.03,393,2388,100.0,38.93,23.3479
2,15,-0.0009,0.0,100.0,518.67,642.33,1582.15,1398.72,14.62,21.61,553.47,2388.1,9042.9,1.3,47.65,521.55,2388.15,8124.9,8.429,0.03,394,2388,100.0,38.87,23.393
2,16,0.0018,-0.0002,100.0,518.67,642.54,1588.49,1401.46,14.62,21.61,554.01,2388.15,9046.42,1.3,47.32,521.59,2388.12,8128.06,8.4817,0.03,393,2388,100.0,38.86,23.361
2,17,-0.0012,0.0005,100.0,518.67,641.91,1583.24,1408.27,14.62,21.61,554.54,2388.05,9047.39,1.3,47.53,521.39,2388.07,8132.92,8.4357,0.03,392,2388,100.0,38.71,23.2601
2,18,0.0005,0.0001,100.0,518.67,642.45,1596.19,1403.2,14.62,21.61,553.64,2388.12,9049.76,1.3,47.3,521.52,2388.09,8127.02,8.4451,0.03,392,2388,100.0,38.83,23.2268
2,19,0.0005,-0.0,100.0,518.67,642.37,1595.07,1405.63,14.62,21.61,553.73,2388.14,9041.39,1.3,47.4,521.87,2388.08,8130.19,8.4992,0.03,392,2388,100.0,38.77,23.3142
2,20,0.0039,0.0004,100.0,518.67,642.72,1589.15,1400.69,14.62,21.61,553.51,2388.12,9048.61,1.3,47.55,521.43,2388.15,8129.88,8.4578,0.03,393,2388,100.0,38.77,23.2495
2,21,-0.0038,-0.0003,100.0,518.67,642.32,1590.72,1402.4,14.62,21.61,553.3,2388.08,9047.49,1.3,47.62,521.44,2388.12,8134.08,8.4513,0.03,394,2388,100.0,38.89,23.3836
2,22,0.0005,0.0003,100.0,518.67,642.44,1585.48,1412.69,14.62,21.61,554.22,2388.05,9052.75,1.3,47.54,522.09,2388.09,8126.33,8.4271,0.03,393,2388,100.0,38.88,23.2475
2,23,-0.0003,0.0003,100.0,518.67,642.69,1591.13,1407.82,14.62,21.61,553.75,2388.15,9048.31,1.3,47.33,522.12,2388.11,8126.07,8.4435,0.03,393,2388,100.0,39.01,23.3193
2,24,0.001,-0.0004,100.0,518.67,643.17,1590.83,1408.84,14.62,21.61,553.43,2388.1,9054.48,1.3,47.45,521.66,2388.11,8137.07,8.4307,0.03,392,2388,100.0,39.03,23.2738
2,25,0.0014,-0.0004,100.0,518.67,643.33,1590.17,1404.7,14.62,21.61,553.24,2388.04,9052.54,1.3,47.52,521.62,2388.12,8133.08,8.4306,0.03,392,2388,100.0,38.86,23.3787
2,26,0.0012,0.0001,100.0,518.67,642.51,1587.04,1408.29,14.62,21.61,552.7,2388.16,9054.46,1.3,47.46,520.62,2388.1,8129.67,8.4081,0.03,392,2388,100.0,38.93,23.2403
2,27,-0.0009,0.0004,100.0,518.67,642.54,1596.98,1408.7,14.62,21.61,553.3,2388.16,9052.56,1.3,47.53,521.63,2388.11,8127.87,8.4669,0.03,393,2388,100.0,38.82,23.2959
2,28,-0.0008,-0.0,100.0,518.67,642.16,1592.33,1404.59,14.62,21.61,553.75,2388.12,9044.3,1.3,47.47,521.19,2388.08,8129.68,8.4276,0.03,393,2388,100.0,38.76,23.357
2,29,-0.0015,-0.0004,100.0,518.67,642.43,1581.85,1401.94,14.62,21.61,553.82,2388.1,9048.68,1.3,47.37,521.15,2388.12,8124.7,8.4347,0.03,394,2388,100.0,39.0,23.3035
2,30,0.0015,0.0004,100.0,518.67,642.75,1583.78,1409.97,14.62,21.61,553.58,2388.12,9043.57,1.3,47.49,521.74,2388.11,8132.58,8.4629,0.03,393,2388,100.0,38.93,23.3048
2,31,0.0003,0.0002,100.0,518.67,642.77,1591.32,1402.47,14.62,21.61,553.46,2388.11,9045.86,1.3,47.53,521.41,2388.13,8129.54,8.4312,0.03,394,2388,100.0,38.74,23.3065
2,32,0.0032,0.0002,100.0,518.67,642.78,1594.31,1416.93,14.62,21.61,553.78,2388.16,9055.9,1.3,47.51,521.48,2388.11,8129.92,8.4061,0.03,394,2388,100.0,38.74,23.3139
2,33,-0.0006,-0.0003,100.0,518.67,642.53,1592.58,1405.06,14.62,21.61,553.85,2388.09,9048.95,1.3,47.49,521.41,2388.06,8127.13,8.4163,0.03,395,2388,100.0,39.02,23.3074
2,34,-0.0033,0.0001,100.0,518.67,642.43,1582.25,1409.15,14.62,21.61,554.02,2388.13,9048.31,1.3,47.54,521.87,2388.09,8126.81,8.4476,0.03,392,2388,100.0,38.97,23.2535
2,35,-0.0033,-0.0001,100.0,518.67,642.89,1597.36,1402.02,14.62,21.61,553.64,2388.09,9048.35,1.3,47.42,521.99,2388.14,8124.1,8.4593,0.03,393,2388,100.0,38.87,23.3074
2,36,-0.0017,0.0001,100.0,518.67,642.23,1584.89,1407.87,14.62,21.61,553.22,2388.12,9050.91,1.3,47.48,521.46,2388.12,8131.65,8.4211,0.03,393,2388,100.0,38.84,23.2243
2,37,0.0004,-0.0001,100.0,518.67,643.2,1581.9,1404.83,14.62,21.61,553.61,2388.11,9047.66,1.3,47.19,521.74,2388.16,8135.15,8.4178,0.03,393,2388,100.0,39.02,23.288
2,38,-0.0029,-0.0001,100.0,518.67,642.62,1588.47,1401.81,14.62,21.61,553.29,2388.1,9048.89,1.3,47.5,521.35,2388.12,8127.19,8.4541,0.03,393,2388,100.0,38.81,23.3641
2,39,0.0002,0.0004,100.0,518.67,642.98,1591.62,1405.46,14.62,21.61,553.49,2388.1,9049.71,1.3,47.58,521.75,2388.13,8128.53,8.4363,0.03,394,2388,100.0,38.67,23.3072
2,40,0.0023,0.0003,100.0,518.67,642.65,1590.33,1407.82,14.62,21.61,553.68,2388.16,9051.07,1.3,47.47,521.91,2388.12,8127.59,8.419,0.03,393,2388,100.0,38.74,23.3693
2,41,-0.0001,-0.0002,100.0,518.67,642.78,1595.98,1405.79,14.62,21.61,553.44,2388.08,9042.03,1.3,47.44,521.47,2388.1,8125.49,8.4247,0.03,393,2388,100.0,38.82,23.3411
2,42,-0.0039,-0.0002,100.0,518.67,642.74,1586.43,1409.1,14.62,21.61,553.91,2388.09,9045.09,1.3,47.45,521.51,2388.14,8126.66,8.4788,0.03,393,2388,100.0,38.88,23.2196
2,43,0.0014,0.0001,100.0,518.67,642.82,1588.4,1405.06,14.62,21.61,553.01,2388.11,9050.32,1.3,47.55,521.31,2388.15,8125.56,8.4927,0.03,392,2388,100.0,38.73,23.2775
2,44,-0.0023,0.0003,100.0,518.67,642.77,1591.75,1411.05,14.62,21.61,553.62,2388.12,9049.84,1.3,47.65,520.96,2388.13,8132.18,8.4366,0.03,392,2388,100.0,38.79,23.3533
2,45,-0.0029,0.0,100.0,518.67,642.48,1590.52,1406.2,14.62,21.61,553.85,2388.09,9045.99,1.3,47.5,521.65,2388.1,8128.22,8.4467,0.03,392,2388,100.0,38.95,23.2906
2,46,0.0026,-0.0002,100.0,518.67,642.84,1589.31,1401.67,14.62,21.61,553.83,2388.11,9045.35,1.3,47.42,521.04,2388.1,8128.82,8.4455,0.03,394,2388,100.0,38.88,23.231
2,47,-0.0029,-0.0004,100.0,518.67,642.85,1587.58,1403.23,14.62,21.61,554.24,2388.06,9052.32,1.3,47.5,522.23,2388.11,8128.77,8.4221,0.03,392,2388,100.0,38.88,23.2965
2,48,0.0011,-0.0001,100.0,518.67,642.64,1587.71,1411.96,14.62,21.61,553.3,2388.18,9046.73,1.3,47.44,521.32,2388.11,8125.65,8.4465,0.03,392,2388,100.0,38.99,23.2918
2,49,0.0018,-0.0001,100.0,518.67,642.55,1586.59,1410.83,14.62,21.61,553.52,2388.1,9044.77,1.3,47.67,521.74,2388.09,8126.9,8.4505,0.03,391,2388,100.0,38.81,23.2618
5,1,0.0024,-0.0004,100.0,518.67,642.43,1590.79,1402.02,14.62,21.61,553.5,2388.07,9051.54,1.3,47.37,522.2,2388.07,8130.9,8.4426,0.03,394,2388,100.0,39.04,23.3916
5,2,0.0011,0.0002,100.0,518.67,642.85,1581.46,1409.7,14.62,21.61,553.44,2388.06,9051.9,1.3,47.54,521.63,2388.11,8128.71,8.4429,0.03,393,2388,100.0,38.87,23.3181
5,3,0.0056,-0.0,100.0,518.67,642.88,1586.05,1407.64,14.62,21.61,553.51,2388.06,9057.29,1.3,47.27,521.8,2388.11,8132.02,8.4657,0.03,393,2388,100.0,39.02,23.3529
5,4,-0.001,0.0003,100.0,518.67,642.79,1585.93,1403.47,14.62,21.61,553.93,2388.15,9048.64,1.3,47.43,521.8,2388.09,8130.1,8.4147,0.03,392,2388,100.0,38.98,23.3574
5,5,0.0044,0.0002,100.0,518.67,642.66,1583.4,1407.29,14.62,21.61,553.83,2388.12,9053.72,1.3,47.48,521.94,2388.01,8132.74,8.4201,0.03,392,2388,100.0,38.96,23.3705
5,6,0.0018,0.0003,100.0,518.67,642.72,1581.43,1410.88,14.62,21.61,552.84,2388.05,9048.96,1.3,47.49,521.33,2388.07,8130.32,8.4301,0.03,392,2388,100.0,38.82,23.327
5,7,0.0061,0.0004,100.0,518.67,642.44,1592.72,1406.89,14.62,21.61,553.39,2388.1,9048.84,1.3,47.5,521.3,2388.17,8133.31,8.4494,0.03,393,2388,100.0,38.95,23.3256
5,8,-0.0009,0.0002,100.0,518.67,643.14,1590.58,1403.19,14.62,21.61,553.86,2388.09,9058.21,1.3,47.48,521.46,2388.11,8131.46,8.4504,0.03,393,2388,100.0,38.85,23.2731
5,9,0.0024,-0.0002,100.0,518.67,642.5,1586.98,1409.36,14.62,21.61,553.83,2388.12,9053.72,1.3,47.41,521.29,2388.09,8139.72,8.4558,0.03,394,2388,100.0,38.91,23.292
5,10,-0.0009,-0.0002,100.0,518.67,643.17,1595.37,1409.32,14.62,21.61,553.16,2388.11,9057.49,1.3,47.61,521.31,2388.11,8138.55,8.4885,0.03,392,2388,100.0,38.95,23.2847
5,11,0.0015,-0.0003,100.0,518.67,643.23,1583.73,1410.89,14.62,21.61,553.24,2388.08,9046.78,1.3,47.64,521.53,2388.1,8127.61,8.3709,0.03,393,2388,100.0,38.87,23.3555
5,12,0.0003,0.0004,100.0,518.67,642.25,1592.65,1407.6,14.62,21.61,553.16,2388.06,9052.91,1.3,47.27,521.61,2388.07,8130.29,8.424,0.03,393,2388,100.0,38.95,23.4622
5,13,-0.0007,-0.0001,100.0,518.67,643.22,1586.89,1399.86,14.62,21.61,554.02,2388.1,9054.08,1.3,47.44,521.82,2388.1,8135.38,8.4294,0.03,392,2388,100.0,38.96,23.2477
5,14,-0.0007,-0.0005,100.0,518.67,643.13,1589.04,1410.28,14.62,21.61,553.25,2388.07,9046.39,1.3,47.38,521.58,2388.13,8134.11,8.4424,0.03,393,2388,100.0,38.73,23.3127
5,15,0.0027,0.0001,100.0,518.67,642.28,1591.4,1408.02,14.62,21.61,553.27,2388.13,9051.92,1.3,47.57,521.61,2388.07,8132.85,8.4301,0.03,392,2388,100.0,38.82,23.3055
5,16,0.0023,-0.0001,100.0,518.67,642.31,1585.55,1403.05,14.62,21.61,553.51,2388.05,9048.62,1.3,47.39,521.75,2388.06,8137.62,8.4232,0.03,392,2388,100.0,38.86,23.3291
5,17,-0.0005,0.0,100.0,518.67,642.75,1592.26,1404.67,14.62,21.61,554.12,2388.04,9053.03,1.3,47.38,521.74,2388.06,8128.43,8.4262,0.03,393,2388,100.0,38.77,23.3405
5,18,-0.0005,0.0002,100.0,518.67,642.51,1587.0,1407.73,14.62,21.61,553.79,2388.09,9058.3,1.3,47.57,521.79,2388.06,8133.28,8.4128,0.03,394,2388,100.0,38.85,23.2293
5,19,-0.0011,0.0002,100.0,518.67,642.51,1583.57,1406.58,14.62,21.61,553.73,2388.12,9054.33,1.3,47.57,521.58,2388.05,8132.54,8.4401,0.03,394,2388,100.0,39.01,23.3721
5,20,0.0001,0.0002,100.0,518.67,642.3,1584.55,1407.78,14.62,21.61,553.31,2388.08,9059.02,1.3,47.47,521.74,2388.12,8132.59,8.4356,0.03,394,2388,100.0,38.82,23.3218
5,21,0.0003,0.0004,100.0,518.67,642.31,1587.95,1400.07,14.62,21.61,553.74,2388.11,9052.97,1.3,47.45,521.72,2388.1,8129.49,8.4239,0.03,391,2388,100.0,38.87,23.4223
5,22,-0.0002,0.0005,100.0,518.67,642.76,1589.88,1405.88,14.62,21.61,553.48,2388.1,9052.47,1.3,47.43,521.89,2388.11,8132.98,8.4145,0.03,393,2388,100.0,38.79,23.3199
5,23,0.0004,-0.0001,100.0,518.67,642.69,1588.12,1413.32,14.62,21.61,553.61,2388.09,9050.0,1.3,47.64,521.39,2388.05,8130.61,8.4518,0.03,393,2388,100.0,38.77,23.258
5,24,-0.0038,-0.0002,100.0,518.67,641.98,1590.1,1408.43,14.62,21.61,553.34,2388.08,9052.17,1.3,47.29,521.38,2388.05,8136.78,8.4216,0.03,393,2388,100.0,38.9,23.2971
5,25,0.0038,0.0002,100.0,518.67,642.78,1586.13,1403.27,14.62,21.61,553.9,2388.07,9052.65,1.3,47.54,521.49,2388.03,8133.15,8.4255,0.03,392,2388,100.0,38.83,23.3108
5,26,-0.002,0.0001,100.0,518.67,642.23,1592.16,1413.16,14.62,21.61,554.06,2388.09,9050.9,1.3,47.57,521.76,2388.07,8130.12,8.4169,0.03,393,2388,100.0,38.87,23.2842
5,27,-0.0007,-0.0002,100.0,518.67,642.76,1589.0,1403.47,14.62,21.61,552.67,2388.08,9047.16,1.3,47.46,522.1,2388.06,8136.43,8.4159,0.03,392,2388,100.0,38.9,23.3396
5,28,0.0002,-0.0,100.0,518.67,643.35,1585.36,1410.46,14.62,21.61,553.38,2388.08,9043.36,1.3,47.51,521.45,2388.03,8134.9,8.432,0.03,392,2388,100.0,38.85,23.1894
5,29,-0.0016,-0.0005,100.0,518.67,641.82,1591.3,1402.13,14.62,21.61,553.52,2388.13,9052.3,1.3,47.56,521.56,2388.14,8137.14,8.4471,0.03,392,2388,100.0,38.92,23.3196
5,30,-0.0006,-0.0004,100.0,518.67,642.89,1587.2,1408.61,14.62,21.61,554.38,2388.09,9048.85,1.3,47.54,521.45,2388.13,8131.09,8.4378,0.03,393,2388,100.0,38.83,23.3776
5,31,-0.0006,0.0004,100.0,518.67,642.28,1595.01,1408.24,14.62,21.61,553.88,2388.12,9050.22,1.3,47.29,521.79,2388.1,8135.95,8.4145,0.03,392,2388,100.0,38.81,23.3769
5,32,0.0042,0.0003,100.0,518.67,642.47,1593.09,1407.21,14.62,21.61,553.78,2388.06,9047.49,1.3,47.38,521.25,2388.07,8135.32,8.4236,0.03,392,2388,100.0,38.92,23.3328
5,33,0.0026,-0.0002,100.0,518.67,642.58,1598.76,1402.82,14.62,21.61,554.24,2388.05,9056.42,1.3,47.58,521.73,2388.14,8140.87,8.4315,0.03,392,2388,100.0,38.85,23.2665
5,34,-0.001,-0.0004,100.0,518.67,642.71,1589.95,1408.65,14.62,21.61,553.65,2388.1,9054.23,1.3,47.41,521.94,2388.1,8131.06,8.3973,0.03,392,2388,100.0,38.75,23.3684
5,35,-0.0008,0.0,100.0,518.67,643.2,1586.45,1406.95,14.62,21.61,553.84,2388.12,9048.2,1.3,47.47,521.48,2388.1,8136.05,8.4583,0.03,392,2388,100.0,38.85,23.2956
5,36,-0.0044,-0.0004,100.0,518.67,642.31,1586.78,1406.1,14.62,21.61,552.81,2388.13,9050.84,1.3,47.53,522.1,2388.13,8131.04,8.4109,0.03,394,2388,100.0,38.87,23.3829
5,37,0.0026,-0.0002,100.0,518.67,642.33,1588.21,1408.39,14.62,21.61,553.27,2388.14,9057.65,1.3,47.54,521.35,2388.1,8129.79,8.4637,0.03,393,2388,100.0,38.77,23.2326
5,38,0.0007,-0.0002,100.0,518.67,641.97,1592.87,1407.46,14.62,21.61,553.36,2388.09,9051.75,1.3,47.47,521.13,2388.06,8135.49,8.4354,0.03,395,2388,100.0,38.82,23.3676
5,39,-0.0005,-0.0003,100.0,518.67,642.51,1590.86,1408.87,14.62,21.61,553.82,2388.05,9048.05,1.3,47.33,521.22,2388.12,8133.59,8.4282,0.03,394,2388,100.0,38.77,23.2835
5,40,-0.0002,-0.0002,100.0,518.67,642.87,1590.26,1410.03,14.62,21.61,553.11,2388.15,9056.62,1.3,47.35,521.87,2388.16,8131.9,8.4385,0.03,394,2388,100.0,38.81,23.2415
5,41,-0.0043,-0.0002,100.0,518.67,642.75,1591.26,1410.14,14.62,21.61,552.87,2388.14,9050.45,1.3,47.49,521.93,2388.06,8129.93,8.4413,0.03,392,2388,100.0,38.65,23.3074
5,42,-0.0027,0.0003,100.0,518.67,643.06,1586.0,1406.52,14.62,21.61,553.83,2388.11,9053.5,1.3,47.7,521.58,2388.17,8133.49,8.4256,0.03,394,2388,100.0,38.66,23.1971
5,43,-0.0008,-0.0002,100.0,518.67,642.99,1593.83,1409.29,14.62,21.61,553.87,2388.03,9049.71,1.3,47.52,521.4,2388.09,8131.86,8.398,0.03,393,2388,100.0,38.88,23.2903
5,44,-0.0013,-0.0005,100.0,518.67,642.66,1591.0,1407.6,14.62,21.61,553.01,2388.11,9055.38,1.3,47.53,521.49,2388.12,8134.6,8.4526,0.03,393,2388,100.0,38.72,23.3342
5,45,0.0042,-0.0002,100.0,518.67,642.45,1592.06,1396.4,14.62,21.61,552.98,2388.09,9054.62,1.3,47.52,522.05,2388.07,8131.65,8.3951,0.03,391,2388,100.0,38.79,23.1943
5,46,0.0012,-0.0003,100.0,518.67,642.79,1588.79,1404.52,14.62,21.61,553.09,2388.09,9053.08,1.3,47.44,521.7,2388.08,8133.22,8.3975,0.03,393,2388,100.0,38.67,23.2348
5,47,-0.0004,-0.0002,100.0,518.67,642.74,1589.16,1411.95,14.62,21.61,553.59,2388.11,9054.31,1.3,47.67,521.34,2388.05,8131.34,8.4344,0.03,393,2388,100.0,38.82,23.286
5,48,0.0009,-0.0001,100.0,518.67,643.18,1592.54,1402.93,14.62,21.61,553.79,2388.12,9055.95,1.3,47.58,521.88,2388.11,8135.44,8.4455,0.03,392,2388,100.0,38.91,23.275
5,49,0.0041,-0.0003,100.0,518.67,642.21,1595.65,1411.68,14.62,21.61,553.54,2388.1,9050.94,1.3,47.51,521.61,2388.12,8135.15,8.4619,0.03,393,2388,100.0,38.83,23.3304
5,50,0.003,-0.0004,100.0,518.67,642.33,1591.74,1411.02,14.62,21.61,553.27,2388.1,9049.65,1.3,47.54,521.74,2388.1,8124.8,8.4556,0.03,392,2388,100.0,38.9,23.3874
5,51,-0.0011,-0.0,100.0,518.67,642.93,1589.56,1406.62,14.62,21.61,553.3,2388.13,9051.91,1.3,47.46,521.57,2388.11,8132.02,8.4547,0.03,392,2388,100.0,38.9,23.2899
5,52,0.002,0.0002,100.0,518.67,642.48,1587.6,1402.85,14.62,21.61,553.28,2388.12,9055.18,1.3,47.33,521.49,2388.11,8128.7,8.4377,0.03,393,2388,100.0,38.92,23.3024
5,53,0.0013,-0.0,100.0,518.67,642.25,1594.8,1407.66,14.62,21.61,553.49,2388.07,9055.09,1.3,47.54,521.5,2388.09,8131.33,8.4475,0.03,392,2388,100.0,38.78,23.2591
5,54,0.001,0.0001,100.0,518.67,642.57,1586.73,1403.87,14.62,21.61,553.19,2388.11,9052.16,1.3,47.32,521.74,2388.12,8130.17,8.4224,0.03,392,2388,100.0,38.78,23.2951
5,55,-0.0007,0.0004,100.0,518.67,643.0,1590.08,1407.59,14.62,21.61,553.15,2388.18,9049.17,1.3,47.59,521.44,2388.17,8129.85,8.4463,0.03,394,2388,100.0,38.96,23.1866
5,56,-0.0009,-0.0002,100.0,518.67,642.76,1584.71,1403.81,14.62,21.61,553.4,2388.08,9055.31,1.3,47.41,521.69,2388.12,8131.93,8.4274,0.03,394,2388,100.0,38.83,23.356
5,57,-0.002,-0.0003,100.0,518.67,642.25,1582.23,1412.64,14.62,21.61,553.58,2388.11,9056.5,1.3,47.33,521.66,2388.08,8130.76,8.4243,0.03,392,2388,100.0,38.84,23.3502
5,58,0.0002,0.0,100.0,518.67,642.63,1588.24,1410.65,14.62,21.61,553.44,2388.11,9052.23,1.3,47.47,521.41,2388.1,8134.02,8.4557,0.03,393,2388,100.0,38.71,23.2976
5,59,0.0015,-0.0004,100.0,518.67,642.64,1594.93,1401.54,14.62,21.61,554.22,2388.16,9055.15,1.3,47.57,520.91,2388.08,8132.72,8.4174,0.03,394,2388,100.0,39.03,23.3157
5,60,0.0014,-0.0004,100.0,518.67,642.9,1581.39,1403.83,14.62,21.61,553.57,2388.12,9053.87,1.3,47.5,521.77,2388.14,8136.75,8.4244,0.03,394,2388,100.0,39.01,23.2737
5,61,-0.0025,-0.0002,100.0,518.67,641.99,1577.71,1407.17,14.62,21.61,553.36,2388.13,9051.88,1.3,47.4,521.51,2388.11,8131.53,8.453,0.03,393,2388,100.0,38.84,23.2086
5,62,0.001,0.0001,100.0,518.67,642.79,1598.65,1411.5,14.62,21.61,552.96,2388.12,9054.42,1.3,47.61,521.33,2388.13,8133.67,8.4278,0.03,393,2388,100.0,38.98,23.308
5,63,-0.0024,-0.0001,100.0,518.67,642.34,1584.26,1409.25,14.62,21.61,554.47,2388.12,9056.58,1.3,47.39,521.16,2388.19,8127.74,8.4506,0.03,393,2388,100.0,38.83,23.2752
5,64,0.0012,-0.0003,100.0,518.67,643.0,1593.07,1409.28,14.62,21.61,553.44,2388.11,9054.4,1.3,47.57,521.4,2388.13,8132.83,8.4067,0.03,392,2388,100.0,38.72,23.2646
5,65,0.001,0.0005,100.0,518.67,642.58,1585.72,1404.07,14.62,21.61,553.34,2388.1,9053.18,1.3,47.49,521.59,2388.08,8127.28,8.4079,0.03,393,2388,100.0,38.81,23.3769
5,66,-0.0004,-0.0001,100.0,518.67,642.79,1595.7,1415.07,14.62,21.61,553.42,2388.08,9051.46,1.3,47.43,521.36,2388.12,8135.82,8.4331,0.03,392,2388,100.0,38.93,23.3222
5,67,-0.0048,0.0001,100.0,518.67,642.58,1586.59,1410.29,14.62,21.61,553.2,2388.1,9058.17,1.3,47.53,521.75,2388.06,8128.16,8.4509,0.03,394,2388,100.0,38.89,23.2904
5,68,-0.0017,-0.0002,100.0,518.67,642.9,1583.33,1413.17,14.62,21.61,553.86,2388.13,9053.78,1.3,47.6,521.08,2388.11,8131.52,8.432,0.03,394,2388,100.0,38.89,23.26
5,69,0.0023,-0.0004,100.0,518.67,642.58,1595.41,1408.83,14.62,21.61,553.09,2388.11,9051.23,1.3,47.52,521.71,2388.11,8127.3,8.4626,0.03,394,2388,100.0,38.74,23.2907
5,70,0.0014,-0.0003,100.0,518.67,642.41,1584.23,1402.19,14.62,21.61,553.26,2388.05,9051.3,1.3,47.75,521.78,2388.11,8133.68,8.4678,0.03,393,2388,100.0,38.74,23.2982
5,71,-0.0031,-0.0004,100.0,518.67,643.11,1587.4,1401.66,14.62,21.61,553.34,2388.19,9057.88,1.3,47.59,521.62,2388.12,8133.88,8.4428,0.03,394,2388,100.0,38.7,23.2186
5,72,-0.0016,0.0001,100.0,518.67,642.37,1589.65,1407.22,14.62,21.61,553.03,2388.12,9048.75,1.3,47.5,520.85,2388.12,8132.98,8.4189,0.03,393,2388,100.0,38.8,23.3263
5,73,-0.0039,0.0003,100.0,518.67,642.86,1596.15,1405.19,14.62,21.61,553.83,2388.09,9056.12,1.3,47.54,521.31,2388.06,8131.4,8.3881,0.03,392,2388,100.0,38.76,23.2825
5,74,-0.0001,-0.0,100.0,518.67,643.03,1591.81,1416.1,14.62,21.61,553.22,2388.16,9058.14,1.3,47.76,521.4,2388.15,8137.4,8.445,0.03,393,2388,100.0,38.7,23.3418
5,75,0.0008,-0.0004,100.0,518.67,642.68,1591.23,1412.91,14.62,21.61,553.4,2388.07,9054.03,1.3,47.6,521.69,2388.11,8127.1,8.4466,0.03,393,2388,100.0,38.88,23.3048
5,76,0.003,-0.0003,100.0,518.67,642.02,1587.58,1410.89,14.62,21.61,553.04,2388.12,9052.97,1.3,47.63,521.46,2388.11,8132.55,8.4374,0.03,393,2388,100.0,38.67,23.2667
5,77,-0.0007,0.0003,100.0,518.67,642.55,1586.27,1405.68,14.62,21.61,554.1,2388.18,9045.89,1.3,47.68,521.69,2388.13,8130.66,8.474,0.03,392,2388,100.0,38.89,23.3508
5,78,-0.0024,-0.0004,100.0,518.67,642.4,1588.24,1408.74,14.62,21.61,552.78,2388.09,9043.09,1.3,47.58,521.62,2388.14,8129.95,8.4237,0.03,392,2388,100.0,38.97,23.1936
5,79,0.0019,-0.0002,100.0,518.67,642.54,1592.13,1409.09,14.62,21.61,552.45,2388.12,9049.56,1.3,47.73,521.41,2388.09,8133.19,8.4206,0.03,394,2388,100.0,38.98,23.2934
5,80,0.0062,0.0001,100.0,518.67,642.75,1596.86,1403.07,14.62,21.61,553.42,2388.14,9050.38,1.3,47.47,522.17,2388.06,8131.35,8.4119,0.03,394,2388,100.0,38.85,23.2315
5,81,0.0002,0.0001,100.0,518.67,642.24,1586.6,1416.88,14.62,21.61,552.91,2388.14,9048.38,1.3,47.5,521.47,2388.12,8127.65,8.4414,0.03,392,2388,100.0,38.66,23.226
5,82,0.0001,-0.0002,100.0,518.67,642.75,1586.81,1407.28,14.62,21.61,553.58,2388.13,9058.6,1.3,47.58,521.37,2388.11,8129.8,8.45,0.03,392,2388,100.0,38.8,23.3433
5,83,0.0052,-0.0001,100.0,518.67,642.35,1594.76,1409.45,14.62,21.61,553.31,2388.12,9053.12,1.3,47.68,521.23,2388.1,8132.93,8.4361,0.03,392,2388,100.0,38.78,23.3046
5,84,-0.0001,-0.0001,100.0,518.67,642.3,1590.15,1411.01,14.62,21.61,553.8,2388.14,9056.89,1.3,47.41,521.1,2388.13,8130.25,8.4543,0.03,394,2388,100.0,38.88,23.1476
5,85,0.0014,-0.0005,100.0,518.67,642.34,1588.8,1413.99,14.62,21.61,554.04,2388.12,9056.48,1.3,47.57,521.43,2388.14,8136.31,8.4333,0.03,395,2388,100.0,38.95,23.2643
5,86,-0.0022,-0.0001,100.0,518.67,642.67,1596.15,1405.24,14.62,21.61,553.53,2388.08,9047.17,1.3,47.66,522.1,2388.09,8131.07,8.4029,0.03,392,2388,100.0,38.78,23.2923
5,87,-0.0005,0.0005,100.0,518.67,642.89,1596.18,1407.59,14.62,21.61,552.92,2388.13,9059.29,1.3,47.72,521.2,2388.16,8132.77,8.4878,0.03,394,2388,100.0,38.88,23.2643
5,88,0.0009,-0.0003,100.0,518.67,643.22,1588.13,1409.51,14.62,21.61,553.08,2388.08,9052.91,1.3,47.45,520.9,2388.12,8129.14,8.438,0.03,393,2388,100.0,38.75,23.2066
5,89,-0.0009,-0.0004,100.0,518.67,642.7,1592.55,1408.93,14.62,21.61,553.54,2388.1,9053.85,1.3,47.44,521.13,2388.09,8138.98,8.4675,0.03,393,2388,100.0,38.74,23.1726
5,90,-0.0016,-0.0004,100.0,518.67,642.6,1586.65,1414.15,14.62,21.61,553.9,2388.09,9051.08,1.3,47.5,521.26,2388.11,8133.43,8.458,0.03,395,2388,100.0,38.76,23.2247
5,91,0.0016,0.0,100.0,518.67,642.6,1593.15,1402.77,14.62,21.61,553.21,2388.13,9052.88,1.3,47.59,521.13,2388.06,8127.95,8.472,0.03,393,2388,100.0,38.64,23.2456
5,92,0.0016,0.0,100.0,518.67,642.94,1587.08,1408.19,14.62,21.61,553.9,2388.14,9044.76,1.3,47.52,521.48,2388.14,8130.84,8.462,0.03,393,2388,100.0,38.75,23.237
5,93,0.0022,-0.0002,100.0,518.67,642.87,1585.55,1405.57,14.62,21.61,553.96,2388.13,9049.76,1.3,47.6,520.84,2388.16,8128.25,8.4772,0.03,394,2388,100.0,38.8,23.2409
5,94,0.0016,0.0,100.0,518.67,642.91,1592.41,1406.52,14.62,21.61,553.41,2388.19,9054.39,1.3,47.41,521.14,2388.15,8128.34,8.4377,0.03,393,2388,100.0,38.87,23.1585
5,95,0.0024,0.0005,100.0,518.67,642.9,1589.97,1408.78,14.62,21.61,552.53,2388.1,9047.83,1.3,47.66,520.74,2388.15,8129.61,8.439,0.03,393,2388,100.0,38.9,23.3577
5,96,0.0012,-0.0002,100.0,518.67,642.71,1592.44,1409.13,14.62,21.61,553.68,2388.12,9054.14,1.3,47.75,520.98,2388.12,8129.47,8.4485,0.03,393,2388,100.0,38.85,23.2262
5,97,-0.0035,-0.0,100.0,518.67,642.72,1593.08,1415.19,14.62,21.61,552.88,2388.1,9056.3,1.3,47.4,521.45,2388.1,8130.83,8.4217,0.03,394,2388,100.0,38.68,23.3016
5,98,-0.0013,-0.0004,100.0,518.67,642.27,1589.94,1419.36,14.62,21.61,553.29,2388.1,9053.99,1.3,47.46,521.0,2388.15,8125.74,8.4362,0.03,394,2388,100.0,38.75,23.4117
6,1,-0.0009,-0.0001,100.0,518.67,642.06,1590.15,1408.02,14.62,21.61,553.87,2388.08,9055.18,1.3,47.35,521.23,2388.08,8126.75,8.4314,0.03,393,2388,100.0,38.9,23.3147
6,2,0.0031,-0.0002,100.0,518.67,642.74,1584.08,1413.33,14.62,21.61,553.53,2388.05,9056.76,1.3,47.35,521.24,2388.08,8131.25,8.4829,0.03,392,2388,100.0,38.7,23.3071
6,3,0.0023,-0.0001,100.0,518.67,642.48,1591.55,1407.27,14.62,21.61,553.69,2388.05,9050.68,1.3,47.35,522.22,2388.1,8129.61,8.4557,0.03,394,2388,100.0,38.92,23.3058
6,4,0.0033,-0.0004,100.0,518.67,642.15,1587.86,1406.12,14.62,21.61,553.61,2388.12,9053.92,1.3,47.37,521.7,2388.06,8137.89,8.427,0.03,394,2388,100.0,38.88,23.3084
6,5,0.0005,-0.0003,100.0,518.67,642.47,1591.8,1407.1,14.62,21.61,553.6,2388.08,9058.1,1.3,47.37,521.75,2388.11,8132.09,8.3875,0.03,389,2388,100.0,38.85,23.3685
6,6,-0.0025,0.0003,100.0,518.67,642.61,1590.11,1408.48,14.62,21.61,554.43,2388.1,9055.88,1.3,47.4,521.65,2388.04,8133.19,8.4337,0.03,390,2388,100.0,38.8,23.282
6,7,-0.0024,0.0001,100.0,518.67,642.87,1584.31,1399.97,14.62,21.61,553.67,2388.09,9055.37,1.3,47.62,521.66,2388.09,8134.64,8.4543,0.03,392,2388,100.0,38.92,23.3122
6,8,-0.0022,0.0003,100.0,518.67,642.28,1586.09,1408.93,14.62,21.61,553.73,2388.08,9051.39,1.3,47.41,521.24,2388.12,8134.08,8.3887,0.03,393,2388,100.0,38.8,23.3752
6,9,-0.0017,0.0004,100.0,518.67,642.43,1591.44,1409.82,14.62,21.61,553.53,2388.05,9044.87,1.3,47.47,521.68,2388.07,8133.53,8.4202,0.03,395,2388,100.0,38.85,23.3325
6,10,0.003,-0.0005,100.0,518.67,641.98,1588.22,1406.35,14.62,21.61,553.89,2388.12,9052.39,1.3,47.33,521.81,2388.14,8136.24,8.4266,0.03,392,2388,100.0,38.81,23.3621
6,11,-0.0024,-0.0004,100.0,518.67,643.43,1592.12,1409.24,14.62,21.61,553.68,2388.09,9052.57,1.3,47.4,522.17,2388.06,8138.05,8.439,0.03,392,2388,100.0,38.97,23.3675
6,12,0.0013,0.0001,100.0,518.67,642.75,1588.07,1409.32,14.62,21.61,553.14,2388.05,9056.88,1.3,47.72,521.21,2388.1,8132.7,8.4328,0.03,393,2388,100.0,38.98,23.3678
6,13,0.0001,0.0002,100.0,518.67,642.79,1583.43,1398.87,14.62,21.61,553.33,2388.1,9047.27,1.3,47.65,521.52,2388.06,8138.01,8.4275,0.03,393,2388,100.0,38.79,23.2779
6,14,0.0014,-0.0001,100.0,518.67,642.22,1587.32,1406.07,14.62,21.61,553.78,2388.14,9053.55,1.3,47.48,521.61,2388.1,8136.08,8.4424,0.03,394,2388,100.0,38.78,23.3083
6,15,0.003,0.0004,100.0,518.67,642.49,1592.32,1406.72,14.62,21.61,553.46,2388.13,9056.8,1.3,47.5,521.76,2388.07,8132.01,8.4421,0.03,392,2388,100.0,38.73,23.3599
6,16,-0.001,-0.0,100.0,518.67,642.73,1588.38,1413.98,14.62,21.61,553.78,2388.06,9047.99,1.3,47.46,521.65,2388.08,8133.74,8.4465,0.03,392,2388,100.0,38.72,23.3539
6,17,-0.0003,-0.0,100.0,518.67,642.56,1586.96,1399.33,14.62,21.61,554.31,2388.12,9059.26,1.3,47.37,521.4,2388.13,8134.1,8.4139,0.03,392,2388,100.0,38.98,23.3481
6,18,0.0015,0.0002,100.0,518.67,641.79,1591.12,1401.89,14.62,21.61,553.73,2388.06,9064.59,1.3,47.5,522.02,2388.03,8132.53,8.436,0.03,393,2388,100.0,39.1,23.3561
6,19,0.001,0.0003,100.0,518.67,642.79,1585.56,1405.83,14.62,21.61,553.66,2388.06,9049.0,1.3,47.61,521.89,2388.0,8134.42,8.4499,0.03,393,2388,100.0,38.85,23.3607
6,20,-0.0006,-0.0001,100.0,518.67,642.43,1594.53,1402.15,14.62,21.61,553.55,2388.11,9052.97,1.3,47.52,521.22,2388.09,8130.0,8.442,0.03,395,2388,100.0,38.83,23.3278
6,21,-0.0019,-0.0004,100.0,518.67,642.76,1585.4,1411.95,14.62,21.61,553.76,2388.11,9046.28,1.3,47.37,521.45,2388.08,8132.02,8.445,0.03,393,2388,100.0,38.89,23.2928
6,22,-0.0014,-0.0001,100.0,518.67,642.57,1589.93,1409.23,14.62,21.61,553.52,2388.09,9051.14,1.3,47.53,521.65,2388.03,8134.71,8.4154,0.03,394,2388,100.0,38.94,23.3473
6,23,-0.0023,0.0,100.0,518.67,642.28,1593.82,1410.48,14.62,21.61,553.28,2388.06,9050.38,1.3,47.41,521.64,2388.09,8138.91,8.4193,0.03,394,2388,100.0,38.9,23.4066
6,24,0.0012,0.0004,100.0,518.67,642.83,1589.33,1407.11,14.62,21.61,553.76,2388.06,9057.95,1.3,47.43,521.73,2388.1,8133.54,8.4233,0.03,392,2388,100.0,38.78,23.2919
6,25,0.0019,0.0003,100.0,518.67,642.03,1583.81,1403.7,14.62,21.61,553.44,2388.16,9056.21,1.3,47.49,521.19,2388.19,8134.19,8.4292,0.03,393,2388,100.0,38.98,23.2907
6,26,0.0007,0.0002,100.0,518.67,642.5,1593.87,1404.94,14.62,21.61,553.58,2388.09,9051.4,1.3,47.37,521.67,2388.09,8134.52,8.4243,0.03,391,2388,100.0,38.87,23.3926
6,27,-0.0028,-0.0001,100.0,518.67,643.15,1583.97,1404.43,14.62,21.61,552.76,2388.13,9053.1,1.3,47.38,521.61,2388.11,8135.91,8.4575,0.03,393,2388,100.0,38.95,23.3114
6,28,0.0002,-0.0005,100.0,518.67,643.16,1588.49,1404.82,14.62,21.61,553.49,2388.07,9051.09,1.3,47.35,521.91,2388.11,8133.0,8.444,0.03,394,2388,100.0,38.81,23.3402
6,29,-0.0016,0.0004,100.0,518.67,642.25,1591.59,1399.5,14.62,21.61,553.54,2388.12,9052.29,1.3,47.43,521.84,2388.08,8140.43,8.4147,0.03,392,2388,100.0,38.9,23.3381
6,30,-0.0007,0.0001,100.0,518.67,642.29,1599.65,1404.18,14.62,21.61,553.93,2388.1,9049.99,1.3,47.58,520.97,2388.11,8130.82,8.428,0.03,391,2388,100.0,38.84,23.4566
6,31,-0.0026,0.0002,100.0,518.67,642.76,1591.84,1407.47,14.62,21.61,553.09,2388.09,9052.16,1.3,47.61,521.66,2388.05,8136.27,8.4106,0.03,394,2388,100.0,38.94,23.3784
6,32,0.0004,-0.0001,100.0,518.67,642.58,1594.31,1412.26,14.62,21.61,553.93,2388.15,9046.99,1.3,47.56,521.74,2388.07,8128.06,8.4678,0.03,393,2388,100.0,38.7,23.3007
6,33,0.0007,0.0002,100.0,518.67,642.62,1584.88,1411.94,14.62,21.61,553.12,2388.12,9056.42,1.3,47.55,521.47,2388.13,8137.37,8.431,0.03,393,2388,100.0,38.86,23.3495
6,34,-0.0008,0.0002,100.0,518.67,642.83,1589.25,1407.82,14.62,21.61,554.57,2388.07,9051.4,1.3,47.33,521.57,2388.07,8132.43,8.4112,0.03,393,2388,100.0,38.83,23.2101
6,35,-0.0015,0.0003,100.0,518.67,643.1,1589.03,1406.63,14.62,21.61,553.97,2388.07,9051.53,1.3,47.41,521.56,2388.11,8135.45,8.4503,0.03,393,2388,100.0,38.92,23.3144
6,36,-0.0029,-0.0002,100.0,518.67,642.72,1585.69,1404.53,14.62,21.61,553.9,2388.08,9054.75,1.3,47.36,521.1,2388.1,8130.97,8.43,0.03,394,2388,100.0,38.86,23.3018
6,37,0.0023,0.0001,100.0,518.67,642.53,1594.55,1406.04,14.62,21.61,553.59,2388.07,9047.97,1.3,47.5,522.11,2388.1,8131.83,8.3991,0.03,392,2388,100.0,38.73,23.4281
6,38,0.0053,-0.0005,100.0,518.67,642.56,1592.53,1395.94,14.62,21.61,553.49,2388.06,9050.16,1.3,47.43,522.07,2388.06,8133.64,8.4398,0.03,392,2388,100.0,38.84,23.26
6,39,0.0006,0.0001,100.0,518.67,641.99,1592.82,1403.22,14.62,21.61,553.37,2388.09,9053.82,1.3,47.45,521.77,2388.03,8134.17,8.4324,0.03,394,2388,100.0,38.94,23.3601
6,40,0.001,0.0001,100.0,518.67,642.56,1586.88,1414.76,14.62,21.61,553.89,2388.1,9048.67,1.3,47.6,521.51,2388.09,8134.71,8.402,0.03,393,2388,100.0,38.79,23.2655
6,41,0.0052,0.0002,100.0,518.67,642.37,1589.09,1407.81,14.62,21.61,553.46,2388.12,9047.55,1.3,47.42,521.55,2388.1,8137.08,8.3876,0.03,393,2388,100.0,38.93,23.3789
6,42,0.0028,0.0003,100.0,518.67,642.5,1594.35,1405.83,14.62,21.61,553.44,2388.08,9057.05,1.3,47.51,521.39,2388.08,8138.81,8.4093,0.03,394,2388,100.0,39.0,23.3633
6,43,-0.0002,-0.0005,100.0,518.67,642.92,1584.08,1403.06,14.62,21.61,553.84,2388.15,9056.02,1.3,47.29,521.41,2388.06,8136.37,8.4137,0.03,394,2388,100.0,38.83,23.3823
6,44,0.0019,0.0005,100.0,518.67,642.89,1591.69,1409.01,14.62,21.61,553.01,2388.11,9054.51,1.3,47.63,520.9,2388.12,8135.05,8.4286,0.03,393,2388,100.0,38.84,23.2743
6,45,0.0019,0.0004,100.0,518.67,642.33,1583.65,1414.47,14.62,21.61,553.56,2388.11,9047.71,1.3,47.63,521.52,2388.1,8135.74,8.4572,0.03,392,2388,100.0,38.71,23.2132
6,46,0.0013,0.0004,100.0,518.67,642.18,1587.81,1406.96,14.62,21.61,553.32,2388.07,9048.46,1.3,47.44,521.42,2388.04,8136.76,8.4329,0.03,392,2388,100.0,38.9,23.3253
6,47,0.0015,-0.0004,100.0,518.67,642.3,1589.15,1403.87,14.62,21.61,553.37,2388.1,9054.85,1.3,47.33,521.38,2388.07,8133.58,8.4323,0.03,392,2388,100.0,38.78,23.3386
6,48,-0.0009,0.0001,100.0,518.67,642.89,1590.43,1402.82,14.62,21.61,554.24,2388.1,9046.93,1.3,47.24,521.5,2388.1,8137.91,8.4492,0.03,393,2388,100.0,38.75,23.3288
6,49,-0.0032,-0.0003,100.0,518.67,642.65,1592.88,1401.09,14.62,21.61,553.36,2388.08,9050.98,1.3,47.42,521.19,2388.07,8131.81,8.4288,0.03,391,2388,100.0,38.77,23.3354
6,50,-0.0016,0.0003,100.0,518.67,642.52,1588.87,1410.2,14.62,21.61,553.53,2388.08,9056.37,1.3,47.41,521.73,2388.11,8130.94,8.4187,0.03,393,2388,100.0,38.93,23.2673
6,51,0.0036,0.0001,100.0,518.67,642.66,1588.25,1406.42,14.62,21.61,553.39,2388.07,9045.46,1.3,47.28,521.16,2388.19,8135.17,8.4053,0.03,392,2388,100.0,38.96,23.3291
6,52,-0.001,0.0003,100.0,518.67,642.76,1595.71,1407.25,14.62,21.61,553.44,2388.14,9059.72,1.3,47.5,521.55,2388.07,8133.94,8.4176,0.03,394,2388,100.0,38.88,23.4306
6,53,-0.0017,0.0003,100.0,518.67,642.75,1587.64,1405.64,14.62,21.61,553.23,2388.11,9056.1,1.3,47.43,521.31,2388.06,8142.14,8.4371,0.03,391,2388,100.0,38.88,23.2871
6,54,0.0026,0.0,100.0,518.67,642.66,1592.32,1404.04,14.62,21.61,554.25,2388.09,9054.85,1.3,47.41,521.41,2388.11,8133.93,8.433,0.03,392,2388,100.0,39.01,23.3382
6,55,0.0017,-0.0005,100.0,518.67,643.36,1593.16,1406.02,14.62,21.61,553.16,2388.06,9061.87,1.3,47.43,521.47,2388.11,8133.45,8.411,0.03,393,2388,100.0,38.94,23.3205
6,56,-0.0049,-0.0001,100.0,518.67,642.73,1587.68,1410.7,14.62,21.61,554.04,2388.1,9051.63,1.3,47.33,521.52,2388.11,8137.25,8.443,0.03,392,2388,100.0,38.91,23.4267
6,57,0.0012,-0.0003,100.0,518.67,642.17,1586.87,1409.17,14.62,21.61,553.27,2388.11,9053.77,1.3,47.57,521.34,2388.14,8131.28,8.4421,0.03,393,2388,100.0,38.7,23.2429
6,58,0.0019,-0.0002,100.0,518.67,642.43,1588.6,1397.56,14.62,21.61,553.56,2388.08,9054.98,1.3,47.52,521.64,2388.09,8137.1,8.3716,0.03,392,2388,100.0,39.02,23.4188
6,59,0.0048,-0.0003,100.0,518.67,642.77,1583.04,1405.37,14.62,21.61,553.1,2388.08,9050.72,1.3,47.49,521.46,2388.06,8134.56,8.4492,0.03,392,2388,100.0,38.84,23.3518
6,60,-0.0021,-0.0001,100.0,518.67,643.15,1584.27,1412.24,14.62,21.61,553.59,2388.12,9064.22,1.3,47.35,521.61,2388.11,8132.9,8.4217,0.03,393,2388,100.0,38.98,23.2561
6,61,0.0012,0.0002,100.0,518.67,642.58,1585.26,1406.79,14.62,21.61,554.28,2388.13,9055.34,1.3,47.41,520.9,2388.09,8134.11,8.4067,0.03,393,2388,100.0,38.71,23.4149
6,62,-0.0007,0.0004,100.0,518.67,642.74,1591.45,1413.67,14.62,21.6,552.42,2388.11,9048.52,1.3,47.68,521.52,2388.13,8135.12,8.4162,0.03,392,2388,100.0,38.77,23.3285
6,63,-0.0014,0.0001,100.0,518.67,642.75,1586.78,1404.07,14.62,21.61,554.31,2388.11,9054.28,1.3,47.57,521.79,2388.05,8133.48,8.4393,0.03,393,2388,100.0,38.77,23.2991
6,64,-0.0027,0.0,100.0,518.67,642.49,1590.56,1411.15,14.62,21.61,553.13,2388.14,9049.91,1.3,47.62,521.36,2388.07,8132.66,8.4466,0.03,393,2388,100.0,38.8,23.3548
6,65,-0.0011,-0.0002,100.0,518.67,642.31,1591.51,1402.89,14.62,21.61,552.61,2388.12,9056.07,1.3,47.5,521.32,2388.13,8126.68,8.44,0.03,393,2388,100.0,38.79,23.2447
6,66,-0.0019,-0.0003,100.0,518.67,642.66,1589.54,1406.23,14.62,21.61,553.8,2388.09,9052.73,1.3,47.51,522.0,2388.1,8134.78,8.4641,0.03,393,2388,100.0,38.99,23.2831
6,67,-0.0015,0.0,100.0,518.67,642.72,1592.75,1409.08,14.62,21.61,553.15,2388.13,9053.85,1.3,47.37,521.58,2388.14,8132.22,8.4235,0.03,393,2388,100.0,38.8,23.3186
6,68,-0.0028,0.0002,100.0,518.67,642.25,1589.74,1409.74,14.62,21.61,553.57,2388.08,9052.38,1.3,47.53,521.11,2388.1,8134.16,8.3899,0.03,395,2388,100.0,38.91,23.3465
6,69,0.0012,0.0002,100.0,518.67,642.11,1596.54,1403.32,14.62,21.61,553.46,2388.1,9049.13,1.3,47.32,521.46,2388.12,8131.94,8.4747,0.03,394,2388,100.0,38.77,23.2765
6,70,-0.0004,0.0,100.0,518.67,642.38,1595.85,1404.97,14.62,21.61,553.39,2388.1,9054.51,1.3,47.43,521.16,2388.12,8133.71,8.4151,0.03,394,2388,100.0,38.87,23.2444
6,71,-0.0015,-0.0002,100.0,518.67,642.64,1590.06,1402.53,14.62,21.61,553.48,2388.12,9056.61,1.3,47.52,521.81,2388.13,8133.32,8.4604,0.03,394,2388,100.0,39.03,23.293
6,72,0.0029,-0.0001,100.0,518.67,642.68,1591.96,1410.35,14.62,21.61,553.74,2388.09,9055.3,1.3,47.43,521.13,2388.11,8131.19,8.4674,0.03,391,2388,100.0,38.74,23.4147
6,73,-0.0035,0.0004,100.0,518.67,642.4,1592.19,1406.37,14.62,21.61,554.19,2388.12,9053.28,1.3,47.59,521.66,2388.08,8132.74,8.4183,0.03,393,2388,100.0,38.98,23.3766
6,74,0.0031,0.0001,100.0,518.67,642.58,1592.87,1411.19,14.62,21.61,552.89,2388.06,9054.81,1.3,47.45,521.65,2388.11,8135.58,8.4471,0.03,393,2388,100.0,38.9,23.2455
6,75,-0.0015,-0.0004,100.0,518.67,642.62,1587.75,1412.69,14.62,21.61,553.66,2388.08,9052.93,1.3,47.43,521.48,2388.07,8132.11,8.4166,0.03,391,2388,100.0,39.0,23.3384
6,76,-0.0001,0.0004,100.0,518.67,643.02,1591.16,1413.66,14.62,21.61,552.75,2388.08,9051.73,1.3,47.47,521.37,2388.09,8135.07,8.4554,0.03,393,2388,100.0,38.73,23.3715
6,77,0.003,0.0001,100.0,518.67,642.04,1593.28,1410.19,14.62,21.61,553.57,2388.1,9061.54,1.3,47.33,521.41,2388.08,8139.13,8.4549,0.03,393,2388,100.0,38.84,23.3698
6,78,-0.0025,-0.0002,100.0,518.67,643.06,1584.38,1404.31,14.62,21.61,553.59,2388.06,9054.02,1.3,47.42,521.98,2388.12,8136.47,8.4452,0.03,393,2388,100.0,38.74,23.2229
6,79,0.002,0.0001,100.0,518.67,642.15,1590.83,1401.59,14.62,21.61,553.58,2388.09,9057.1,1.3,47.46,521.39,2388.1,8135.54,8.447,0.03,392,2388,100.0,38.81,23.3018
6,80,-0.0012,0.0002,100.0,518.67,642.93,1596.73,1418.48,14.62,21.61,554.11,2388.08,9053.69,1.3,47.58,521.24,2388.11,8134.51,8.4397,0.03,393,2388,100.0,38.8,23.2501
6,81,0.0046,0.0003,100.0,518.67,642.59,1577.57,1406.42,14.62,21.61,553.43,2388.09,9059.78,1.3,47.47,521.51,2388.09,8134.3,8.4234,0.03,393,2388,100.0,38.93,23.4005
6,82,-0.0034,0.0,100.0,518.67,642.88,1589.58,1404.85,14.62,21.61,552.75,2388.1,9058.71,1.3,47.42,522.03,2388.14,8134.67,8.4462,0.03,393,2388,100.0,38.85,23.2889
6,83,0.0017,-0.0003,100.0,518.67,642.94,1589.36,1412.88,14.62,21.61,553.4,2388.14,9051.94,1.3,47.47,521.12,2388.14,8131.06,8.3982,0.03,394,2388,100.0,38.92,23.3146
6,84,-0.0009,0.0004,100.0,518.67,642.62,1584.01,1408.34,14.62,21.61,553.82,2388.09,9046.97,1.3,47.39,521.36,2388.02,8139.12,8.4195,0.03,393,2388,100.0,38.77,23.272
6,85,-0.001,0.0003,100.0,518.67,642.68,1586.6,1410.68,14.62,21.61,553.17,2388.08,9054.19,1.3,47.63,521.45,2388.07,8136.56,8.4592,0.03,393,2388,100.0,38.74,23.2667
6,86,-0.0029,-0.0001,100.0,518.67,643.13,1591.13,1406.25,14.62,21.61,552.9,2388.15,9052.84,1.3,47.46,521.62,2388.07,8131.83,8.4542,0.03,394,2388,100.0,38.98,23.2862
6,87,-0.0026,0.0005,100.0,518.67,642.4,1586.38,1409.82,14.62,21.61,553.91,2388.07,9048.49,1.3,47.61,521.82,2388.11,8137.22,8.4533,0.03,394,2388,100.0,38.9,23.3472
6,88,0.0011,-0.0005,100.0,518.67,642.39,1592.67,1415.76,14.62,21.61,553.18,2388.12,9059.83,1.3,47.56,521.3,2388.07,8131.43,8.4262,0.03,393,2388,100.0,39.01,23.3342
6,89,-0.0005,0.0004,100.0,518.67,642.72,1591.77,1407.33,14.62,21.61,552.48,2388.1,9045.81,1.3,47.55,521.55,2388.14,8134.78,8.4325,0.03,394,2388,100.0,38.83,23.3085
6,90,-0.0013,0.0003,100.0,518.67,643.06,1589.5,1409.84,14.62,21.61,553.26,2388.11,9048.47,1.3,47.37,521.1,2388.12,8132.25,8.4021,0.03,392,2388,100.0,38.85,23.3435
6,91,0.0015,-0.0001,100.0,518.67,642.48,1586.62,1406.83,14.62,21.61,553.5,2388.08,9051.06,1.3,47.48,521.16,2388.12,8132.67,8.4388,0.03,393,2388,100.0,38.79,23.3466
6,92,-0.0022,-0.0005,100.0,518.67,642.67,1598.35,1409.61,14.62,21.61,553.55,2388.14,9052.48,1.3,47.59,521.46,2388.09,8128.9,8.4391,0.03,392,2388,100.0,38.82,23.249
6,93,0.0024,0.0001,100.0,518.67,642.74,1592.38,1411.24,14.62,21.61,553.65,2388.09,9048.85,1.3,47.6,521.44,2388.05,8130.7,8.4161,0.03,392,2388,100.0,38.71,23.4072
6,94,0.003,0.0005,100.0,518.67,642.41,1594.83,1408.5,14.62,21.61,552.8,2388.08,9053.16,1.3,47.37,521.72,2388.09,8132.83,8.4583,0.03,391,2388,100.0,38.89,23.3559
6,95,-0.001,0.0003,100.0,518.67,642.48,1583.08,1411.22,14.62,21.61,553.64,2388.11,9056.21,1.3,47.65,521.36,2388.16,8131.67,8.4128,0.03,394,2388,100.0,38.59,23.3604
6,96,0.0014,-0.0002,100.0,518.67,642.68,1592.1,1407.44,14.62,21.61,552.5,2388.12,9053.8,1.3,47.54,520.73,2388.13,8133.13,8.4092,0.03,395,2388,100.0,38.7,23.2917
6,97,0.0042,-0.0001,100.0,518.67,642.39,1585.14,1408.46,14.62,21.61,553.86,2388.09,9046.4,1.3,47.34,522.07,2388.14,8135.16,8.4458,0.03,393,2388,100.0,38.87,23.3253
6,98,-0.0048,0.0004,100.0,518.67,642.7,1593.11,1405.7,14.62,21.61,553.38,2388.13,9052.52,1.3,47.5,521.19,2388.13,8132.06,8.4475,0.03,394,2388,100.0,38.91,23.2664
6,99,0.0023,0.0003,100.0,518.67,642.54,1591.29,1406.24,14.62,21.61,553.27,2388.12,9048.72,1.3,47.42,521.39,2388.11,8132.17,8.4566,0.03,393,2388,100.0,38.93,23.2277
6,100,0.0002,-0.0005,100.0,518.67,642.8,1583.26,1413.5,14.62,21.61,553.09,2388.1,9048.83,1.3,47.6,521.17,2388.15,8132.47,8.4199,0.03,393,2388,100.0,38.9,23.2088
6,101,0.0028,-0.0004,100.0,518.67,643.01,1590.03,1405.53,14.62,21.61,553.37,2388.18,9051.11,1.3,47.57,521.32,2388.14,8134.57,8.4427,0.03,392,2388,100.0,38.76,23.2973
6,102,0.003,0.0,100.0,518.67,642.8,1591.53,1406.26,14.62,21.61,553.36,2388.14,9049.82,1.3,47.6,521.48,2388.1,8131.17,8.4443,0.03,393,2388,100.0,38.63,23.1901
6,103,0.0029,0.0001,100.0,518.67,642.0,1587.59,1405.06,14.62,21.61,553.1,2388.16,9052.97,1.3,47.43,521.5,2388.08,8127.58,8.4504,0.03,393,2388,100.0,38.62,23.2373
6,104,0.0003,-0.0002,100.0,518.67,642.07,1588.58,1408.88,14.62,21.61,552.89,2388.11,9052.58,1.3,47.47,521.05,2388.11,8131.35,8.4611,0.03,393,2388,100.0,38.95,23.3712
6,105,0.0076,-0.0003,100.0,518.67,643.05,1586.94,1404.49,14.62,21.61,553.73,2388.14,9055.83,1.3,47.51,521.56,2388.15,8139.02,8.4452,0.03,393,2388,100.0,38.91,23.3269
7,1,0.0018,0.0002,100.0,518.67,642.61,1587.18,1399.82,14.62,21.61,554.58,2387.96,9062.5,1.3,47.19,521.87,2388.03,8144.16,8.4147,0.03,391,2388,100.0,39.04,23.3756
7,2,-0.0004,0.0,100.0,518.67,642.09,1578.49,1400.3,14.62,21.61,554.06,2388.03,9059.66,1.3,47.22,522.48,2388.0,8138.54,8.3694,0.03,391,2388,100.0,39.19,23.4363
7,3,-0.0021,-0.0003,100.0,518.67,642.04,1577.27,1395.02,14.62,21.61,554.63,2388.02,9054.92,1.3,46.94,522.79,2388.02,8137.55,8.3914,0.03,393,2388,100.0,38.99,23.3413
7,4,-0.0029,-0.0001,100.0,518.67,642.12,1575.94,1403.27,14.62,21.61,555.16,2387.99,9050.36,1.3,47.35,522.2,2388.0,8133.38,8.3844,0.03,392,2388,100.0,39.07,23.3753
7,5,0.003,-0.0001,100.0,518.67,642.07,1584.32,1402.06,14.62,21.6,554.34,2388.05,9058.72,1.3,47.23,522.08,2388.01,8145.54,8.4168,0.03,393,2388,100.0,39.02,23.4244
7,6,-0.0007,-0.0001,100.0,518.67,641.65,1585.65,1396.34,14.62,21.61,554.08,2388.05,9052.01,1.3,47.07,522.5,2387.96,8136.26,8.4226,0.03,391,2388,100.0,39.04,23.3983
7,7,0.0002,0.0002,100.0,518.67,642.24,1578.19,1392.9,14.62,21.61,554.83,2388.01,9054.57,1.3,47.27,522.09,2388.07,8136.81,8.3876,0.03,390,2388,100.0,39.28,23.3838
7,8,-0.0002,-0.0001,100.0,518.67,642.26,1581.56,1401.18,14.62,21.61,554.62,2388.0,9062.13,1.3,47.28,522.45,2388.03,8139.34,8.3954,0.03,391,2388,100.0,38.99,23.3395
7,9,0.0043,0.0001,100.0,518.67,642.24,1579.13,1394.7,14.62,21.61,553.68,2388.08,9061.49,1.3,47.2,522.56,2388.03,8139.07,8.3963,0.03,393,2388,100.0,38.95,23.3935
7,10,0.0009,-0.0003,100.0,518.67,642.16,1579.17,1401.72,14.62,21.61,554.29,2388.02,9058.9,1.3,47.04,522.15,2388.03,8138.71,8.4163,0.03,392,2388,100.0,38.97,23.4375
7,11,0.0,-0.0004,100.0,518.67,642.43,1589.29,1393.1,14.62,21.61,554.55,2388.01,9061.7,1.3,47.26,522.42,2388.01,8146.65,8.392,0.03,392,2388,100.0,39.13,23.2848
7,12,0.0048,-0.0001,100.0,518.67,641.94,1572.37,1398.7,14.62,21.61,554.8,2388.01,9057.32,1.3,47.07,522.73,2388.01,8144.75,8.4224,0.03,391,2388,100.0,39.06,23.4448
7,13,-0.0004,-0.0005,100.0,518.67,642.0,1585.94,1400.12,14.62,21.61,554.48,2388.03,9045.65,1.3,47.25,522.03,2388.01,8135.4,8.353,0.03,392,2388,100.0,39.01,23.3503
7,14,0.0009,-0.0003,100.0,518.67,641.7,1581.51,1403.54,14.62,21.61,553.76,2388.04,9059.89,1.3,47.21,522.2,2388.02,8135.55,8.3988,0.03,390,2388,100.0,39.19,23.3649
7,15,-0.004,0.0001,100.0,518.67,642.47,1578.13,1389.95,14.62,21.61,554.36,2388.0,9059.65,1.3,47.21,522.48,2388.02,8139.26,8.3816,0.03,392,2388,100.0,38.93,23.5052
7,16,-0.0044,-0.0002,100.0,518.67,642.02,1584.71,1393.76,14.62,21.61,554.91,2388.02,9059.78,1.3,47.37,522.6,2388.02,8142.56,8.4474,0.03,392,2388,100.0,38.91,23.4165
7,17,-0.0025,0.0001,100.0,518.67,642.29,1585.05,1396.23,14.62,21.61,554.28,2387.94,9051.83,1.3,47.19,522.3,2388.02,8139.42,8.4248,0.03,392,2388,100.0,38.93,23.3879
7,18,-0.0033,-0.0003,100.0,518.67,641.84,1579.68,1392.6,14.62,21.61,554.7,2388.05,9054.67,1.3,47.12,522.57,2388.05,8138.04,8.408,0.03,390,2388,100.0,39.01,23.5749
7,19,0.0008,-0.0,100.0,518.67,642.29,1583.63,1396.62,14.62,21.61,554.17,2388.03,9061.62,1.3,47.23,522.66,2387.98,8145.9,8.4182,0.03,391,2388,100.0,39.15,23.4209
7,20,0.0011,-0.0002,100.0,518.67,641.57,1586.02,1390.45,14.62,21.6,554.87,2387.98,9065.04,1.3,47.06,522.91,2387.98,8137.62,8.4137,0.03,393,2388,100.0,38.98,23.4491
7,21,0.0008,-0.0002,100.0,518.67,641.82,1581.78,1385.67,14.62,21.61,554.32,2388.03,9051.56,1.3,47.16,522.61,2388.01,8136.15,8.4007,0.03,392,2388,100.0,39.11,23.3791
7,22,-0.0042,0.0004,100.0,518.67,642.24,1583.13,1398.81,14.62,21.61,554.88,2388.02,9050.46,1.3,47.06,522.34,2387.99,8145.36,8.373,0.03,393,2388,100.0,39.13,23.5238
7,23,0.0027,0.0002,100.0,518.67,642.52,1583.72,1395.56,14.62,21.61,553.83,2388.03,9057.11,1.3,47.09,522.03,2388.04,8141.41,8.4106,0.03,391,2388,100.0,38.79,23.6021
7,24,-0.0015,0.0001,100.0,518.67,642.25,1583.59,1402.61,14.62,21.61,554.75,2388.0,9058.07,1.3,47.33,522.03,2388.01,8136.79,8.4296,0.03,392,2388,100.0,38.85,23.3785
7,25,0.0004,0.0003,100.0,518.67,642.13,1587.91,1409.52,14.62,21.61,554.46,2387.98,9052.69,1.3,47.26,522.47,2388.0,8133.25,8.4307,0.03,391,2388,100.0,39.06,23.5228
7,26,-0.0004,-0.0003,100.0,518.67,642.21,1588.25,1392.03,14.62,21.61,554.98,2387.97,9057.24,1.3,47.2,522.17,2388.03,8143.58,8.3754,0.03,391,2388,100.0,39.29,23.3635
7,27,0.0005,0.0,100.0,518.67,642.65,1587.49,1391.59,14.62,21.61,554.47,2388.0,9052.58,1.3,47.1,521.72,2388.02,8138.19,8.3713,0.03,392,2388,100.0,39.15,23.4685
7,28,0.0012,-0.0004,100.0,518.67,641.81,1578.0,1398.92,14.62,21.61,554.39,2387.99,9059.38,1.3,47.24,522.03,2388.03,8148.88,8.4005,0.03,392,2388,100.0,39.0,23.2538
7,29,0.0024,-0.0001,100.0,518.67,642.07,1577.8,1397.9,14.62,21.61,554.25,2388.01,9058.26,1.3,47.23,522.03,2388.06,8141.82,8.39,0.03,392,2388,100.0,39.04,23.3554
7,30,0.0008,-0.0004,100.0,518.67,642.09,1591.61,1394.19,14.62,21.61,554.14,2387.95,9054.71,1.3,47.25,522.14,2388.01,8140.53,8.419,0.03,390,2388,100.0,38.97,23.4489
7,31,-0.0009,-0.0002,100.0,518.67,642.92,1583.25,1392.31,14.62,21.61,554.66,2388.06,9058.14,1.3,47.21,522.32,2387.99,8136.97,8.3961,0.03,391,2388,100.0,38.91,23.3357
7,32,0.0029,0.0003,100.0,518.67,642.5,1583.77,1395.33,14.62,21.61,554.11,2387.99,9059.36,1.3,47.09,522.12,2388.0,8138.76,8.3709,0.03,391,2388,100.0,39.3,23.4034
7,33,0.0003,0.0005,100.0,518.67,641.9,1589.33,1401.93,14.62,21.61,554.78,2388.05,9062.84,1.3,47.11,522.33,2387.97,8141.21,8.3737,0.03,392,2388,100.0,39.16,23.4225
7,34,0.0014,-0.0001,100.0,518.67,642.11,1578.02,1392.85,14.62,21.61,554.51,2388.01,9050.78,1.3,47.18,521.74,2388.03,8140.15,8.43,0.03,391,2388,100.0,38.9,23.4153
7,35,0.001,0.0001,100.0,518.67,642.05,1588.04,1403.37,14.62,21.61,554.64,2388.03,9050.21,1.3,47.15,522.59,2388.02,8139.81,8.4307,0.03,391,2388,100.0,38.97,23.4597
7,36,0.0007,-0.0002,100.0,518.67,641.64,1582.62,1395.36,14.62,21.6,553.76,2387.98,9060.56,1.3,47.4,521.89,2388.02,8145.88,8.3923,0.03,392,2388,100.0,38.81,23.3311
7,37,-0.0021,0.0002,100.0,518.67,642.12,1582.17,1398.22,14.62,21.61,554.31,2388.0,9061.06,1.3,47.26,521.82,2388.01,8146.28,8.3997,0.03,392,2388,100.0,38.89,23.289
7,38,-0.0018,-0.0002,100.0,518.67,642.35,1584.56,1391.45,14.62,21.61,554.42,2388.04,9060.52,1.3,47.22,522.52,2388.0,8141.35,8.4037,0.03,393,2388,100.0,39.06,23.3621
7,39,0.0008,-0.0002,100.0,518.67,642.44,1584.35,1398.59,14.62,21.61,554.29,2388.02,9053.31,1.3,47.28,522.68,2387.99,8134.52,8.3903,0.03,393,2388,100.0,39.0,23.4219
7,40,0.0005,-0.0005,100.0,518.67,642.36,1586.35,1395.75,14.62,21.61,554.56,2388.06,9060.47,1.3,47.21,522.1,2388.0,8136.65,8.398,0.03,390,2388,100.0,38.88,23.383
7,41,-0.005,-0.0001,100.0,518.67,642.24,1584.82,1400.12,14.62,21.61,554.46,2388.04,9056.16,1.3,47.18,522.41,2388.02,8141.13,8.3959,0.03,392,2388,100.0,38.97,23.3071
7,42,0.0029,0.0,100.0,518.67,642.59,1586.98,1397.03,14.62,21.61,554.03,2388.08,9056.9,1.3,47.19,522.24,2388.0,8137.65,8.4211,0.03,391,2388,100.0,39.04,23.397
7,43,0.0017,-0.0002,100.0,518.67,642.02,1589.32,1396.36,14.62,21.61,554.84,2388.03,9049.81,1.3,47.14,522.37,2388.04,8140.69,8.4124,0.03,393,2388,100.0,38.8,23.4292
7,44,-0.0005,-0.0002,100.0,518.67,641.86,1585.76,1402.05,14.62,21.61,553.91,2387.96,9056.69,1.3,47.28,522.32,2388.02,8141.06,8.4312,0.03,393,2388,100.0,39.07,23.2803
7,45,-0.0008,0.0002,100.0,518.67,641.92,1585.29,1405.09,14.62,21.61,554.85,2388.02,9055.28,1.3,47.24,521.94,2388.0,8138.24,8.3979,0.03,392,2388,100.0,38.95,23.39
7,46,-0.0017,0.0001,100.0,518.67,641.93,1582.94,1397.31,14.62,21.61,554.42,2388.03,9059.4,1.3,47.03,522.8,2388.03,8138.25,8.4186,0.03,391,2388,100.0,39.05,23.3818
7,47,0.0005,-0.0004,100.0,518.67,641.94,1588.59,1399.7,14.62,21.61,553.79,2388.02,9059.46,1.3,47.24,521.98,2388.02,8135.93,8.4062,0.03,391,2388,100.0,38.98,23.3417
7,48,-0.0017,0.0003,100.0,518.67,642.45,1582.42,1400.43,14.62,21.61,553.92,2388.08,9057.11,1.3,47.23,522.57,2388.03,8142.05,8.4188,0.03,393,2388,100.0,39.14,23.4231
7,49,0.0014,0.0003,100.0,518.67,641.86,1575.53,1398.51,14.62,21.61,554.06,2388.04,9055.64,1.3,47.29,522.86,2388.02,8143.23,8.4088,0.03,392,2388,100.0,38.92,23.3859
7,50,-0.0002,0.0001,100.0,518.67,642.59,1587.53,1400.01,14.62,21.61,554.2,2388.01,9054.17,1.3,47.35,522.6,2387.96,8138.23,8.437,0.03,392,2388,100.0,39.07,23.3734
7,51,-0.0022,-0.0005,100.0,518.67,641.69,1583.72,1395.61,14.62,21.61,554.58,2388.0,9059.03,1.3,47.19,522.36,2387.99,8141.09,8.4457,0.03,392,2388,100.0,39.21,23.4402
7,52,0.0016,-0.0003,100.0,518.67,642.08,1583.1,1391.65,14.62,21.61,554.69,2387.99,9061.38,1.3,47.16,522.47,2388.04,8143.11,8.4066,0.03,392,2388,100.0,39.16,23.4145
7,53,0.0025,0.0001,100.0,518.67,642.4,1582.75,1401.95,14.62,21.61,554.22,2388.06,9058.02,1.3,47.16,522.31,2388.06,8142.36,8.3909,0.03,392,2388,100.0,39.27,23.4045
7,54,-0.0006,-0.0004,100.0,518.67,642.12,1579.67,1402.69,14.62,21.61,554.21,2387.99,9048.49,1.3,47.16,522.21,2388.0,8140.84,8.3805,0.03,390,2388,100.0,39.13,23.3727
7,55,0.0014,0.0,100.0,518.67,641.66,1588.29,1405.71,14.62,21.61,554.79,2387.97,9064.88,1.3,47.2,522.16,2387.97,8141.69,8.3985,0.03,390,2388,100.0,39.06,23.3509
7,56,-0.0005,-0.0002,100.0,518.67,641.78,1587.99,1398.32,14.62,21.61,554.47,2388.07,9059.63,1.3,47.26,521.79,2388.03,8146.63,8.4,0.03,392,2388,100.0,38.85,23.2874
7,57,-0.0024,-0.0003,100.0,518.67,642.22,1576.2,1401.46,14.62,21.61,554.51,2388.04,9063.81,1.3,47.27,522.85,2388.0,8137.91,8.3829,0.03,391,2388,100.0,39.05,23.4647
7,58,0.0018,0.0001,100.0,518.67,642.78,1582.33,1403.4,14.62,21.61,554.2,2387.96,9058.83,1.3,47.07,522.01,2388.02,8135.02,8.4204,0.03,391,2388,100.0,38.9,23.4294
7,59,0.0007,0.0001,100.0,518.67,642.4,1582.88,1398.07,14.62,21.61,554.47,2388.0,9055.22,1.3,47.16,522.13,2388.0,8140.74,8.3908,0.03,393,2388,100.0,39.07,23.458
7,60,-0.0005,0.0003,100.0,518.67,642.02,1585.86,1396.43,14.62,21.61,554.64,2387.98,9054.88,1.3,47.16,522.42,2388.05,8140.45,8.3849,0.03,393,2388,100.0,38.89,23.3227
7,61,0.0,0.0001,100.0,518.67,641.89,1586.79,1401.16,14.62,21.61,554.74,2388.0,9055.49,1.3,47.19,521.98,2387.98,8131.38,8.3977,0.03,391,2388,100.0,39.03,23.4931
7,62,-0.0004,-0.0001,100.0,518.67,642.14,1587.33,1397.73,14.62,21.61,554.79,2388.0,9051.71,1.3,47.14,522.42,2387.97,8141.58,8.4258,0.03,392,2388,100.0,38.91,23.418
7,63,-0.0004,-0.0002,100.0,518.67,642.07,1581.24,1403.03,14.62,21.61,554.22,2388.0,9059.1,1.3,47.07,522.15,2388.02,8141.69,8.3925,0.03,392,2388,100.0,39.06,23.4624
7,64,-0.0015,0.0003,100.0,518.67,641.7,1585.7,1393.54,14.62,21.61,554.32,2387.97,9064.69,1.3,47.26,522.13,2388.03,8140.82,8.4196,0.03,391,2388,100.0,38.87,23.4018
7,65,0.0016,-0.0001,100.0,518.67,641.73,1581.5,1404.08,14.62,21.61,554.59,2388.02,9052.3,1.3,47.11,521.69,2388.01,8146.0,8.3926,0.03,391,2388,100.0,38.87,23.4468
7,66,0.0005,0.0004,100.0,518.67,641.87,1582.28,1396.65,14.62,21.61,554.26,2388.07,9054.91,1.3,47.36,521.62,2388.01,8144.41,8.3947,0.03,392,2388,100.0,39.19,23.4088
7,67,0.0035,0.0001,100.0,518.67,641.59,1582.54,1405.53,14.62,21.61,554.0,2387.98,9061.18,1.3,47.25,522.19,2388.03,8141.79,8.3997,0.03,393,2388,100.0,39.13,23.4656
7,68,-0.0016,0.0004,100.0,518.67,642.4,1582.42,1399.77,14.62,21.61,554.79,2387.97,9062.01,1.3,47.34,522.31,2388.01,8138.64,8.4226,0.03,390,2388,100.0,38.9,23.4233
7,69,-0.0008,0.0004,100.0,518.67,642.09,1578.57,1406.83,14.62,21.61,553.94,2388.06,9059.17,1.3,47.34,522.75,2388.01,8137.65,8.3925,0.03,392,2388,100.0,39.06,23.3384
7,70,-0.0003,-0.0004,100.0,518.67,641.74,1583.55,1390.32,14.62,21.61,554.42,2388.03,9056.64,1.3,47.13,522.39,2387.98,8138.71,8.3579,0.03,392,2388,100.0,39.05,23.3572
7,71,0.0016,-0.0001,100.0,518.67,641.93,1587.35,1401.49,14.62,21.61,554.89,2387.99,9052.59,1.3,47.2,521.65,2388.05,8141.01,8.3917,0.03,392,2388,100.0,38.94,23.4085
7,72,0.0009,-0.0003,100.0,518.67,642.13,1582.62,1395.88,14.62,21.61,554.92,2388.0,9055.12,1.3,47.29,522.58,2388.0,8140.38,8.3806,0.03,391,2388,100.0,39.12,23.4522
7,73,0.0002,0.0003,100.0,518.67,642.47,1587.56,1396.87,14.62,21.61,554.07,2388.04,9062.62,1.3,47.34,522.16,2388.05,8141.76,8.3868,0.03,392,2388,100.0,38.98,23.3676
7,74,0.0012,0.0002,100.0,518.67,642.01,1591.29,1402.78,14.62,21.61,554.47,2387.99,9061.24,1.3,47.33,522.45,2388.05,8140.88,8.4235,0.03,391,2388,100.0,38.92,23.4896
7,75,-0.0001,0.0002,100.0,518.67,642.5,1582.09,1403.69,14.62,21.61,554.74,2388.09,9054.1,1.3,47.3,522.11,2388.05,8140.65,8.3996,0.03,390,2388,100.0,39.0,23.4803
7,76,-0.0021,-0.0004,100.0,518.67,642.18,1583.14,1395.24,14.62,21.61,554.38,2388.01,9053.39,1.3,47.36,522.61,2388.02,8139.84,8.4036,0.03,391,2388,100.0,38.73,23.4998
7,77,-0.0003,0.0004,100.0,518.67,642.29,1583.81,1405.48,14.62,21.61,554.18,2388.08,9057.35,1.3,47.31,522.24,2388.02,8142.39,8.3666,0.03,392,2388,100.0,38.77,23.3908
7,78,-0.0021,-0.0002,100.0,518.67,641.97,1587.65,1393.97,14.62,21.61,554.11,2387.98,9059.45,1.3,47.22,522.2,2388.01,8141.12,8.3665,0.03,390,2388,100.0,38.89,23.3946
7,79,0.0061,-0.0003,100.0,518.67,641.76,1581.77,1397.78,14.62,21.61,554.16,2388.01,9056.67,1.3,47.35,522.16,2388.02,8148.87,8.396,0.03,393,2388,100.0,38.99,23.423
7,80,-0.0013,-0.0003,100.0,518.67,641.9,1582.93,1399.9,14.62,21.61,554.15,2388.01,9060.59,1.3,47.18,522.34,2388.0,8138.4,8.4089,0.03,391,2388,100.0,38.93,23.3135
7,81,0.0037,0.0003,100.0,518.67,642.47,1584.85,1396.28,14.62,21.61,554.54,2388.02,9059.41,1.3,47.38,521.97,2388.05,8145.88,8.3653,0.03,390,2388,100.0,38.97,23.3667
7,82,-0.0004,0.0001,100.0,518.67,642.27,1587.87,1400.43,14.62,21.61,554.67,2387.96,9057.62,1.3,47.25,522.11,2388.0,8140.85,8.3623,0.03,392,2388,100.0,38.86,23.3316
7,83,0.0013,-0.0003,100.0,518.67,642.49,1585.97,1397.46,14.62,21.61,554.63,2388.04,9057.82,1.3,47.37,522.06,2388.02,8144.44,8.4057,0.03,391,2388,100.0,38.98,23.4111
7,84,-0.0058,0.0004,100.0,518.67,642.34,1583.95,1400.23,14.62,21.61,554.26,2388.04,9056.12,1.3,47.21,522.45,2388.0,8139.65,8.4384,0.03,392,2388,100.0,39.1,23.3378
7,85,0.0016,-0.0002,100.0,518.67,641.88,1591.87,1392.27,14.62,21.61,554.81,2388.04,9060.22,1.3,47.14,521.84,2388.03,8140.39,8.3812,0.03,391,2388,100.0,38.98,23.327
7,86,-0.0008,-0.0004,100.0,518.67,641.68,1579.94,1400.76,14.62,21.61,554.22,2388.01,9057.73,1.3,47.38,522.59,2388.04,8135.64,8.3928,0.03,393,2388,100.0,39.12,23.4197
7,87,-0.0006,0.0004,100.0,518.67,642.06,1582.2,1403.9,14.62,21.61,554.68,2388.07,9056.39,1.3,47.29,521.45,2388.04,8147.57,8.4034,0.03,393,2388,100.0,39.04,23.2938
7,88,-0.0012,-0.0005,100.0,518.67,642.42,1583.39,1406.66,14.62,21.61,554.08,2388.03,9053.47,1.3,47.18,522.49,2388.01,8146.87,8.4461,0.03,391,2388,100.0,39.05,23.4311
7,89,-0.0002,0.0002,100.0,518.67,642.55,1582.74,1398.87,14.62,21.61,554.92,2388.02,9063.15,1.3,47.41,522.26,2388.09,8147.62,8.4108,0.03,393,2388,100.0,38.99,23.5097
7,90,0.0017,-0.0004,100.0,518.67,642.38,1591.78,1395.27,14.62,21.61,554.68,2388.01,9056.73,1.3,47.19,522.6,2388.01,8138.18,8.4295,0.03,393,2388,100.0,38.87,23.4446
7,91,0.0009,0.0001,100.0,518.67,642.43,1588.45,1400.01,14.62,21.61,554.4,2388.05,9047.45,1.3,47.2,522.44,2388.03,8143.61,8.4366,0.03,392,2388,100.0,39.18,23.4311
7,92,-0.0009,0.0002,100.0,518.67,641.82,1584.08,1397.47,14.62,21.61,554.89,2388.04,9059.15,1.3,47.29,522.3,2388.0,8143.39,8.4117,0.03,391,2388,100.0,38.97,23.4865
7,93,-0.0006,0.0003,100.0,518.67,642.13,1587.05,1398.69,14.62,21.61,554.51,2388.07,9059.5,1.3,47.2,521.99,2388.03,8142.18,8.4332,0.03,391,2388,100.0,39.0,23.458
7,94,0.0027,-0.0003,100.0,518.67,642.7,1582.0,1404.38,14.62,21.61,554.19,2388.02,9072.33,1.3,47.3,522.06,2387.97,8140.24,8.397,0.03,392,2388,100.0,39.06,23.3748
7,95,0.0004,-0.0002,100.0,518.67,641.91,1592.39,1398.24,14.62,21.61,554.43,2388.04,9055.28,1.3,47.09,522.51,2388.02,8141.01,8.4199,0.03,392,2388,100.0,39.08,23.4371
7,96,0.0005,-0.0004,100.0,518.67,642.17,1589.87,1397.22,14.62,21.6,554.42,2387.98,9057.39,1.3,47.12,522.42,2387.94,8150.31,8.389,0.03,392,2388,100.0,38.89,23.4167
7,97,0.0005,0.0004,100.0,518.67,642.21,1587.94,1402.0,14.62,21.61,554.18,2388.03,9057.89,1.3,47.27,522.37,2388.03,8141.58,8.4046,0.03,393,2388,100.0,39.03,23.3878
7,98,-0.0022,0.0002,100.0,518.67,642.45,1585.38,1400.26,14.62,21.61,554.38,2388.08,9053.5,1.3,47.23,522.32,2387.98,8138.71,8.4455,0.03,391,2388,100.0,38.92,23.2462
7,99,-0.0018,0.0,100.0,518.67,642.47,1588.46,1398.63,14.62,21.61,554.23,2388.08,9052.61,1.3,47.25,522.39,2388.07,8144.22,8.3796,0.03,392,2388,100.0,39.01,23.3968
7,100,0.002,0.0,100.0,518.67,642.23,1583.32,1403.53,14.62,21.61,553.8,2388.03,9067.06,1.3,47.37,522.15,2387.99,8143.8,8.374,0.03,392,2388,100.0,38.87,23.4364
7,101,0.0016,-0.0004,100.0,518.67,642.46,1580.26,1397.91,14.62,21.61,554.13,2387.99,9062.16,1.3,47.52,522.22,2388.05,8142.52,8.4035,0.03,392,2388,100.0,38.92,23.4439
7,102,-0.0013,-0.0001,100.0,518.67,642.13,1587.71,1393.95,14.62,21.61,554.36,2388.04,9053.46,1.3,47.25,521.73,2388.01,8144.81,8.3729,0.03,392,2388,100.0,38.98,23.3532
7,103,-0.0021,0.0002,100.0,518.67,642.77,1586.16,1410.84,14.62,21.61,553.95,2388.03,9057.69,1.3,47.18,522.42,2388.03,8142.21,8.3957,0.03,392,2388,100.0,39.02,23.3677
7,104,-0.0007,0.0004,100.0,518.67,642.11,1578.17,1397.27,14.62,21.61,554.13,2388.0,9063.47,1.3,47.19,522.28,2388.03,8144.0,8.4424,0.03,392,2388,100.0,39.07,23.4644
7,105,0.0001,-0.0004,100.0,518.67,642.16,1581.28,1397.13,14.62,21.61,554.73,2388.04,9054.79,1.3,47.12,522.35,2388.0,8133.83,8.4279,0.03,392,2388,100.0,38.95,23.3816
7,106,0.0016,0.0,100.0,518.67,642.25,1576.97,1400.27,14.62,21.61,554.73,2387.99,9064.81,1.3,47.17,522.32,2387.97,8138.44,8.4018,0.03,393,2388,100.0,38.97,23.4051
7,107,-0.0018,-0.0002,100.0,518.67,642.28,1585.38,1397.28,14.62,21.61,553.38,2388.02,9064.05,1.3,47.08,522.18,2388.02,8138.75,8.4381,0.03,393,2388,100.0,39.08,23.301
7,108,0.0,-0.0004,100.0,518.67,642.19,1589.04,1403.66,14.62,21.61,555.49,2388.01,9063.64,1.3,47.4,521.91,2388.07,8139.89,8.3959,0.03,391,2388,100.0,38.91,23.373
7,109,0.0006,-0.0004,100.0,518.67,642.07,1580.4,1401.38,14.62,21.61,554.47,2388.02,9062.16,1.3,46.96,522.17,2388.06,8139.33,8.3905,0.03,393,2388,100.0,38.91,23.4344
7,110,-0.0013,-0.0003,100.0,518.67,641.99,1577.95,1402.9,14.62,21.61,554.29,2388.04,9063.66,1.3,47.34,521.69,2388.08,8143.27,8.4018,0.03,391,2388,100.0,39.0,23.4
7,111,0.0019,0.0,100.0,518.67,642.26,1593.8,1402.28,14.62,21.61,554.07,2388.06,9060.76,1.3,47.35,521.8,2388.01,8145.99,8.4237,0.03,391,2388,100.0,38.84,23.4407
7,112,-0.0015,-0.0003,100.0,518.67,642.09,1591.23,1396.55,14.62,21.61,554.22,2388.0,9056.85,1.3,47.23,522.64,2388.0,8152.41,8.429,0.03,393,2388,100.0,38.91,23.3684
7,113,0.0019,0.0005,100.0,518.67,642.29,1585.52,1405.75,14.62,21.61,553.9,2388.03,9054.9,1.3,47.25,521.75,2388.03,8139.68,8.4216,0.03,392,2388,100.0,38.93,23.2945
7,114,0.0016,0.0001,100.0,518.67,641.87,1586.36,1402.32,14.62,21.61,553.93,2388.02,9062.47,1.3,47.23,521.84,2388.02,8139.45,8.417,0.03,391,2388,100.0,38.8,23.3444
7,115,0.0003,-0.0004,100.0,518.67,642.33,1584.54,1402.03,14.62,21.61,553.53,2388.11,9060.53,1.3,47.38,522.42,2388.02,8136.23,8.3949,0.03,390,2388,100.0,39.01,23.2639
7,116,-0.0002,-0.0003,100.0,518.67,642.08,1583.88,1396.94,14.62,21.61,553.88,2388.04,9049.63,1.3,47.25,522.48,2387.98,8142.59,8.427,0.03,392,2388,100.0,38.91,23.4485
7,117,0.0002,-0.0004,100.0,518.67,642.12,1584.0,1396.92,14.62,21.61,554.27,2388.06,9061.61,1.3,47.24,521.82,2387.99,8141.96,8.4236,0.03,392,2388,100.0,38.87,23.3654
7,118,-0.0014,0.0005,100.0,518.67,642.45,1585.45,1399.44,14.62,21.61,554.08,2388.05,9063.41,1.3,47.31,522.55,2388.04,8143.49,8.4102,0.03,391,2388,100.0,38.81,23.2821
7,119,0.0019,-0.0002,100.0,518.67,642.59,1590.81,1400.71,14.62,21.61,553.52,2388.09,9063.3,1.3,47.37,521.64,2387.98,8144.15,8.4295,0.03,390,2388,100.0,38.82,23.2647
7,120,-0.0022,-0.0001,100.0,518.67,642.04,1587.33,1402.07,14.62,21.61,554.23,2388.08,9060.78,1.3,47.4,521.9,2388.02,8144.59,8.4163,0.03,392,2388,100.0,39.04,23.3048
7,121,-0.0003,-0.0004,100.0,518.67,642.04,1586.18,1404.81,14.62,21.61,554.16,2388.04,9063.01,1.3,47.13,522.14,2387.97,8143.74,8.3722,0.03,391,2388,100.0,39.0,23.3411
7,122,-0.0017,0.0005,100.0,518.67,642.52,1584.36,1400.37,14.62,21.61,554.53,2388.05,9062.01,1.3,47.35,522.0,2388.0,8142.4,8.3938,0.03,392,2388,100.0,38.98,23.3138
7,123,-0.0062,0.0,100.0,518.67,642.11,1586.2,1397.71,14.62,21.61,553.82,2388.03,9063.59,1.3,47.12,522.3,2388.03,8143.63,8.4076,0.03,392,2388,100.0,38.95,23.403
7,124,0.0026,-0.0002,100.0,518.67,642.71,1588.9,1406.02,14.62,21.61,554.19,2388.03,9060.89,1.3,47.33,522.05,2387.96,8146.39,8.3945,0.03,390,2388,100.0,38.97,23.375
7,125,0.0056,-0.0004,100.0,518.67,642.23,1589.65,1400.49,14.62,21.61,554.19,2387.97,9070.05,1.3,47.32,521.86,2388.0,8141.19,8.396,0.03,392,2388,100.0,38.82,23.3806
7,126,0.0024,-0.0005,100.0,518.67,642.19,1586.6,1398.64,14.62,21.61,553.83,2388.07,9064.14,1.3,47.31,521.71,2388.03,8146.46,8.4219,0.03,392,2388,100.0,39.01,23.2557
7,127,0.004,0.0002,100.0,518.67,641.95,1592.3,1397.22,14.62,21.61,553.63,2388.02,9066.0,1.3,47.33,522.4,2388.02,8145.94,8.3872,0.03,392,2388,100.0,38.79,23.4595
7,128,-0.0019,-0.0005,100.0,518.67,642.46,1584.4,1404.36,14.62,21.61,554.28,2388.02,9061.54,1.3,47.13,521.92,2388.07,8143.74,8.4205,0.03,392,2388,100.0,39.03,23.3862
7,129,0.0007,0.0005,100.0,518.67,642.07,1580.13,1399.68,14.62,21.6,553.8,2387.99,9069.26,1.3,47.03,521.97,2388.04,8151.47,8.3928,0.03,393,2388,100.0,38.93,23.4618
7,130,-0.0029,-0.0004,100.0,518.67,642.23,1581.97,1403.14,14.62,21.61,554.86,2388.01,9057.83,1.3,47.45,521.92,2388.09,8143.29,8.4049,0.03,393,2388,100.0,38.96,23.3509
7,131,-0.0003,0.0001,100.0,518.67,642.05,1589.08,1405.36,14.62,21.61,553.85,2388.01,9060.46,1.3,47.19,522.08,2387.99,8146.07,8.4251,0.03,393,2388,100.0,39.01,23.3522
7,132,-0.0015,0.0005,100.0,518.67,642.35,1594.98,1403.92,14.62,21.61,553.28,2388.09,9060.95,1.3,47.27,522.17,2387.99,8137.93,8.4356,0.03,392,2388,100.0,39.0,23.2818
7,133,0.0,0.0002,100.0,518.67,642.26,1582.76,1400.37,14.62,21.61,554.45,2388.08,9071.07,1.3,47.3,521.71,2388.04,8144.1,8.3975,0.03,391,2388,100.0,38.87,23.3692
7,134,0.0003,0.0001,100.0,518.67,641.68,1587.17,1396.07,14.62,21.61,553.65,2388.02,9065.21,1.3,47.27,521.71,2388.04,8142.83,8.3976,0.03,392,2388,100.0,38.91,23.5161
7,135,0.0024,-0.0003,100.0,518.67,642.16,1586.39,1402.83,14.62,21.61,554.28,2388.03,9062.78,1.3,47.27,522.81,2388.05,8143.46,8.3839,0.03,393,2388,100.0,39.13,23.4554
7,136,0.0034,-0.0003,100.0,518.67,642.3,1577.7,1403.38,14.62,21.61,554.16,2388.0,9067.95,1.3,47.42,521.82,2387.99,8147.72,8.4349,0.03,392,2388,100.0,38.9,23.4315
7,137,-0.0013,0.0004,100.0,518.67,642.29,1583.89,1399.26,14.62,21.61,553.19,2388.01,9063.62,1.3,47.44,522.14,2388.07,8143.19,8.423,0.03,393,2388,100.0,39.16,23.3955
7,138,-0.0036,-0.0001,100.0,518.67,642.1,1579.2,1405.71,14.62,21.6,553.81,2388.05,9070.59,1.3,47.44,521.84,2388.03,8149.08,8.3544,0.03,393,2388,100.0,38.99,23.404
7,139,-0.0026,-0.0003,100.0,518.67,642.44,1592.01,1395.17,14.62,21.61,554.19,2388.03,9061.78,1.3,47.23,522.08,2388.02,8148.38,8.4286,0.03,392,2388,100.0,39.07,23.35
7,140,0.0007,-0.0002,100.0,518.67,642.12,1584.77,1402.13,14.62,21.61,553.87,2388.05,9069.9,1.3,47.27,522.39,2388.0,8142.97,8.3911,0.03,391,2388,100.0,38.9,23.3563
7,141,0.0004,-0.0005,100.0,518.67,642.75,1585.23,1407.93,14.62,21.61,554.1,2388.1,9069.28,1.3,47.39,522.36,2388.0,8148.47,8.4582,0.03,391,2388,100.0,38.75,23.3831
7,142,-0.0012,-0.0,100.0,518.67,642.81,1590.44,1408.23,14.62,21.61,554.38,2388.02,9062.68,1.3,47.41,521.82,2388.0,8143.11,8.4164,0.03,393,2388,100.0,38.85,23.3109
7,143,0.001,-0.0003,100.0,518.67,642.41,1587.16,1399.55,14.62,21.61,554.06,2388.03,9064.38,1.3,47.34,521.91,2388.03,8143.01,8.4137,0.03,394,2388,100.0,38.83,23.3217
7,144,0.0021,0.0,100.0,518.67,642.53,1584.98,1406.48,14.62,21.61,554.03,2388.0,9068.4,1.3,47.44,521.77,2388.08,8144.86,8.4046,0.03,393,2388,100.0,38.96,23.3947
7,145,0.0008,0.0001,100.0,518.67,642.06,1584.23,1401.98,14.62,21.61,553.53,2388.0,9069.68,1.3,47.41,521.52,2388.12,8141.71,8.3909,0.03,393,2388,100.0,38.91,23.3427
7,146,-0.0003,-0.0004,100.0,518.67,641.98,1590.61,1403.72,14.62,21.61,554.04,2388.01,9064.03,1.3,47.38,521.96,2388.02,8141.53,8.414,0.03,392,2388,100.0,38.92,23.3768
7,147,-0.0053,-0.0003,100.0,518.67,642.78,1588.27,1400.85,14.62,21.61,553.98,2388.06,9069.26,1.3,47.27,521.52,2388.08,8143.88,8.4087,0.03,393,2388,100.0,39.08,23.31
7,148,-0.0006,0.0005,100.0,518.67,642.03,1587.39,1405.0,14.62,21.61,554.0,2388.03,9064.99,1.3,47.37,521.62,2388.08,8149.16,8.4082,0.03,392,2388,100.0,38.99,23.3896
7,149,0.0002,0.0005,100.0,518.67,641.82,1586.96,1401.76,14.62,21.61,554.06,2388.03,9065.36,1.3,47.3,521.86,2388.03,8148.7,8.3916,0.03,391,2388,100.0,38.9,23.308
7,150,-0.0006,0.0002,100.0,518.67,642.62,1585.5,1401.27,14.62,21.61,554.07,2388.0,9065.01,1.3,47.43,521.88,2388.01,8147.71,8.4466,0.03,393,2388,100.0,38.87,23.3756
7,151,-0.0015,-0.0002,100.0,518.67,642.47,1587.45,1396.21,14.62,21.61,554.01,2387.99,9066.95,1.3,47.39,522.08,2387.97,8143.83,8.4006,0.03,393,2388,100.0,38.94,23.4758
7,152,0.0001,0.0003,100.0,518.67,641.57,1589.08,1399.04,14.62,21.61,553.92,2388.0,9069.51,1.3,47.31,521.89,2388.02,8144.87,8.4226,0.03,394,2388,100.0,38.96,23.3085
7,153,-0.0003,-0.0003,100.0,518.67,642.94,1584.44,1402.97,14.62,21.61,553.46,2388.01,9062.39,1.3,47.37,521.93,2388.01,8154.29,8.3824,0.03,392,2388,100.0,38.92,23.3556
7,154,-0.0021,-0.0,100.0,518.67,642.07,1584.35,1399.33,14.62,21.61,554.13,2388.01,9073.38,1.3,47.6,522.68,2388.02,8144.08,8.4136,0.03,394,2388,100.0,39.01,23.3286
7,155,-0.0039,-0.0003,100.0,518.67,642.29,1581.96,1402.43,14.62,21.61,553.57,2388.08,9067.7,1.3,47.31,522.05,2388.05,8145.1,8.3959,0.03,393,2388,100.0,38.98,23.2759
7,156,-0.0023,0.0,100.0,518.67,641.93,1590.78,1400.16,14.62,21.61,553.6,2388.01,9056.47,1.3,47.21,521.66,2388.1,8144.16,8.4139,0.03,393,2388,100.0,39.09,23.349
7,157,-0.0005,-0.0004,100.0,518.67,641.96,1584.43,1402.87,14.62,21.61,553.64,2388.01,9063.27,1.3,47.42,522.13,2388.02,8143.22,8.4236,0.03,393,2388,100.0,38.88,23.4131
7,158,0.0027,0.0001,100.0,518.67,642.6,1583.26,1412.28,14.62,21.61,554.4,2388.06,9076.74,1.3,47.37,522.51,2388.05,8144.32,8.4352,0.03,393,2388,100.0,39.03,23.3625
7,159,0.0026,-0.0002,100.0,518.67,642.49,1587.05,1407.98,14.62,21.61,554.32,2388.02,9071.69,1.3,47.43,522.34,2388.03,8148.45,8.445,0.03,393,2388,100.0,38.87,23.259
7,160,0.0016,-0.0001,100.0,518.67,642.1,1589.59,1413.57,14.62,21.61,553.42,2388.04,9070.99,1.3,47.32,522.32,2388.07,8149.19,8.4028,0.03,393,2388,100.0,38.91,23.2763
8,1,-0.003,0.0002,100.0,518.67,642.32,1594.51,1401.99,14.62,21.61,553.84,2388.08,9052.06,1.3,47.34,521.79,2388.08,8131.22,8.4291,0.03,392,2388,100.0,38.99,23.3352
8,2,0.0003,-0.0001,100.0,518.67,642.63,1595.32,1401.79,14.62,21.61,553.61,2388.08,9043.13,1.3,47.44,521.56,2388.06,8131.97,8.3798,0.03,392,2388,100.0,38.76,23.3736
8,3,-0.0003,-0.0001,100.0,518.67,641.96,1578.81,1408.14,14.62,21.61,553.68,2388.12,9044.02,1.3,47.46,521.63,2388.12,8129.83,8.4029,0.03,392,2388,100.0,38.87,23.257
8,4,0.0032,0.0002,100.0,518.67,643.05,1580.84,1404.6,14.62,21.61,554.05,2388.12,9048.05,1.3,47.39,521.9,2388.06,8128.69,8.4471,0.03,393,2388,100.0,39.05,23.3212
8,5,0.0008,0.0005,100.0,518.67,642.02,1588.46,1398.11,14.62,21.61,553.55,2388.09,9044.03,1.3,47.51,522.32,2388.08,8131.91,8.4378,0.03,393,2388,100.0,38.95,23.4231
8,6,-0.0044,0.0004,100.0,518.67,642.53,1589.25,1411.97,14.62,21.61,553.66,2388.09,9052.32,1.3,47.18,522.03,2388.13,8124.4,8.4141,0.03,392,2388,100.0,38.91,23.3224
8,7,-0.0007,-0.0004,100.0,518.67,642.2,1587.93,1405.51,14.62,21.61,554.08,2388.1,9043.59,1.3,47.36,521.45,2388.05,8129.95,8.4193,0.03,391,2388,100.0,38.8,23.2998
8,8,-0.0011,-0.0001,100.0,518.67,642.49,1591.42,1407.2,14.62,21.61,553.67,2388.1,9049.29,1.3,47.45,522.12,2388.09,8127.17,8.3941,0.03,393,2388,100.0,38.91,23.2945
8,9,0.0002,0.0002,100.0,518.67,642.07,1590.66,1396.29,14.62,21.61,553.89,2388.1,9041.27,1.3,47.31,521.98,2388.08,8130.41,8.4033,0.03,393,2388,100.0,38.93,23.3139
8,10,0.0005,0.0,100.0,518.67,642.65,1583.44,1408.37,14.62,21.61,553.6,2388.08,9051.73,1.3,47.45,521.48,2388.07,8126.69,8.4331,0.03,392,2388,100.0,38.87,23.3507
8,11,-0.0002,0.0001,100.0,518.67,642.4,1587.46,1400.73,14.62,21.61,553.86,2388.11,9044.41,1.3,47.27,521.7,2388.1,8132.07,8.445,0.03,393,2388,100.0,38.84,23.3683
8,12,0.0023,-0.0001,100.0,518.67,642.57,1583.19,1415.41,14.62,21.61,553.06,2388.05,9050.26,1.3,47.45,521.49,2388.11,8128.71,8.4274,0.03,392,2388,100.0,38.86,23.3459
8,13,0.0011,-0.0003,100.0,518.67,642.68,1586.33,1403.86,14.62,21.61,554.01,2388.11,9042.84,1.3,47.21,521.68,2388.08,8128.03,8.4264,0.03,392,2388,100.0,39.07,23.2721
8,14,0.0047,-0.0003,100.0,518.67,642.68,1584.87,1404.05,14.62,21.61,553.48,2388.14,9050.33,1.3,47.31,522.06,2388.1,8129.47,8.4703,0.03,394,2388,100.0,38.82,23.3398
8,15,-0.0009,0.0002,100.0,518.67,642.42,1585.56,1400.7,14.62,21.61,553.9,2388.08,9049.04,1.3,47.44,521.92,2388.08,8132.78,8.4561,0.03,393,2388,100.0,38.8,23.3534
8,16,-0.0012,0.0003,100.0,518.67,641.76,1587.26,1398.88,14.62,21.61,553.75,2388.11,9041.99,1.3,47.44,522.0,2388.11,8130.45,8.4151,0.03,392,2388,100.0,38.86,23.3403
8,17,0.0025,-0.0001,100.0,518.67,642.43,1594.34,1405.64,14.62,21.61,553.57,2388.1,9051.68,1.3,47.34,521.87,2388.05,8131.18,8.4356,0.03,393,2388,100.0,38.9,23.3207
8,18,-0.0015,-0.0005,100.0,518.67,642.73,1586.1,1403.75,14.62,21.61,553.78,2388.07,9048.95,1.3,47.59,521.68,2388.1,8125.93,8.416,0.03,394,2388,100.0,38.81,23.3223
8,19,-0.0005,0.0004,100.0,518.67,642.44,1588.39,1407.41,14.62,21.61,554.33,2388.09,9051.11,1.3,47.4,522.24,2388.09,8131.14,8.4223,0.03,392,2388,100.0,39.04,23.3242
8,20,0.0018,0.0001,100.0,518.67,642.56,1587.37,1404.25,14.62,21.61,553.58,2388.08,9046.35,1.3,47.39,521.74,2388.06,8132.59,8.4062,0.03,391,2388,100.0,39.08,23.3306
8,21,0.0011,-0.0003,100.0,518.67,642.5,1588.39,1400.37,14.62,21.61,554.49,2388.07,9049.09,1.3,47.34,521.64,2388.09,8126.23,8.4155,0.03,392,2388,100.0,38.82,23.2841
8,22,-0.0014,0.0,100.0,518.67,642.23,1588.17,1411.2,14.62,21.61,554.25,2388.03,9055.78,1.3,47.47,521.2,2388.06,8132.04,8.4038,0.03,393,2388,100.0,38.91,23.3554
8,23,0.0018,0.0001,100.0,518.67,642.25,1596.71,1397.6,14.62,21.61,553.43,2388.07,9047.1,1.3,47.6,521.95,2388.08,8130.66,8.436,0.03,392,2388,100.0,39.01,23.3183
8,24,-0.0032,-0.0004,100.0,518.67,642.49,1586.14,1405.18,14.62,21.61,553.97,2388.09,9044.31,1.3,47.39,521.62,2388.09,8126.58,8.4318,0.03,393,2388,100.0,38.87,23.335
8,25,0.0022,0.0005,100.0,518.67,642.96,1586.56,1408.36,14.62,21.61,553.6,2388.1,9046.34,1.3,47.24,521.65,2388.09,8129.86,8.4154,0.03,393,2388,100.0,38.93,23.2589
8,26,-0.0003,0.0005,100.0,518.67,642.51,1595.45,1400.29,14.62,21.61,553.88,2388.05,9044.32,1.3,47.31,521.81,2388.1,8124.86,8.4211,0.03,392,2388,100.0,38.8,23.3798
8,27,0.0043,0.0,100.0,518.67,642.62,1585.0,1403.48,14.62,21.61,553.96,2388.08,9049.0,1.3,47.45,521.9,2388.08,8129.14,8.4054,0.03,394,2388,100.0,38.96,23.3182
8,28,0.0021,-0.0001,100.0,518.67,641.82,1585.57,1404.22,14.62,21.61,553.93,2388.05,9047.35,1.3,47.46,522.16,2388.03,8129.49,8.3924,0.03,394,2388,100.0,38.8,23.2926
8,29,0.0005,0.0004,100.0,518.67,642.84,1585.79,1400.02,14.62,21.61,554.39,2388.12,9048.81,1.3,47.49,522.06,2388.06,8126.94,8.4428,0.03,393,2388,100.0,39.02,23.3197
8,30,0.0001,0.0003,100.0,518.67,642.48,1583.33,1407.52,14.62,21.61,553.88,2388.13,9046.58,1.3,47.6,521.65,2388.08,8129.75,8.4363,0.03,392,2388,100.0,38.94,23.3573
8,31,-0.0003,0.0,100.0,518.67,642.76,1595.34,1410.6,14.62,21.61,553.8,2388.15,9046.82,1.3,47.5,522.24,2388.14,8127.82,8.3899,0.03,392,2388,100.0,38.76,23.2378
8,32,0.0009,0.0003,100.0,518.67,642.55,1589.67,1395.49,14.62,21.61,553.69,2388.09,9050.64,1.3,47.41,521.63,2388.12,8131.49,8.4253,0.03,393,2388,100.0,38.8,23.2088
8,33,0.0017,-0.0004,100.0,518.67,642.72,1582.4,1409.15,14.62,21.61,553.53,2388.09,9045.59,1.3,47.44,521.96,2388.1,8126.78,8.4456,0.03,393,2388,100.0,38.91,23.3568
8,34,0.0012,-0.0004,100.0,518.67,641.96,1591.52,1398.09,14.62,21.61,554.32,2388.08,9050.08,1.3,47.39,521.41,2388.11,8128.8,8.4247,0.03,392,2388,100.0,38.91,23.3687
8,35,-0.0033,-0.0003,100.0,518.67,642.06,1585.97,1400.14,14.62,21.61,553.18,2388.11,9050.49,1.3,47.5,521.96,2388.11,8131.3,8.417,0.03,392,2388,100.0,38.88,23.4041
8,36,0.0013,-0.0005,100.0,518.67,642.33,1590.83,1406.85,14.62,21.61,554.08,2388.1,9051.85,1.3,47.65,521.37,2388.14,8130.8,8.4539,0.03,392,2388,100.0,39.07,23.2708
8,37,-0.0004,0.0001,100.0,518.67,642.54,1586.96,1402.77,14.62,21.61,554.1,2388.06,9044.81,1.3,47.52,521.76,2388.07,8125.25,8.4194,0.03,391,2388,100.0,38.81,23.3782
8,38,-0.0047,-0.0004,100.0,518.67,642.22,1584.41,1414.89,14.62,21.61,554.0,2388.02,9047.3,1.3,47.39,521.51,2388.06,8126.71,8.4493,0.03,392,2388,100.0,38.99,23.2653
8,39,-0.0028,-0.0002,100.0,518.67,642.36,1586.47,1405.02,14.62,21.61,553.82,2388.1,9048.71,1.3,47.43,521.67,2388.1,8129.77,8.4475,0.03,392,2388,100.0,38.92,23.4443
8,40,-0.0046,0.0001,100.0,518.67,642.15,1589.21,1405.38,14.62,21.61,553.59,2388.02,9050.65,1.3,47.44,521.7,2388.08,8128.88,8.441,0.03,393,2388,100.0,38.92,23.2955
8,41,0.0009,-0.0001,100.0,518.67,642.38,1591.54,1395.01,14.62,21.61,554.7,2388.08,9044.69,1.3,47.42,521.48,2388.12,8130.38,8.3831,0.03,391,2388,100.0,38.7,23.3561
8,42,-0.0017,-0.0004,100.0,518.67,642.52,1585.08,1399.8,14.62,21.61,553.88,2388.09,9056.88,1.3,47.22,521.88,2388.08,8126.14,8.4096,0.03,392,2388,100.0,38.9,23.311
8,43,0.0005,0.0003,100.0,518.67,642.37,1592.87,1403.83,14.62,21.61,553.31,2388.13,9049.93,1.3,47.57,521.36,2388.09,8125.42,8.4184,0.03,393,2388,100.0,38.85,23.3633
8,44,0.0033,-0.0001,100.0,518.67,642.86,1585.6,1404.34,14.62,21.61,553.09,2388.09,9051.79,1.3,47.22,521.35,2388.06,8128.44,8.4152,0.03,392,2388,100.0,38.82,23.2367
8,45,0.0025,-0.0002,100.0,518.67,642.62,1586.3,1402.47,14.62,21.61,553.69,2388.06,9049.31,1.3,47.53,522.06,2388.08,8130.46,8.432,0.03,392,2388,100.0,38.99,23.247
8,46,-0.0014,0.0001,100.0,518.67,642.46,1580.33,1409.41,14.62,21.61,553.58,2388.12,9046.96,1.3,47.35,521.52,2388.07,8132.83,8.4349,0.03,393,2388,100.0,38.84,23.3712
8,47,0.0004,0.0001,100.0,518.67,642.2,1583.09,1406.95,14.62,21.61,552.92,2388.16,9034.87,1.3,47.42,521.79,2388.11,8129.99,8.4059,0.03,394,2388,100.0,38.88,23.2881
8,48,-0.0019,-0.0004,100.0,518.67,642.53,1580.31,1409.92,14.62,21.61,553.6,2388.04,9054.54,1.3,47.56,521.71,2388.05,8126.79,8.425,0.03,392,2388,100.0,38.84,23.4524
8,49,-0.003,-0.0004,100.0,518.67,642.71,1585.24,1403.03,14.62,21.61,553.77,2388.08,9047.99,1.3,47.2,521.8,2388.09,8129.05,8.388,0.03,393,2388,100.0,38.99,23.3601
8,50,-0.0005,0.0004,100.0,518.67,642.33,1583.37,1416.82,14.62,21.61,553.54,2388.09,9054.18,1.3,47.44,521.64,2388.15,8127.54,8.466,0.03,392,2388,100.0,38.66,23.32
8,51,0.002,-0.0001,100.0,518.67,642.43,1587.46,1400.47,14.62,21.61,554.0,2388.06,9039.97,1.3,47.38,522.26,2388.1,8128.29,8.427,0.03,392,2388,100.0,38.91,23.375
8,52,0.0001,0.0004,100.0,518.67,642.29,1592.67,1408.88,14.62,21.61,553.67,2388.13,9041.57,1.3,47.54,521.25,2388.11,8130.14,8.4404,0.03,393,2388,100.0,38.71,23.4156
8,53,0.003,0.0001,100.0,518.67,642.58,1592.73,1396.55,14.62,21.61,552.92,2388.15,9042.37,1.3,47.42,521.61,2388.08,8127.97,8.408,0.03,393,2388,100.0,38.68,23.2961
8,54,0.003,0.0002,100.0,518.67,642.85,1592.42,1403.19,14.62,21.61,553.92,2388.05,9042.71,1.3,47.45,521.58,2388.05,8132.13,8.4703,0.03,392,2388,100.0,38.81,23.3632
8,55,-0.0015,-0.0002,100.0,518.67,642.47,1587.78,1404.98,14.62,21.6,553.32,2388.12,9051.86,1.3,47.41,521.64,2388.05,8127.23,8.4222,0.03,392,2388,100.0,38.77,23.2343
8,56,0.0001,0.0001,100.0,518.67,642.84,1590.29,1408.69,14.62,21.61,553.99,2388.13,9053.29,1.3,47.42,521.56,2388.1,8131.26,8.4385,0.03,393,2388,100.0,38.63,23.3042
8,57,-0.0028,-0.0002,100.0,518.67,642.35,1590.31,1407.99,14.62,21.61,553.7,2388.12,9046.81,1.3,47.62,521.3,2388.07,8128.23,8.4082,0.03,393,2388,100.0,38.94,23.4161
8,58,-0.0005,-0.0003,100.0,518.67,642.39,1591.14,1409.73,14.62,21.61,553.77,2388.12,9045.22,1.3,47.34,521.75,2388.13,8127.46,8.4271,0.03,393,2388,100.0,38.77,23.3265
8,59,-0.0024,0.0004,100.0,518.67,642.57,1582.78,1407.24,14.62,21.61,554.45,2388.07,9047.61,1.3,47.59,521.84,2388.08,8136.05,8.428,0.03,393,2388,100.0,38.88,23.3024
8,60,0.0046,-0.0005,100.0,518.67,642.46,1588.53,1404.46,14.62,21.61,553.47,2388.14,9040.15,1.3,47.44,521.97,2388.07,8131.02,8.4404,0.03,393,2388,100.0,38.96,23.303
8,61,0.0,0.0002,100.0,518.67,642.61,1584.23,1404.43,14.62,21.61,553.23,2388.08,9049.65,1.3,47.6,521.82,2388.02,8130.26,8.4447,0.03,392,2388,100.0,38.79,23.34
8,62,-0.0004,-0.0004,100.0,518.67,642.75,1586.83,1408.7,14.62,21.61,553.95,2388.14,9052.87,1.3,47.43,522.21,2388.08,8129.71,8.4483,0.03,392,2388,100.0,38.95,23.2094
8,63,0.0014,0.0,100.0,518.67,642.39,1597.05,1406.07,14.62,21.61,553.48,2388.06,9045.8,1.3,47.53,521.75,2388.08,8126.69,8.4531,0.03,393,2388,100.0,38.8,23.3096
8,64,0.002,-0.0,100.0,518.67,642.3,1592.06,1404.82,14.62,21.61,553.97,2388.11,9057.76,1.3,47.38,521.6,2388.03,8132.57,8.42,0.03,392,2388,100.0,38.93,23.3316
8,65,0.0004,-0.0001,100.0,518.67,642.47,1591.33,1406.53,14.62,21.61,554.15,2388.09,9037.7,1.3,47.47,521.89,2388.08,8124.34,8.4674,0.03,392,2388,100.0,38.83,23.4057
8,66,0.0009,-0.0004,100.0,518.67,642.79,1595.79,1403.12,14.62,21.61,553.9,2388.09,9051.73,1.3,47.38,521.89,2388.04,8125.18,8.4214,0.03,393,2388,100.0,38.74,23.3928
8,67,-0.001,0.0001,100.0,518.67,642.58,1588.54,1406.31,14.62,21.61,554.1,2388.09,9059.3,1.3,47.62,521.72,2388.1,8135.51,8.3961,0.03,393,2388,100.0,38.79,23.4287
8,68,0.0017,-0.0004,100.0,518.67,642.37,1584.4,1402.28,14.62,21.61,553.26,2388.06,9043.86,1.3,47.34,521.42,2388.13,8130.96,8.4235,0.03,392,2388,100.0,38.94,23.3122
8,69,0.0031,-0.0004,100.0,518.67,642.15,1586.02,1407.69,14.62,21.61,553.1,2388.13,9051.48,1.3,47.47,521.48,2388.07,8130.09,8.451,0.03,392,2388,100.0,38.94,23.2831
8,70,0.0015,0.0003,100.0,518.67,642.62,1587.08,1399.78,14.62,21.61,552.97,2388.14,9051.13,1.3,47.43,521.75,2388.15,8129.87,8.4348,0.03,391,2388,100.0,38.82,23.2907
8,71,0.0007,-0.0004,100.0,518.67,642.6,1588.88,1401.55,14.62,21.61,553.62,2388.11,9049.8,1.3,47.72,522.15,2388.05,8129.45,8.4679,0.03,392,2388,100.0,38.88,23.3243
8,72,0.0017,-0.0004,100.0,518.67,642.24,1585.32,1404.74,14.62,21.61,554.35,2388.1,9056.29,1.3,47.32,521.68,2388.12,8132.98,8.4237,0.03,391,2388,100.0,38.83,23.2733
8,73,-0.0009,-0.0005,100.0,518.67,642.45,1589.61,1404.55,14.62,21.61,553.98,2388.09,9050.96,1.3,47.63,521.89,2388.08,8127.2,8.4219,0.03,394,2388,100.0,38.84,23.2643
8,74,-0.0022,0.0003,100.0,518.67,642.42,1589.14,1407.2,14.62,21.61,554.05,2388.12,9049.19,1.3,47.4,521.51,2388.11,8130.36,8.3826,0.03,393,2388,100.0,38.92,23.2243
8,75,-0.0042,-0.0001,100.0,518.67,642.1,1589.34,1411.94,14.62,21.61,553.53,2388.14,9048.6,1.3,47.39,521.32,2388.1,8131.72,8.4074,0.03,393,2388,100.0,38.9,23.3201
8,76,-0.0005,-0.0001,100.0,518.67,642.98,1586.75,1410.06,14.62,21.61,553.61,2388.03,9048.04,1.3,47.34,521.4,2388.21,8129.84,8.4289,0.03,390,2388,100.0,38.99,23.3967
8,77,0.0014,-0.0002,100.0,518.67,642.53,1580.79,1402.55,14.62,21.61,553.71,2388.06,9045.8,1.3,47.32,521.5,2388.08,8133.11,8.4044,0.03,392,2388,100.0,38.97,23.3103
8,78,0.0038,-0.0002,100.0,518.67,642.07,1589.91,1403.42,14.62,21.61,553.02,2388.1,9048.66,1.3,47.43,521.95,2388.07,8125.63,8.4065,0.03,393,2388,100.0,38.8,23.3393
8,79,-0.0031,0.0004,100.0,518.67,642.55,1590.11,1406.21,14.62,21.61,553.79,2388.11,9041.07,1.3,47.33,521.58,2388.16,8129.73,8.426,0.03,394,2388,100.0,38.66,23.2931
8,80,-0.0006,0.0001,100.0,518.67,642.85,1588.7,1407.49,14.62,21.61,553.53,2388.09,9044.18,1.3,47.48,521.48,2388.11,8132.07,8.401,0.03,391,2388,100.0,38.8,23.4094
8,81,0.0035,0.0003,100.0,518.67,642.73,1589.85,1400.2,14.62,21.61,553.65,2388.12,9050.12,1.3,47.5,521.94,2388.1,8131.45,8.4451,0.03,393,2388,100.0,38.83,23.2185
8,82,0.0018,-0.0004,100.0,518.67,642.25,1585.61,1404.21,14.62,21.61,553.25,2388.13,9050.17,1.3,47.63,521.37,2388.11,8127.38,8.4198,0.03,392,2388,100.0,38.97,23.2805
8,83,-0.0019,0.0003,100.0,518.67,642.64,1589.79,1408.66,14.62,21.61,554.03,2388.11,9045.27,1.3,47.51,521.38,2388.08,8125.35,8.4736,0.03,393,2388,100.0,38.89,23.3946
8,84,-0.0028,0.0003,100.0,518.67,642.52,1597.58,1398.1,14.62,21.61,552.38,2388.1,9053.84,1.3,47.47,521.5,2388.11,8132.05,8.4496,0.03,393,2388,100.0,38.74,23.3733
8,85,-0.004,0.0003,100.0,518.67,642.78,1587.94,1409.34,14.62,21.61,553.53,2388.07,9045.43,1.3,47.48,521.87,2388.1,8127.53,8.4353,0.03,393,2388,100.0,38.95,23.341
8,86,0.0014,0.0003,100.0,518.67,643.09,1590.96,1408.55,14.62,21.61,553.23,2388.08,9051.76,1.3,47.5,521.51,2388.07,8134.9,8.441,0.03,394,2388,100.0,38.85,23.3442
8,87,0.0022,-0.0005,100.0,518.67,642.34,1584.44,1407.12,14.62,21.61,553.49,2388.18,9050.34,1.3,47.42,521.99,2388.13,8128.18,8.421,0.03,395,2388,100.0,38.94,23.3782
8,88,-0.0003,0.0002,100.0,518.67,642.67,1588.19,1406.25,14.62,21.61,553.93,2388.07,9056.42,1.3,47.51,521.46,2388.08,8127.07,8.4378,0.03,394,2388,100.0,39.02,23.3727
8,89,-0.0006,0.0002,100.0,518.67,642.28,1587.58,1410.09,14.62,21.61,554.17,2388.06,9051.09,1.3,47.3,522.09,2388.02,8133.2,8.404,0.03,393,2388,100.0,38.82,23.3269
8,90,0.0015,0.0001,100.0,518.67,642.83,1595.48,1408.35,14.62,21.61,553.64,2388.1,9048.74,1.3,47.74,521.11,2388.1,8126.07,8.4592,0.03,392,2388,100.0,38.98,23.4035
8,91,-0.0003,0.0001,100.0,518.67,642.97,1584.52,1408.56,14.62,21.61,553.86,2388.04,9038.54,1.3,47.43,521.68,2388.04,8135.19,8.4326,0.03,393,2388,100.0,38.95,23.3165
8,92,0.0009,-0.0002,100.0,518.67,642.4,1592.6,1398.34,14.62,21.61,553.78,2388.11,9046.72,1.3,47.34,521.43,2388.1,8135.34,8.4468,0.03,393,2388,100.0,38.72,23.4032
8,93,0.0029,-0.0004,100.0,518.67,642.4,1590.18,1402.56,14.62,21.61,553.56,2388.15,9045.9,1.3,47.55,521.42,2388.1,8128.0,8.4116,0.03,393,2388,100.0,38.96,23.2532
8,94,-0.001,0.0004,100.0,518.67,642.56,1583.01,1405.07,14.62,21.61,553.72,2388.13,9053.07,1.3,47.5,521.32,2388.09,8131.23,8.4882,0.03,393,2388,100.0,38.95,23.3653
8,95,-0.0009,0.0004,100.0,518.67,642.05,1590.52,1408.27,14.62,21.61,552.86,2388.07,9047.01,1.3,47.4,521.1,2388.07,8124.87,8.4759,0.03,394,2388,100.0,38.78,23.3215
8,96,0.0022,0.0003,100.0,518.67,642.72,1586.72,1407.42,14.62,21.61,553.54,2388.08,9042.07,1.3,47.51,521.1,2388.09,8128.83,8.4462,0.03,394,2388,100.0,38.91,23.3437
8,97,-0.0002,-0.0002,100.0,518.67,642.23,1590.89,1408.31,14.62,21.61,553.24,2388.14,9041.68,1.3,47.43,521.92,2388.14,8130.82,8.4173,0.03,394,2388,100.0,38.93,23.2142
8,98,-0.0008,-0.0004,100.0,518.67,642.62,1577.28,1407.18,14.62,21.61,552.95,2388.11,9048.67,1.3,47.48,521.5,2388.09,8123.44,8.4293,0.03,392,2388,100.0,38.74,23.2906
8,99,0.0014,0.0005,100.0,518.67,642.99,1587.82,1407.66,14.62,21.61,553.76,2388.11,9056.05,1.3,47.41,521.37,2388.1,8126.02,8.426,0.03,392,2388,100.0,38.81,23.3348
8,100,-0.001,-0.0002,100.0,518.67,642.8,1592.86,1406.44,14.62,21.61,553.61,2388.11,9049.64,1.3,47.49,521.65,2388.12,8129.26,8.4467,0.03,392,2388,100.0,38.85,23.2747
8,101,0.0029,0.0005,100.0,518.67,642.53,1592.17,1412.19,14.62,21.61,553.64,2388.16,9050.22,1.3,47.47,521.8,2388.1,8129.33,8.4687,0.03,392,2388,100.0,38.9,23.2915
8,102,-0.0055,0.0002,100.0,518.67,642.61,1587.28,1412.59,14.62,21.61,553.45,2388.12,9051.38,1.3,47.6,521.66,2388.08,8132.98,8.4535,0.03,393,2388,100.0,38.8,23.3768
8,103,0.0033,0.0002,100.0,518.67,641.88,1595.39,1405.59,14.62,21.61,553.28,2388.17,9048.44,1.3,47.46,521.56,2388.12,8129.58,8.4068,0.03,391,2388,100.0,39.06,23.3803
8,104,-0.003,0.0,100.0,518.67,642.4,1588.41,1414.56,14.62,21.61,553.72,2388.09,9054.82,1.3,47.56,521.41,2388.08,8129.3,8.4015,0.03,393,2388,100.0,38.89,23.1872
8,105,0.0002,0.0004,100.0,518.67,642.58,1588.4,1404.37,14.62,21.61,552.58,2388.1,9051.48,1.3,47.37,521.25,2388.09,8130.57,8.4433,0.03,393,2388,100.0,38.84,23.2478
8,106,0.0006,0.0005,100.0,518.67,642.54,1584.31,1413.57,14.62,21.61,553.41,2388.09,9054.23,1.3,47.54,521.2,2388.07,8127.1,8.4001,0.03,394,2388,100.0,38.91,23.4405
8,107,0.0037,-0.0004,100.0,518.67,642.49,1591.31,1412.84,14.62,21.61,553.92,2388.13,9052.15,1.3,47.45,521.31,2388.08,8120.7,8.4256,0.03,393,2388,100.0,38.92,23.3371
8,108,0.0003,-0.0005,100.0,518.67,642.91,1590.77,1400.02,14.62,21.61,553.37,2388.09,9048.76,1.3,47.47,521.58,2388.07,8133.76,8.4352,0.03,393,2388,100.0,38.78,23.2639
8,109,-0.0002,0.0,100.0,518.67,642.55,1589.58,1410.22,14.62,21.61,553.03,2388.07,9047.3,1.3,47.46,521.11,2388.14,8135.73,8.436,0.03,394,2388,100.0,38.78,23.2775
8,110,-0.002,0.0001,100.0,518.67,642.45,1589.52,1409.35,14.62,21.61,553.6,2388.11,9048.5,1.3,47.5,521.69,2387.97,8130.11,8.4185,0.03,392,2388,100.0,38.76,23.3507
8,111,-0.0007,0.0,100.0,518.67,643.04,1592.69,1403.2,14.62,21.61,553.35,2388.09,9054.86,1.3,47.52,521.75,2388.15,8131.54,8.4893,0.03,393,2388,100.0,38.87,23.3045
8,112,-0.0001,0.0001,100.0,518.67,642.86,1595.82,1402.8,14.62,21.61,553.65,2388.13,9052.59,1.3,47.6,521.58,2388.11,8130.89,8.4247,0.03,394,2388,100.0,38.93,23.3965
8,113,0.004,-0.0001,100.0,518.67,642.87,1587.62,1405.46,14.62,21.61,552.94,2388.14,9046.85,1.3,47.39,521.7,2388.11,8133.2,8.4324,0.03,392,2388,100.0,38.85,23.2018
8,114,0.0015,-0.0005,100.0,518.67,642.71,1587.32,1408.56,14.62,21.61,553.61,2388.11,9049.05,1.3,47.57,521.45,2388.07,8132.77,8.4094,0.03,392,2388,100.0,38.69,23.1328
8,115,0.0048,-0.0002,100.0,518.67,642.71,1592.88,1406.55,14.62,21.61,553.3,2388.17,9050.12,1.3,47.42,521.19,2388.14,8131.89,8.436,0.03,392,2388,100.0,39.06,23.3822
8,116,0.0002,0.0001,100.0,518.67,642.75,1585.18,1401.8,14.62,21.61,552.28,2388.13,9052.47,1.3,47.59,521.34,2388.13,8126.91,8.453,0.03,393,2388,100.0,38.82,23.2171
8,117,0.003,-0.0002,100.0,518.67,642.51,1583.08,1405.5,14.62,21.61,553.79,2388.09,9054.33,1.3,47.65,521.66,2388.12,8130.18,8.4337,0.03,392,2388,100.0,38.92,23.2105
8,118,-0.0001,-0.0004,100.0,518.67,642.42,1587.6,1407.55,14.62,21.61,553.87,2388.09,9050.27,1.3,47.2,522.12,2388.09,8132.93,8.4046,0.03,392,2388,100.0,38.7,23.3402
8,119,-0.001,0.0002,100.0,518.67,642.69,1582.81,1406.43,14.62,21.61,553.23,2388.13,9044.18,1.3,47.5,521.69,2388.11,8125.72,8.458,0.03,392,2388,100.0,38.78,23.2844
8,120,0.0004,-0.0002,100.0,518.67,642.46,1589.04,1408.85,14.62,21.61,553.56,2388.09,9051.19,1.3,47.34,521.48,2388.1,8130.28,8.4206,0.03,392,2388,100.0,38.75,23.2344
8,121,-0.0019,0.0001,100.0,518.67,642.49,1581.79,1407.06,14.62,21.61,553.88,2388.09,9043.98,1.3,47.37,521.35,2388.15,8126.64,8.4333,0.03,393,2388,100.0,38.73,23.3226
8,122,-0.0028,0.0003,100.0,518.67,642.88,1590.47,1401.03,14.62,21.61,553.28,2388.12,9045.86,1.3,47.64,521.85,2388.1,8135.67,8.4187,0.03,394,2388,100.0,38.69,23.3147
8,123,0.0005,-0.0002,100.0,518.67,642.9,1588.44,1405.73,14.62,21.61,552.94,2388.13,9050.61,1.3,47.35,521.63,2388.1,8129.99,8.4296,0.03,394,2388,100.0,38.92,23.2745
8,124,-0.0006,0.0001,100.0,518.67,641.85,1592.74,1404.57,14.62,21.61,553.65,2388.14,9053.06,1.3,47.5,521.46,2388.06,8134.79,8.4459,0.03,394,2388,100.0,38.83,23.3306
8,125,-0.0009,0.0002,100.0,518.67,643.1,1586.97,1411.43,14.62,21.61,553.21,2388.14,9051.53,1.3,47.29,521.41,2388.09,8128.06,8.4492,0.03,392,2388,100.0,38.9,23.3534
8,126,0.001,-0.0002,100.0,518.67,642.66,1590.3,1413.22,14.62,21.61,553.83,2388.17,9050.63,1.3,47.37,521.65,2388.1,8131.94,8.3663,0.03,394,2388,100.0,38.54,23.2936
8,127,-0.0014,0.0003,100.0,518.67,642.81,1591.62,1411.35,14.62,21.61,553.66,2388.1,9047.39,1.3,47.41,521.24,2388.08,8131.99,8.456,0.03,391,2388,100.0,38.82,23.3167
8,128,-0.0017,0.0,100.0,518.67,643.04,1583.35,1410.18,14.62,21.61,553.56,2388.11,9043.01,1.3,47.56,521.9,2388.07,8128.08,8.4598,0.03,392,2388,100.0,38.75,23.3425
8,129,0.0033,0.0001,100.0,518.67,642.26,1589.71,1416.57,14.62,21.61,552.89,2388.14,9044.06,1.3,47.64,521.87,2388.1,8128.16,8.4502,0.03,393,2388,100.0,38.85,23.3118
8,130,-0.0034,0.0002,100.0,518.67,642.58,1586.06,1414.27,14.62,21.61,553.06,2388.12,9056.15,1.3,47.49,521.21,2388.11,8126.41,8.4255,0.03,393,2388,100.0,38.76,23.1832
8,131,-0.0,-0.0002,100.0,518.67,642.51,1584.08,1403.66,14.62,21.61,553.21,2388.11,9052.34,1.3,47.43,521.01,2388.07,8136.13,8.4098,0.03,395,2388,100.0,38.72,23.2822
8,132,0.002,-0.0002,100.0,518.67,642.87,1583.51,1414.47,14.62,21.61,553.91,2388.11,9052.04,1.3,47.37,521.84,2388.13,8131.85,8.4365,0.03,393,2388,100.0,38.85,23.312
8,133,-0.0057,0.0002,100.0,518.67,642.36,1586.51,1408.32,14.62,21.61,553.56,2388.16,9047.37,1.3,47.63,521.42,2388.1,8128.23,8.4475,0.03,393,2388,100.0,38.76,23.3136
8,134,0.001,0.0001,100.0,518.67,642.77,1591.63,1413.73,14.62,21.61,553.96,2388.13,9055.35,1.3,47.49,521.3,2388.08,8128.15,8.4388,0.03,392,2388,100.0,38.83,23.2992
8,135,0.0026,-0.0001,100.0,518.67,642.62,1590.75,1401.87,14.62,21.61,552.94,2388.17,9051.05,1.3,47.44,522.09,2388.09,8133.04,8.4562,0.03,392,2388,100.0,38.86,23.2686
8,136,0.0014,-0.0001,100.0,518.67,642.54,1590.09,1413.61,14.62,21.61,553.37,2388.18,9053.15,1.3,47.51,521.58,2388.14,8130.75,8.4309,0.03,395,2388,100.0,38.85,23.3479
8,137,0.002,-0.0002,100.0,518.67,642.96,1591.29,1407.54,14.62,21.61,553.25,2388.18,9050.46,1.3,47.62,521.18,2388.1,8126.59,8.4176,0.03,392,2388,100.0,38.86,23.2755
8,138,0.0012,-0.0002,100.0,518.67,642.95,1584.01,1406.27,14.62,21.61,552.93,2388.18,9049.6,1.3,47.59,521.7,2388.08,8135.05,8.4375,0.03,393,2388,100.0,38.98,23.2755
8,139,-0.0006,0.0004,100.0,518.67,642.49,1593.37,1410.51,14.62,21.61,553.06,2388.12,9040.27,1.3,47.52,521.11,2388.12,8123.05,8.4518,0.03,393,2388,100.0,38.85,23.3441
8,140,0.0029,0.0002,100.0,518.67,642.57,1592.09,1407.14,14.62,21.61,553.1,2388.14,9050.75,1.3,47.55,521.22,2388.09,8132.28,8.4617,0.03,394,2388,100.0,38.76,23.2236
8,141,0.0018,-0.0002,100.0,518.67,642.34,1594.53,1412.18,14.62,21.61,552.77,2388.07,9049.47,1.3,47.49,521.34,2388.17,8132.52,8.4484,0.03,392,2388,100.0,38.9,23.2986
8,142,0.0038,0.0002,100.0,518.67,642.12,1582.17,1413.33,14.62,21.61,554.11,2388.11,9050.92,1.3,47.5,520.8,2388.11,8131.87,8.4047,0.03,393,2388,100.0,38.81,23.2939
8,143,0.0038,0.0003,100.0,518.67,642.75,1591.55,1409.2,14.62,21.61,552.81,2388.16,9051.64,1.3,47.47,522.29,2388.13,8133.68,8.4272,0.03,393,2388,100.0,38.91,23.2899
8,144,-0.0017,-0.0002,100.0,518.67,642.45,1587.44,1412.29,14.62,21.61,553.38,2388.07,9050.15,1.3,47.57,520.92,2388.17,8132.69,8.4181,0.03,393,2388,100.0,39.01,23.2037
8,145,0.0003,-0.0004,100.0,518.67,642.5,1583.29,1407.38,14.62,21.61,552.85,2388.14,9049.42,1.3,47.76,520.81,2388.12,8133.16,8.4447,0.03,393,2388,100.0,38.74,23.2453
8,146,0.0041,0.0004,100.0,518.67,642.49,1584.2,1415.05,14.62,21.61,553.63,2388.13,9045.1,1.3,47.43,521.74,2388.07,8133.28,8.4469,0.03,394,2388,100.0,38.98,23.2518
8,147,0.0035,0.0004,100.0,518.67,642.66,1590.61,1406.59,14.62,21.61,553.72,2388.14,9043.07,1.3,47.45,521.17,2388.1,8130.9,8.4567,0.03,392,2388,100.0,38.79,23.4161
8,148,-0.0013,-0.0003,100.0,518.67,642.47,1591.51,1398.98,14.62,21.61,553.43,2388.16,9049.55,1.3,47.58,521.35,2388.1,8126.26,8.4456,0.03,392,2388,100.0,39.09,23.2872
8,149,-0.0033,-0.0001,100.0,518.67,642.3,1592.44,1412.56,14.62,21.61,552.79,2388.18,9048.2,1.3,47.6,521.16,2388.11,8126.93,8.4399,0.03,393,2388,100.0,38.99,23.2968
8,150,0.0018,0.0005,100.0,518.67,642.19,1593.36,1408.48,14.62,21.61,553.75,2388.16,9040.07,1.3,47.6,521.79,2388.19,8126.84,8.4347,0.03,394,2388,100.0,38.92,23.4308
8,151,-0.0005,-0.0003,100.0,518.67,642.43,1589.0,1412.34,14.62,21.61,553.23,2388.07,9053.72,1.3,47.59,521.23,2388.16,8131.94,8.437,0.03,394,2388,100.0,38.67,23.3036
8,152,-0.0038,0.0003,100.0,518.67,642.73,1590.58,1409.18,14.62,21.61,553.24,2388.13,9055.15,1.3,47.67,520.9,2388.08,8126.0,8.4542,0.03,393,2388,100.0,38.87,23.2182
8,153,0.0001,0.0004,100.0,518.67,642.52,1578.51,1407.29,14.62,21.61,553.38,2388.13,9053.89,1.3,47.59,520.93,2388.09,8136.12,8.4652,0.03,392,2388,100.0,38.61,23.183
8,154,-0.0005,0.0005,100.0,518.67,642.57,1585.76,1410.2,14.62,21.61,552.77,2388.18,9047.83,1.3,47.6,521.22,2388.15,8127.36,8.4332,0.03,393,2388,100.0,38.96,23.2341
8,155,-0.0014,-0.0002,100.0,518.67,642.48,1584.28,1404.73,14.62,21.61,553.13,2388.13,9049.99,1.3,47.6,520.98,2388.12,8124.13,8.4801,0.03,393,2388,100.0,38.93,23.3214
8,156,-0.0011,-0.0004,100.0,518.67,642.25,1591.79,1403.47,14.62,21.61,553.9,2388.17,9049.13,1.3,47.49,520.71,2388.03,8130.6,8.4509,0.03,393,2388,100.0,38.81,23.2452
8,157,-0.0018,0.0004,100.0,518.67,642.65,1594.97,1409.28,14.62,21.61,553.27,2388.16,9053.02,1.3,47.59,520.75,2388.19,8131.36,8.4697,0.03,394,2388,100.0,38.6,23.2986
8,158,0.0025,-0.0004,100.0,518.67,642.65,1589.08,1404.33,14.62,21.61,552.5,2388.13,9043.66,1.3,47.58,521.26,2388.16,8130.37,8.4586,0.03,393,2388,100.0,38.68,23.3133
8,159,-0.0009,0.0002,100.0,518.67,642.45,1583.61,1407.28,14.62,21.61,552.93,2388.13,9052.59,1.3,47.58,521.4,2388.04,8129.85,8.4408,0.03,394,2388,100.0,38.77,23.2132
8,160,0.0009,0.0002,100.0,518.67,642.72,1592.77,1411.99,14.62,21.61,552.75,2388.13,9054.57,1.3,47.5,521.05,2388.13,8134.97,8.4726,0.03,394,2388,100.0,38.83,23.3636
8,161,-0.0008,0.0001,100.0,518.67,642.87,1585.24,1410.17,14.62,21.61,553.35,2388.15,9052.55,1.3,47.51,520.83,2388.16,8126.7,8.4666,0.03,392,2388,100.0,38.9,23.2678
8,162,-0.0007,0.0005,100.0,518.67,642.92,1595.14,1405.25,14.62,21.61,553.08,2388.16,9052.0,1.3,47.5,520.96,2388.12,8130.38,8.4382,0.03,393,2388,100.0,38.8,23.3145
8,163,0.0019,-0.0002,100.0,518.67,642.96,1586.01,1414.6,14.62,21.61,553.3,2388.12,9051.82,1.3,47.52,521.05,2388.1,8129.86,8.4732,0.03,393,2388,100.0,38.8,23.2689
8,164,-0.0003,0.0004,100.0,518.67,642.71,1594.98,1411.02,14.62,21.61,553.38,2388.14,9047.77,1.3,47.51,520.93,2388.09,8128.22,8.4396,0.03,393,2388,100.0,38.85,23.3389
8,165,-0.0,0.0002,100.0,518.67,643.27,1594.14,1406.12,14.62,21.61,552.65,2388.09,9044.44,1.3,47.61,520.99,2388.15,8132.9,8.4441,0.03,392,2388,100.0,38.72,23.2911
8,166,0.0016,-0.0005,100.0,518.67,642.59,1591.91,1413.89,14.62,21.61,553.51,2388.14,9049.96,1.3,47.59,520.53,2388.12,8127.84,8.4744,0.03,393,2388,100.0,38.73,23.2465
9,1,-0.0039,0.0,100.0,518.67,642.85,1587.9,1399.24,14.62,21.61,553.91,2388.16,9049.36,1.3,47.54,521.22,2388.15,8133.88,8.4256,0.03,394,2388,100.0,38.91,23.311
9,2,-0.0002,0.0001,100.0,518.67,643.14,1592.19,1413.58,14.62,21.61,553.12,2388.16,9048.75,1.3,47.5,521.21,2388.06,8125.63,8.4356,0.03,393,2388,100.0,38.77,23.2304
9,3,-0.0014,-0.0004,100.0,518.67,642.67,1586.04,1406.54,14.62,21.61,553.21,2388.09,9045.84,1.3,47.6,520.9,2388.11,8129.13,8.4442,0.03,391,2388,100.0,38.85,23.1762
9,4,0.0011,-0.0003,100.0,518.67,642.66,1592.61,1402.47,14.62,21.61,553.97,2388.15,9046.17,1.3,47.68,521.35,2388.09,8127.37,8.4311,0.03,394,2388,100.0,38.87,23.3333
9,5,-0.0012,0.0002,100.0,518.67,642.07,1589.04,1408.78,14.62,21.61,552.76,2388.12,9055.16,1.3,47.59,521.2,2388.14,8132.17,8.4687,0.03,394,2388,100.0,39.02,23.3235
9,6,-0.0014,0.0005,100.0,518.67,642.39,1588.74,1407.56,14.62,21.61,553.8,2388.05,9048.52,1.3,47.44,521.03,2388.08,8128.22,8.4145,0.03,393,2388,100.0,38.68,23.2022
9,7,-0.0013,0.0001,100.0,518.67,642.5,1586.91,1412.85,14.62,21.61,553.74,2388.09,9048.16,1.3,47.42,521.42,2388.06,8132.83,8.4432,0.03,393,2388,100.0,39.06,23.3471
9,8,-0.0011,0.0005,100.0,518.67,642.8,1586.54,1404.87,14.62,21.61,552.6,2388.15,9051.68,1.3,47.49,521.32,2388.13,8128.21,8.4432,0.03,392,2388,100.0,39.2,23.3235
9,9,-0.0016,-0.0003,100.0,518.67,642.32,1590.13,1404.73,14.62,21.61,553.8,2388.08,9049.14,1.3,47.57,521.57,2388.08,8128.19,8.4213,0.03,394,2388,100.0,38.84,23.2859
9,10,0.0011,0.0003,100.0,518.67,642.67,1592.41,1407.96,14.62,21.61,553.17,2388.07,9050.31,1.3,47.58,521.72,2388.1,8131.43,8.4377,0.03,392,2388,100.0,38.8,23.2511
9,11,0.0027,-0.0001,100.0,518.67,642.79,1591.46,1405.76,14.62,21.61,553.05,2388.13,9054.18,1.3,47.41,520.99,2388.12,8124.34,8.4427,0.03,392,2388,100.0,39.01,23.2766
9,12,-0.0009,0.0004,100.0,518.67,642.2,1589.59,1406.16,14.62,21.61,553.09,2388.09,9054.86,1.3,47.67,521.79,2388.11,8122.43,8.4141,0.03,392,2388,100.0,38.74,23.3434
9,13,-0.003,-0.0002,100.0,518.67,642.64,1592.38,1414.67,14.62,21.61,553.05,2388.12,9046.02,1.3,47.5,521.48,2388.1,8133.54,8.4537,0.03,393,2388,100.0,38.83,23.2731
9,14,-0.0014,0.0004,100.0,518.67,642.82,1589.5,1415.84,14.62,21.61,552.91,2388.14,9052.69,1.3,47.56,521.73,2388.14,8122.52,8.4462,0.03,393,2388,100.0,38.91,23.2565
9,15,0.004,-0.0001,100.0,518.67,642.52,1589.64,1414.45,14.62,21.61,553.99,2388.16,9053.47,1.3,47.39,521.2,2388.14,8127.63,8.4196,0.03,395,2388,100.0,38.71,23.2531
9,16,-0.0039,0.0003,100.0,518.67,643.11,1592.19,1405.56,14.62,21.61,553.36,2388.17,9044.73,1.3,47.43,521.75,2388.1,8128.85,8.4401,0.03,392,2388,100.0,38.75,23.4459
9,17,-0.0008,-0.0001,100.0,518.67,643.37,1592.78,1411.78,14.62,21.61,553.37,2388.06,9048.86,1.3,47.52,521.52,2388.08,8128.78,8.4596,0.03,393,2388,100.0,38.82,23.2645
9,18,-0.0032,0.0003,100.0,518.67,642.8,1587.32,1410.27,14.62,21.61,553.94,2388.16,9048.17,1.3,47.42,521.44,2388.11,8131.44,8.4516,0.03,393,2388,100.0,38.8,23.2486
9,19,-0.0004,0.0005,100.0,518.67,642.5,1587.7,1408.87,14.62,21.61,553.98,2388.1,9048.08,1.3,47.5,521.6,2388.14,8125.88,8.4704,0.03,393,2388,100.0,38.76,23.3316
9,20,-0.0027,-0.0004,100.0,518.67,643.26,1585.85,1408.75,14.62,21.61,553.14,2388.12,9048.15,1.3,47.38,522.12,2388.1,8127.65,8.4539,0.03,391,2388,100.0,38.99,23.3425
9,21,0.0,0.0003,100.0,518.67,642.81,1584.33,1406.5,14.62,21.61,553.09,2388.09,9041.68,1.3,47.57,521.29,2388.09,8133.25,8.4444,0.03,393,2388,100.0,38.59,23.2717
9,22,0.0038,0.0004,100.0,518.67,642.61,1592.16,1409.09,14.62,21.61,553.96,2388.09,9050.42,1.3,47.59,521.73,2388.14,8132.69,8.425,0.03,392,2388,100.0,38.67,23.3988
9,23,0.0033,-0.0002,100.0,518.67,643.07,1587.44,1403.85,14.62,21.61,553.48,2388.1,9050.3,1.3,47.56,521.42,2388.1,8132.54,8.445,0.03,394,2388,100.0,38.87,23.2037
9,24,0.0005,-0.0003,100.0,518.67,642.08,1595.48,1402.11,14.62,21.61,553.19,2388.1,9049.95,1.3,47.32,521.4,2388.09,8135.64,8.4146,0.03,393,2388,100.0,38.85,23.3051
9,25,0.0001,-0.0003,100.0,518.67,642.37,1587.06,1406.65,14.62,21.61,553.89,2388.11,9052.09,1.3,47.39,521.56,2388.13,8129.0,8.424,0.03,393,2388,100.0,38.83,23.3347
9,26,0.0029,-0.0002,100.0,518.67,642.25,1594.76,1411.33,14.62,21.61,553.22,2388.1,9055.85,1.3,47.78,521.19,2388.09,8124.77,8.4269,0.03,393,2388,100.0,38.65,23.301
9,27,0.0008,0.0002,100.0,518.67,642.92,1586.14,1409.4,14.62,21.61,553.45,2388.14,9045.08,1.3,47.33,521.59,2388.08,8130.4,8.4419,0.03,394,2388,100.0,38.84,23.3131
9,28,-0.0025,-0.0004,100.0,518.67,642.42,1600.35,1414.06,14.62,21.61,553.13,2388.1,9049.27,1.3,47.3,521.86,2388.1,8129.83,8.4322,0.03,394,2388,100.0,38.88,23.3413
9,29,0.0001,0.0001,100.0,518.67,642.51,1590.24,1412.15,14.62,21.61,552.98,2388.11,9055.0,1.3,47.54,521.34,2388.11,8131.6,8.4248,0.03,393,2388,100.0,38.91,23.2933
9,30,-0.001,0.0,100.0,518.67,642.76,1591.28,1411.63,14.62,21.61,553.48,2388.1,9056.54,1.3,47.51,521.18,2388.1,8132.21,8.4977,0.03,392,2388,100.0,38.85,23.4165
9,31,-0.0037,0.0004,100.0,518.67,642.79,1589.94,1411.53,14.62,21.61,553.13,2388.14,9049.17,1.3,47.57,521.33,2388.11,8130.73,8.4312,0.03,394,2388,100.0,38.75,23.2189
9,32,-0.001,0.0001,100.0,518.67,642.87,1585.15,1407.44,14.62,21.61,553.78,2388.09,9057.57,1.3,47.47,521.92,2388.08,8129.72,8.4309,0.03,392,2388,100.0,38.91,23.2947
9,33,0.0003,0.0003,100.0,518.67,642.81,1581.97,1402.32,14.62,21.61,552.74,2388.08,9053.11,1.3,47.43,520.97,2388.12,8129.25,8.4533,0.03,394,2388,100.0,38.73,23.2991
9,34,-0.0023,-0.0005,100.0,518.67,642.41,1581.85,1415.06,14.62,21.61,553.42,2388.11,9054.23,1.3,47.5,520.99,2388.12,8134.96,8.4212,0.03,392,2388,100.0,38.83,23.3291
9,35,0.0034,-0.0001,100.0,518.67,642.67,1590.14,1411.51,14.62,21.61,552.46,2388.07,9047.57,1.3,47.49,521.28,2388.08,8133.75,8.4361,0.03,396,2388,100.0,38.71,23.2481
9,36,-0.0004,-0.0003,100.0,518.67,642.57,1592.47,1405.13,14.62,21.61,552.26,2388.08,9046.42,1.3,47.48,521.31,2388.1,8135.21,8.4138,0.03,393,2388,100.0,38.86,23.4638
9,37,0.0003,-0.0004,100.0,518.67,642.97,1591.64,1406.4,14.62,21.61,553.28,2388.12,9048.62,1.3,47.6,521.59,2388.06,8127.88,8.4354,0.03,393,2388,100.0,38.7,23.364
9,38,0.0002,-0.0,100.0,518.67,642.62,1587.13,1411.52,14.62,21.61,553.27,2388.1,9052.89,1.3,47.43,521.66,2388.12,8141.91,8.4398,0.03,393,2388,100.0,38.85,23.294
9,39,0.0001,0.0001,100.0,518.67,642.14,1588.26,1410.76,14.62,21.61,552.93,2388.13,9052.44,1.3,47.58,521.23,2388.12,8125.27,8.4205,0.03,392,2388,100.0,38.95,23.4217
9,40,0.0014,0.0004,100.0,518.67,642.85,1592.22,1404.79,14.62,21.61,553.22,2388.08,9049.51,1.3,47.43,521.09,2388.11,8129.32,8.4503,0.03,394,2388,100.0,38.78,23.2874
9,41,-0.0033,0.0003,100.0,518.67,642.61,1587.88,1409.22,14.62,21.61,553.37,2388.17,9055.6,1.3,47.73,521.58,2388.11,8126.25,8.4177,0.03,394,2388,100.0,38.89,23.3575
9,42,-0.0018,-0.0,100.0,518.67,643.08,1594.79,1404.21,14.62,21.61,553.66,2388.09,9051.83,1.3,47.46,521.29,2388.17,8131.19,8.4179,0.03,394,2388,100.0,38.6,23.2883
9,43,-0.0014,-0.0,100.0,518.67,642.61,1592.67,1414.42,14.62,21.61,553.8,2388.09,9055.83,1.3,47.59,521.24,2388.14,8135.0,8.4521,0.03,393,2388,100.0,38.64,23.2653
9,44,0.0004,-0.0002,100.0,518.67,642.68,1590.01,1410.88,14.62,21.61,552.95,2388.07,9052.82,1.3,47.68,521.13,2388.15,8126.93,8.4101,0.03,392,2388,100.0,38.89,23.2412
9,45,0.0009,0.0005,100.0,518.67,642.58,1590.25,1406.45,14.62,21.61,553.19,2388.14,9057.99,1.3,47.39,521.87,2388.15,8132.16,8.4438,0.03,394,2388,100.0,38.93,23.2672
9,46,0.0001,-0.0001,100.0,518.67,642.33,1582.03,1410.84,14.62,21.61,553.52,2388.08,9051.75,1.3,47.51,521.73,2388.11,8130.18,8.4433,0.03,393,2388,100.0,38.71,23.2661
9,47,-0.0022,-0.0001,100.0,518.67,642.86,1596.04,1407.5,14.62,21.61,552.79,2388.12,9053.33,1.3,47.35,521.19,2388.09,8127.86,8.4025,0.03,393,2388,100.0,38.88,23.2689
9,48,0.0,0.0001,100.0,518.67,642.2,1592.75,1411.44,14.62,21.61,553.27,2388.07,9046.13,1.3,47.7,521.23,2388.11,8133.1,8.4488,0.03,393,2388,100.0,39.01,23.4005
9,49,-0.0024,-0.0005,100.0,518.67,642.81,1590.61,1412.33,14.62,21.61,553.49,2388.15,9051.82,1.3,47.31,522.01,2388.08,8130.51,8.4409,0.03,393,2388,100.0,38.79,23.3629
9,50,-0.0033,0.0004,100.0,518.67,642.72,1585.51,1404.98,14.62,21.61,553.66,2388.18,9054.6,1.3,47.44,521.74,2388.08,8127.69,8.4263,0.03,394,2388,100.0,38.85,23.2754
9,51,-0.003,-0.0003,100.0,518.67,642.78,1590.05,1404.84,14.62,21.61,552.83,2388.13,9048.37,1.3,47.6,521.45,2388.11,8138.85,8.4401,0.03,393,2388,100.0,38.78,23.3383
9,52,0.0003,0.0002,100.0,518.67,642.84,1589.18,1408.68,14.62,21.61,553.82,2388.14,9056.39,1.3,47.51,522.0,2388.13,8133.32,8.4436,0.03,393,2388,100.0,38.79,23.3996
9,53,-0.0007,-0.0002,100.0,518.67,642.77,1584.86,1409.15,14.62,21.61,553.53,2388.14,9050.22,1.3,47.73,521.0,2388.2,8128.01,8.4656,0.03,394,2388,100.0,38.81,23.3401
9,54,-0.0001,0.0002,100.0,518.67,642.09,1585.2,1404.71,14.62,21.61,553.5,2388.13,9049.64,1.3,47.5,521.54,2388.11,8132.63,8.438,0.03,392,2388,100.0,38.81,23.2658
9,55,-0.0003,0.0004,100.0,518.67,642.27,1593.61,1410.27,14.62,21.61,552.58,2388.13,9057.57,1.3,47.58,521.65,2388.16,8134.76,8.4293,0.03,392,2388,100.0,38.78,23.3515
10,1,-0.0017,-0.0,100.0,518.67,642.07,1584.19,1403.69,14.62,21.61,554.53,2388.01,9057.35,1.3,47.32,522.13,2388.01,8145.46,8.4039,0.03,391,2388,100.0,38.75,23.353
10,2,0.0061,-0.0001,100.0,518.67,642.32,1584.48,1388.37,14.62,21.61,554.43,2387.98,9061.92,1.3,47.17,522.59,2388.03,8146.38,8.3981,0.03,392,2388,100.0,39.08,23.4908
10,3,0.0027,-0.0003,100.0,518.67,641.77,1574.22,1400.07,14.62,21.6,554.38,2388.04,9058.28,1.3,46.95,522.22,2388.0,8141.22,8.3763,0.03,391,2388,100.0,39.31,23.4285
10,4,-0.0028,-0.0004,100.0,518.67,642.83,1583.9,1404.2,14.62,21.61,554.5,2388.04,9061.39,1.3,47.45,521.93,2387.97,8144.96,8.425,0.03,392,2388,100.0,39.04,23.3622
10,5,0.0013,-0.0002,100.0,518.67,642.04,1585.22,1403.5,14.62,21.6,554.52,2388.01,9071.21,1.3,47.34,522.28,2388.0,8142.12,8.4127,0.03,391,2388,100.0,38.94,23.4059
10,6,-0.0007,-0.0001,100.0,518.67,641.87,1583.49,1395.45,14.62,21.61,554.44,2388.02,9057.8,1.3,47.35,522.24,2387.98,8141.46,8.3845,0.03,392,2388,100.0,38.78,23.3883
10,7,0.0006,-0.0002,100.0,518.67,642.02,1580.84,1398.72,14.62,21.61,553.42,2387.96,9060.98,1.3,47.33,521.97,2388.0,8148.3,8.3737,0.03,392,2388,100.0,39.15,23.4004
10,8,0.0024,0.0002,100.0,518.67,641.62,1583.96,1399.01,14.62,21.61,554.99,2387.99,9060.89,1.3,47.1,521.89,2388.05,8142.62,8.3911,0.03,391,2388,100.0,38.98,23.523
10,9,-0.0006,-0.0004,100.0,518.67,642.21,1586.17,1398.14,14.62,21.61,554.78,2388.01,9063.92,1.3,47.24,522.91,2388.0,8142.14,8.414,0.03,393,2388,100.0,38.99,23.4151
10,10,-0.0008,-0.0005,100.0,518.67,641.77,1584.88,1391.26,14.62,21.61,555.02,2388.02,9061.13,1.3,47.14,522.42,2388.04,8142.58,8.3729,0.03,389,2388,100.0,39.12,23.3973
10,11,0.0017,0.0004,100.0,518.67,642.12,1586.52,1391.67,14.62,21.6,554.57,2388.0,9058.72,1.3,47.14,522.3,2388.05,8141.49,8.4277,0.03,391,2388,100.0,39.06,23.5571
10,12,-0.0025,-0.0003,100.0,518.67,642.59,1581.95,1396.57,14.62,21.6,554.79,2388.09,9069.92,1.3,46.93,522.4,2388.04,8142.06,8.3964,0.03,393,2388,100.0,39.2,23.3934
10,13,0.0005,0.0003,100.0,518.67,642.08,1584.2,1397.72,14.62,21.61,554.07,2388.01,9064.7,1.3,47.08,522.02,2388.0,8139.92,8.4258,0.03,392,2388,100.0,39.08,23.439
10,14,-0.0008,0.0005,100.0,518.67,642.02,1585.94,1396.28,14.62,21.61,554.1,2388.01,9059.86,1.3,47.27,522.52,2388.02,8144.93,8.4189,0.03,392,2388,100.0,38.91,23.3766
10,15,-0.0,0.0003,100.0,518.67,642.31,1583.59,1397.91,14.62,21.61,554.23,2387.99,9066.02,1.3,47.18,522.26,2388.03,8145.82,8.3776,0.03,392,2388,100.0,38.99,23.3718
10,16,0.0006,0.0003,100.0,518.67,641.96,1583.65,1395.43,14.62,21.61,554.05,2388.02,9061.01,1.3,47.27,522.49,2387.97,8142.63,8.4339,0.03,392,2388,100.0,38.8,23.4072
10,17,0.0035,0.0004,100.0,518.67,642.16,1580.97,1397.41,14.62,21.61,554.27,2388.0,9057.65,1.3,47.16,522.37,2388.03,8145.1,8.3876,0.03,392,2388,100.0,38.97,23.508
10,18,0.0014,-0.0004,100.0,518.67,641.89,1583.75,1396.16,14.62,21.61,554.26,2387.99,9061.29,1.3,47.27,522.32,2387.99,8145.15,8.3894,0.03,392,2388,100.0,39.09,23.5069
10,19,-0.0007,0.0004,100.0,518.67,642.23,1577.02,1395.68,14.62,21.61,554.46,2387.96,9063.25,1.3,47.08,522.48,2388.02,8142.63,8.4382,0.03,389,2388,100.0,39.13,23.4721
10,20,-0.0028,0.0001,100.0,518.67,643.09,1590.09,1391.56,14.62,21.61,554.04,2387.99,9062.87,1.3,47.2,522.31,2388.06,8139.73,8.3724,0.03,391,2388,100.0,39.12,23.2949
10,21,0.0037,0.0005,100.0,518.67,642.34,1584.29,1397.33,14.62,21.61,554.65,2388.04,9064.31,1.3,47.14,521.96,2388.04,8141.83,8.3889,0.03,393,2388,100.0,39.17,23.4324
10,22,0.0042,0.0004,100.0,518.67,642.46,1581.44,1398.69,14.62,21.61,554.62,2388.05,9059.13,1.3,47.16,522.25,2388.04,8146.97,8.3975,0.03,391,2388,100.0,39.0,23.4179
10,23,0.0018,0.0004,100.0,518.67,642.18,1586.27,1402.27,14.62,21.61,554.53,2387.98,9055.06,1.3,47.34,522.44,2388.01,8138.79,8.4197,0.03,392,2388,100.0,38.98,23.3518
10,24,0.0041,-0.0001,100.0,518.67,642.66,1577.57,1390.23,14.62,21.61,554.25,2388.03,9055.85,1.3,47.21,522.17,2388.0,8137.88,8.3569,0.03,390,2388,100.0,39.04,23.2705
10,25,-0.0004,-0.0002,100.0,518.67,642.45,1580.95,1394.95,14.62,21.61,554.16,2388.0,9062.6,1.3,47.17,521.84,2388.02,8146.02,8.367,0.03,391,2388,100.0,39.05,23.4341
10,26,0.002,0.0004,100.0,518.67,641.83,1577.72,1402.57,14.62,21.61,553.76,2388.09,9065.22,1.3,47.38,522.12,2387.99,8145.24,8.3825,0.03,391,2388,100.0,39.02,23.4653
10,27,-0.0012,0.0002,100.0,518.67,642.14,1575.32,1398.99,14.62,21.61,554.73,2388.03,9064.25,1.3,47.26,522.48,2388.0,8145.59,8.4219,0.03,392,2388,100.0,39.05,23.3695
10,28,-0.0017,-0.0004,100.0,518.67,642.35,1580.62,1393.01,14.62,21.61,554.13,2388.05,9054.94,1.3,47.45,522.49,2388.01,8146.98,8.406,0.03,391,2388,100.0,38.88,23.3968
10,29,-0.0007,0.0002,100.0,518.67,642.11,1585.14,1391.43,14.62,21.6,554.03,2388.03,9061.7,1.3,47.18,521.96,2387.97,8144.96,8.4051,0.03,392,2388,100.0,39.09,23.4007
10,30,0.002,-0.0001,100.0,518.67,642.78,1582.06,1394.81,14.62,21.61,553.8,2387.99,9065.26,1.3,47.28,522.51,2388.0,8144.36,8.4195,0.03,392,2388,100.0,38.97,23.3872
10,31,-0.0009,0.0002,100.0,518.67,641.93,1588.23,1396.37,14.62,21.6,554.62,2387.98,9059.94,1.3,47.28,522.07,2388.01,8138.61,8.4022,0.03,392,2388,100.0,39.07,23.4583
10,32,0.0008,-0.0003,100.0,518.67,642.13,1591.31,1397.95,14.62,21.61,553.47,2388.0,9063.3,1.3,47.22,522.75,2388.02,8141.93,8.4093,0.03,392,2388,100.0,39.05,23.3576
10,33,-0.002,-0.0001,100.0,518.67,641.91,1589.17,1406.56,14.62,21.61,554.81,2388.0,9063.72,1.3,47.3,522.21,2388.01,8147.98,8.3967,0.03,392,2388,100.0,39.02,23.3635
10,34,-0.0021,-0.0003,100.0,518.67,642.36,1581.1,1395.95,14.62,21.6,554.65,2387.96,9055.54,1.3,47.16,522.07,2387.98,8150.1,8.432,0.03,392,2388,100.0,38.98,23.4401
10,35,0.0018,-0.0005,100.0,518.67,641.8,1577.98,1398.79,14.62,21.61,554.32,2388.04,9060.0,1.3,47.27,522.12,2388.06,8142.24,8.3884,0.03,393,2388,100.0,38.88,23.3273
10,36,0.0001,0.0003,100.0,518.67,642.49,1581.19,1400.63,14.62,21.61,554.94,2388.05,9065.36,1.3,47.36,522.27,2387.99,8137.29,8.3833,0.03,392,2388,100.0,38.91,23.4217
10,37,0.0016,0.0004,100.0,518.67,642.67,1592.51,1393.29,14.62,21.61,554.05,2388.01,9062.39,1.3,47.04,522.73,2387.98,8146.66,8.4352,0.03,391,2388,100.0,39.01,23.312
10,38,-0.0006,-0.0002,100.0,518.67,641.56,1581.33,1404.24,14.62,21.61,554.43,2387.96,9056.7,1.3,47.29,522.62,2388.0,8141.82,8.3756,0.03,392,2388,100.0,39.23,23.4983
10,39,-0.004,0.0,100.0,518.67,642.74,1584.58,1396.99,14.62,21.61,554.43,2388.05,9053.76,1.3,47.27,521.54,2388.06,8141.08,8.402,0.03,392,2388,100.0,38.94,23.4279
10,40,-0.0002,0.0002,100.0,518.67,642.47,1583.02,1399.21,14.62,21.61,554.78,2388.06,9064.8,1.3,47.19,522.22,2387.98,8139.9,8.4097,0.03,392,2388,100.0,39.05,23.2912
10,41,0.001,0.0001,100.0,518.67,642.49,1584.15,1406.55,14.62,21.61,555.06,2388.01,9060.38,1.3,47.19,522.07,2387.98,8144.1,8.4639,0.03,392,2388,100.0,38.8,23.463
10,42,-0.0022,-0.0002,100.0,518.67,641.75,1581.56,1406.59,14.62,21.61,554.28,2387.99,9063.7,1.3,47.16,522.17,2388.03,8139.24,8.3965,0.03,391,2388,100.0,39.09,23.5037
10,43,0.0012,0.0001,100.0,518.67,642.11,1586.29,1398.2,14.62,21.61,554.57,2387.95,9054.11,1.3,47.19,522.17,2388.03,8144.25,8.3715,0.03,392,2388,100.0,38.91,23.3455
10,44,0.0012,0.0,100.0,518.67,642.85,1591.78,1401.03,14.62,21.61,554.36,2388.01,9063.84,1.3,47.07,521.94,2387.94,8138.42,8.369,0.03,393,2388,100.0,39.08,23.314
10,45,-0.0007,-0.0005,100.0,518.67,642.12,1584.74,1396.94,14.62,21.61,554.46,2387.98,9056.28,1.3,47.05,522.49,2387.99,8148.31,8.3925,0.03,393,2388,100.0,39.12,23.4508
10,46,-0.0042,-0.0,100.0,518.67,642.61,1584.68,1404.97,14.62,21.61,553.78,2387.99,9050.25,1.3,47.15,522.3,2387.97,8138.99,8.4222,0.03,392,2388,100.0,38.95,23.3518
10,47,0.0022,0.0,100.0,518.67,642.3,1588.26,1390.62,14.62,21.61,554.41,2388.01,9068.62,1.3,47.32,521.98,2387.97,8146.67,8.3832,0.03,392,2388,100.0,38.86,23.3884
10,48,-0.0035,0.0003,100.0,518.67,642.51,1583.21,1396.78,14.62,21.61,553.63,2388.03,9063.32,1.3,47.19,522.17,2388.01,8138.4,8.4074,0.03,392,2388,100.0,39.0,23.3662
10,49,-0.0002,-0.0002,100.0,518.67,642.13,1588.22,1394.7,14.62,21.6,554.65,2387.99,9060.24,1.3,47.1,522.69,2388.01,8139.55,8.3774,0.03,391,2388,100.0,38.95,23.3735
10,50,0.0004,-0.0004,100.0,518.67,642.26,1590.74,1394.28,14.62,21.61,555.22,2388.05,9060.49,1.3,47.42,522.6,2388.06,8137.37,8.4022,0.03,393,2388,100.0,38.97,23.2893
10,51,0.0012,-0.0005,100.0,518.67,642.2,1589.77,1399.08,14.62,21.61,554.41,2388.03,9054.49,1.3,47.31,521.95,2388.04,8141.9,8.4169,0.03,392,2388,100.0,38.89,23.4277
10,52,0.0012,-0.0,100.0,518.67,642.38,1588.03,1398.59,14.62,21.61,554.6,2388.03,9055.12,1.3,47.14,521.67,2388.03,8142.84,8.4118,0.03,392,2388,100.0,39.04,23.3824
10,53,-0.0024,0.0002,100.0,518.67,642.06,1585.37,1402.05,14.62,21.61,555.08,2388.08,9056.94,1.3,47.31,521.91,2387.99,8144.98,8.4362,0.03,392,2388,100.0,39.06,23.4059
10,54,-0.0006,0.0003,100.0,518.67,641.84,1583.25,1394.31,14.62,21.61,554.05,2388.04,9062.77,1.3,47.22,522.51,2388.0,8142.72,8.3984,0.03,390,2388,100.0,39.11,23.5276
10,55,0.0041,-0.0,100.0,518.67,642.73,1586.83,1400.56,14.62,21.61,555.07,2388.01,9058.72,1.3,47.23,522.27,2388.04,8143.52,8.3958,0.03,391,2388,100.0,38.96,23.3536
10,56,-0.0037,-0.0003,100.0,518.67,642.49,1581.65,1400.92,14.62,21.61,553.91,2387.95,9058.01,1.3,47.18,522.78,2388.04,8145.11,8.4065,0.03,390,2388,100.0,39.05,23.5395
10,57,0.001,-0.0004,100.0,518.67,642.26,1590.16,1396.43,14.62,21.61,554.14,2387.99,9062.85,1.3,47.47,521.79,2388.01,8144.76,8.4121,0.03,392,2388,100.0,38.92,23.3699
10,58,0.0004,0.0004,100.0,518.67,642.83,1589.3,1395.09,14.62,21.61,553.81,2388.0,9063.45,1.3,47.13,522.1,2388.01,8151.68,8.4202,0.03,392,2388,100.0,38.88,23.3918
10,59,-0.0012,-0.0005,100.0,518.67,642.39,1588.81,1404.33,14.62,21.61,554.72,2388.0,9068.05,1.3,47.09,522.11,2388.0,8145.36,8.3819,0.03,391,2388,100.0,38.92,23.5155
10,60,-0.0008,-0.0001,100.0,518.67,642.56,1589.27,1399.05,14.62,21.61,553.87,2388.05,9070.46,1.3,47.0,522.49,2388.0,8145.15,8.402,0.03,393,2388,100.0,39.03,23.4496
10,61,0.0006,0.0002,100.0,518.67,641.78,1588.8,1396.46,14.62,21.61,554.51,2388.04,9061.94,1.3,47.25,522.68,2387.97,8136.44,8.3921,0.03,391,2388,100.0,38.97,23.479
10,62,0.0029,0.0005,100.0,518.67,641.5,1590.25,1405.38,14.62,21.61,554.37,2388.02,9071.16,1.3,47.15,522.14,2388.02,8138.93,8.4126,0.03,392,2388,100.0,38.77,23.4637
10,63,-0.0022,-0.0005,100.0,518.67,642.54,1587.81,1396.89,14.62,21.61,553.97,2387.98,9059.0,1.3,47.25,522.43,2387.96,8145.85,8.4182,0.03,390,2388,100.0,39.13,23.4488
10,64,-0.002,-0.0004,100.0,518.67,641.86,1582.77,1399.19,14.62,21.61,554.66,2388.04,9059.54,1.3,47.19,523.16,2388.02,8143.57,8.4276,0.03,392,2388,100.0,38.87,23.3518
10,65,-0.0024,0.0002,100.0,518.67,642.16,1584.7,1389.97,14.62,21.61,554.68,2388.05,9064.09,1.3,47.23,522.28,2388.06,8149.09,8.3703,0.03,393,2388,100.0,39.08,23.304
10,66,0.0034,-0.0001,100.0,518.67,641.69,1588.58,1406.9,14.62,21.61,554.11,2388.05,9060.61,1.3,47.15,522.38,2388.06,8143.47,8.4266,0.03,392,2388,100.0,39.01,23.401
10,67,-0.0024,0.0002,100.0,518.67,642.59,1583.92,1396.08,14.62,21.61,555.02,2387.98,9057.37,1.3,47.28,522.48,2387.99,8145.68,8.3891,0.03,392,2388,100.0,38.89,23.3747
10,68,0.0044,0.0,100.0,518.67,642.05,1590.69,1401.5,14.62,21.61,554.13,2388.01,9066.62,1.3,47.24,522.05,2388.04,8141.97,8.4298,0.03,394,2388,100.0,39.04,23.2957
10,69,0.0006,0.0003,100.0,518.67,642.18,1588.3,1402.52,14.62,21.61,554.67,2388.02,9064.71,1.3,47.11,522.8,2388.04,8145.09,8.4053,0.03,391,2388,100.0,39.19,23.3441
10,70,0.0001,-0.0002,100.0,518.67,642.14,1580.57,1400.44,14.62,21.61,554.35,2388.0,9065.15,1.3,47.25,522.09,2388.06,8142.47,8.4,0.03,392,2388,100.0,39.0,23.4678
10,71,-0.0036,0.0002,100.0,518.67,642.07,1585.23,1395.64,14.62,21.61,554.29,2387.97,9062.38,1.3,47.37,522.55,2388.04,8142.22,8.3957,0.03,393,2388,100.0,39.11,23.4196
10,72,-0.0002,-0.0004,100.0,518.67,642.34,1584.32,1399.95,14.62,21.61,554.1,2388.04,9060.89,1.3,47.18,522.7,2388.0,8143.65,8.3927,0.03,392,2388,100.0,38.94,23.448
10,73,0.0006,-0.0005,100.0,518.67,642.02,1587.84,1398.65,14.62,21.61,553.96,2388.03,9055.49,1.3,47.08,522.68,2387.98,8140.15,8.4288,0.03,392,2388,100.0,39.05,23.2799
10,74,-0.0038,-0.0,100.0,518.67,642.15,1588.01,1404.24,14.62,21.61,554.13,2388.01,9056.74,1.3,47.26,521.88,2388.0,8143.79,8.3967,0.03,391,2388,100.0,39.18,23.4027
10,75,0.0047,0.0001,100.0,518.67,642.65,1591.07,1385.51,14.62,21.61,554.46,2388.01,9066.16,1.3,47.31,521.87,2388.02,8141.94,8.3926,0.03,392,2388,100.0,38.93,23.4058
10,76,0.0,-0.0003,100.0,518.67,642.4,1585.63,1395.13,14.62,21.61,554.39,2388.01,9054.86,1.3,47.21,522.07,2388.07,8141.48,8.3956,0.03,391,2388,100.0,38.94,23.4794
10,77,-0.0001,-0.0005,100.0,518.67,641.63,1585.48,1395.1,14.62,21.61,554.46,2388.04,9063.29,1.3,47.24,522.51,2388.06,8144.84,8.3783,0.03,393,2388,100.0,38.94,23.3851
10,78,-0.0041,0.0005,100.0,518.67,642.37,1584.51,1402.06,14.62,21.61,554.57,2387.98,9059.55,1.3,47.08,522.01,2388.04,8146.78,8.3806,0.03,392,2388,100.0,38.93,23.4423
10,79,-0.0019,-0.0001,100.0,518.67,642.57,1582.06,1396.48,14.62,21.61,553.85,2387.98,9056.06,1.3,47.22,522.65,2388.0,8143.82,8.4104,0.03,393,2388,100.0,38.99,23.2362
10,80,-0.0006,0.0004,100.0,518.67,642.5,1583.12,1401.8,14.62,21.61,554.77,2388.01,9073.7,1.3,47.23,521.92,2387.96,8144.5,8.4082,0.03,393,2388,100.0,38.9,23.4086
10,81,0.0024,-0.0001,100.0,518.67,642.02,1589.53,1398.34,14.62,21.61,554.42,2388.03,9062.59,1.3,47.19,522.34,2388.06,8139.55,8.3885,0.03,391,2388,100.0,39.18,23.4537
10,82,0.0,-0.0002,100.0,518.67,642.32,1575.96,1402.39,14.62,21.61,554.59,2388.06,9054.86,1.3,47.17,522.45,2388.08,8141.57,8.4117,0.03,394,2388,100.0,39.1,23.2693
10,83,-0.0003,-0.0005,100.0,518.67,641.92,1585.17,1401.37,14.62,21.61,554.41,2387.98,9060.11,1.3,47.47,522.09,2388.06,8150.14,8.3953,0.03,391,2388,100.0,38.96,23.407
10,84,0.0049,0.0003,100.0,518.67,641.63,1590.0,1402.0,14.62,21.61,553.63,2388.02,9059.98,1.3,47.15,522.36,2388.0,8144.48,8.3805,0.03,393,2388,100.0,39.08,23.4494
10,85,0.0035,-0.0003,100.0,518.67,642.06,1583.93,1397.79,14.62,21.61,553.77,2388.03,9063.17,1.3,47.27,522.45,2388.02,8140.29,8.4399,0.03,391,2388,100.0,39.0,23.4945
10,86,-0.0011,-0.0,100.0,518.67,642.54,1583.47,1397.46,14.62,21.61,554.41,2388.05,9062.79,1.3,47.1,522.4,2388.0,8141.54,8.4189,0.03,390,2388,100.0,38.79,23.39
10,87,0.0012,-0.0003,100.0,518.67,641.73,1586.47,1398.42,14.62,21.61,554.1,2388.0,9063.05,1.3,47.4,521.9,2388.03,8139.62,8.3806,0.03,392,2388,100.0,38.91,23.3022
10,88,-0.0013,0.0,100.0,518.67,642.3,1586.01,1398.76,14.62,21.61,554.45,2387.95,9060.72,1.3,47.22,523.01,2388.02,8142.99,8.4442,0.03,393,2388,100.0,38.9,23.4213
10,89,0.001,-0.0005,100.0,518.67,642.73,1581.1,1397.45,14.62,21.61,554.66,2388.04,9068.66,1.3,47.26,521.9,2388.01,8139.31,8.4047,0.03,391,2388,100.0,38.91,23.3008
10,90,-0.0013,0.0,100.0,518.67,641.98,1589.33,1399.23,14.62,21.61,554.75,2388.03,9058.92,1.3,47.23,521.86,2388.02,8142.6,8.3916,0.03,392,2388,100.0,38.94,23.4618
10,91,0.0005,0.0004,100.0,518.67,642.48,1589.51,1403.3,14.62,21.61,553.87,2388.03,9050.13,1.3,47.22,522.77,2388.05,8145.41,8.409,0.03,392,2388,100.0,39.07,23.3785
10,92,0.003,-0.0,100.0,518.67,642.28,1584.44,1402.97,14.62,21.61,554.23,2388.06,9059.76,1.3,47.2,522.38,2388.01,8146.95,8.4173,0.03,391,2388,100.0,38.99,23.4365
10,93,-0.0011,0.0004,100.0,518.67,641.98,1586.68,1403.16,14.62,21.61,554.16,2388.0,9061.86,1.3,47.35,522.55,2387.98,8143.2,8.4181,0.03,392,2388,100.0,38.99,23.3337
10,94,0.0026,-0.0,100.0,518.67,642.13,1580.99,1400.67,14.62,21.61,554.77,2388.01,9055.12,1.3,47.26,521.82,2388.06,8139.83,8.414,0.03,393,2388,100.0,39.13,23.4905
10,95,-0.0044,0.0004,100.0,518.67,642.02,1585.99,1394.55,14.62,21.61,554.08,2388.02,9057.57,1.3,47.1,522.02,2388.05,8137.62,8.4158,0.03,392,2388,100.0,38.92,23.4832
10,96,0.0026,0.0005,100.0,518.67,642.36,1581.94,1403.38,14.62,21.61,554.07,2388.0,9069.25,1.3,47.41,522.81,2388.07,8139.01,8.4086,0.03,392,2388,100.0,39.12,23.4342
10,97,-0.0028,0.0004,100.0,518.67,642.17,1581.48,1396.34,14.62,21.61,554.51,2388.09,9066.53,1.3,47.22,522.3,2388.0,8140.92,8.4219,0.03,391,2388,100.0,38.89,23.3018
10,98,0.0014,0.0,100.0,518.67,642.36,1589.02,1407.55,14.62,21.61,554.33,2388.06,9062.04,1.3,47.45,522.02,2388.07,8140.49,8.4172,0.03,392,2388,100.0,39.03,23.3955
10,99,0.0013,-0.0004,100.0,518.67,642.62,1586.46,1395.52,14.62,21.6,554.36,2388.01,9060.51,1.3,47.26,522.3,2387.99,8143.77,8.4394,0.03,393,2388,100.0,39.08,23.3923
10,100,0.0012,0.0001,100.0,518.67,641.95,1579.63,1398.49,14.62,21.61,554.26,2388.02,9064.14,1.3,47.17,522.02,2388.02,8146.27,8.3815,0.03,391,2388,100.0,38.87,23.3039
10,101,-0.0004,-0.0,100.0,518.67,642.47,1585.33,1398.14,14.62,21.61,554.24,2388.01,9054.79,1.3,47.3,522.51,2388.04,8146.91,8.4132,0.03,392,2388,100.0,39.04,23.4756
10,102,0.0013,-0.0004,100.0,518.67,642.22,1585.31,1394.12,14.62,21.6,553.98,2388.04,9058.87,1.3,47.34,521.93,2388.02,8146.6,8.4062,0.03,391,2388,100.0,38.91,23.3137
10,103,0.0022,-0.0001,100.0,518.67,642.32,1588.35,1400.18,14.62,21.61,554.65,2388.01,9063.67,1.3,47.09,521.87,2388.07,8145.57,8.3968,0.03,391,2388,100.0,39.0,23.4191
10,104,0.0076,-0.0002,100.0,518.67,642.76,1578.18,1398.41,14.62,21.61,553.78,2388.06,9068.48,1.3,47.36,522.0,2388.07,8145.45,8.4113,0.03,394,2388,100.0,39.05,23.553
10,105,-0.0003,0.0003,100.0,518.67,642.61,1583.62,1399.67,14.62,21.61,553.33,2388.07,9061.07,1.3,47.26,522.08,2388.07,8143.05,8.4029,0.03,394,2388,100.0,39.07,23.3822
10,106,-0.0005,-0.0002,100.0,518.67,641.87,1589.38,1399.9,14.62,21.61,554.1,2388.02,9064.11,1.3,47.28,521.83,2388.05,8139.99,8.4345,0.03,393,2388,100.0,38.89,23.3178
10,107,-0.0021,-0.0001,100.0,518.67,642.05,1582.12,1397.07,14.62,21.61,553.2,2388.03,9060.91,1.3,47.24,521.62,2388.02,8144.85,8.391,0.03,392,2388,100.0,39.08,23.3633
10,108,0.002,0.0004,100.0,518.67,642.3,1592.53,1400.93,14.62,21.61,554.41,2388.02,9061.36,1.3,47.17,522.26,2388.01,8145.47,8.3995,0.03,393,2388,100.0,38.93,23.2899
10,109,-0.0021,0.0004,100.0,518.67,642.27,1585.32,1397.23,14.62,21.61,554.38,2388.09,9062.47,1.3,47.45,522.26,2388.04,8143.44,8.3761,0.03,391,2388,100.0,38.97,23.4148
10,110,0.0004,-0.0004,100.0,518.67,641.83,1583.16,1396.14,14.62,21.61,554.71,2388.01,9057.47,1.3,47.25,521.49,2388.05,8137.87,8.3913,0.03,391,2388,100.0,39.03,23.4701
10,111,0.0023,-0.0003,100.0,518.67,642.66,1587.22,1399.47,14.62,21.61,554.17,2388.04,9061.44,1.3,47.26,522.05,2388.01,8144.79,8.4388,0.03,394,2388,100.0,38.95,23.4437
10,112,-0.0006,-0.0002,100.0,518.67,642.4,1586.73,1403.63,14.62,21.61,554.64,2388.04,9066.0,1.3,47.2,522.04,2387.97,8145.46,8.4435,0.03,393,2388,100.0,38.91,23.5088
10,113,-0.0006,0.0004,100.0,518.67,642.73,1586.14,1399.12,14.62,21.61,554.84,2387.94,9059.5,1.3,47.22,522.51,2388.04,8144.24,8.4076,0.03,391,2388,100.0,39.01,23.454
10,114,-0.0008,0.0004,100.0,518.67,642.07,1585.43,1395.11,14.62,21.61,554.83,2388.02,9056.88,1.3,47.31,521.58,2388.05,8144.04,8.4121,0.03,393,2388,100.0,38.94,23.3833
10,115,-0.0012,0.0001,100.0,518.67,641.91,1586.46,1403.39,14.62,21.61,553.83,2387.98,9058.96,1.3,47.23,521.78,2388.01,8139.18,8.4252,0.03,392,2388,100.0,39.03,23.4932
10,116,-0.0008,0.0001,100.0,518.67,642.23,1589.89,1404.01,14.62,21.61,553.63,2388.05,9065.72,1.3,47.21,521.9,2388.01,8142.06,8.416,0.03,392,2388,100.0,38.77,23.4153
10,117,-0.0036,-0.0,100.0,518.67,642.19,1587.35,1390.21,14.62,21.61,554.4,2387.99,9059.86,1.3,47.13,521.84,2388.01,8144.38,8.3846,0.03,392,2388,100.0,38.9,23.456
10,118,0.0006,-0.0005,100.0,518.67,642.17,1587.11,1404.97,14.62,21.61,553.16,2388.08,9061.94,1.3,47.31,521.87,2388.08,8139.39,8.3874,0.03,392,2388,100.0,38.88,23.3427
10,119,0.0044,0.0002,100.0,518.67,642.16,1591.13,1398.61,14.62,21.61,554.37,2388.03,9060.52,1.3,47.37,521.84,2388.08,8137.12,8.412,0.03,391,2388,100.0,38.76,23.38
10,120,-0.0018,-0.0001,100.0,518.67,641.96,1594.4,1397.59,14.62,21.61,553.87,2388.0,9067.07,1.3,47.49,521.78,2388.04,8145.78,8.3912,0.03,392,2388,100.0,39.13,23.3105
10,121,-0.0022,0.0001,100.0,518.67,642.23,1580.61,1398.42,14.62,21.61,554.56,2388.0,9062.58,1.3,47.35,522.52,2388.1,8143.03,8.4142,0.03,391,2388,100.0,38.94,23.3808
10,122,-0.002,-0.0002,100.0,518.67,642.05,1581.46,1393.18,14.62,21.61,554.56,2388.07,9062.49,1.3,47.17,521.49,2387.98,8136.6,8.3753,0.03,392,2388,100.0,39.21,23.4442
10,123,0.0031,-0.0002,100.0,518.67,641.9,1585.15,1401.12,14.62,21.61,553.81,2388.01,9066.3,1.3,47.16,522.19,2388.04,8143.58,8.4377,0.03,391,2388,100.0,38.98,23.3861
10,124,0.0006,-0.0001,100.0,518.67,642.17,1589.98,1401.6,14.62,21.61,554.32,2388.02,9062.6,1.3,47.12,522.22,2388.03,8146.84,8.3778,0.03,394,2388,100.0,38.87,23.3714
10,125,0.0008,-0.0002,100.0,518.67,642.68,1587.61,1408.5,14.62,21.61,553.88,2388.07,9067.26,1.3,47.18,522.08,2388.06,8141.76,8.4187,0.03,392,2388,100.0,39.08,23.3448
10,126,0.0034,0.0003,100.0,518.67,641.8,1588.46,1400.33,14.62,21.61,553.97,2388.0,9068.51,1.3,47.4,522.47,2388.05,8142.98,8.441,0.03,392,2388,100.0,39.01,23.3465
10,127,-0.0008,-0.0004,100.0,518.67,642.44,1581.78,1400.0,14.62,21.61,554.35,2388.03,9056.04,1.3,47.31,521.84,2388.0,8151.33,8.4055,0.03,394,2388,100.0,38.86,23.2999
10,128,-0.0036,0.0001,100.0,518.67,642.22,1591.58,1396.94,14.62,21.61,554.04,2387.98,9070.9,1.3,47.09,522.07,2388.06,8142.73,8.4113,0.03,391,2388,100.0,39.09,23.3877
10,129,0.0022,-0.0005,100.0,518.67,642.95,1592.66,1402.53,14.62,21.61,554.39,2388.02,9064.1,1.3,47.37,521.87,2388.05,8142.55,8.4125,0.03,393,2388,100.0,39.0,23.3742
10,130,-0.002,0.0003,100.0,518.67,642.96,1586.39,1392.34,14.62,21.61,554.56,2388.02,9056.91,1.3,47.36,521.96,2388.03,8143.91,8.3843,0.03,393,2388,100.0,38.97,23.3554
10,131,0.0006,0.0,100.0,518.67,642.52,1584.89,1401.38,14.62,21.61,553.12,2388.03,9067.68,1.3,47.4,522.08,2388.0,8143.81,8.4367,0.03,394,2388,100.0,38.86,23.3976
10,132,-0.0008,-0.0005,100.0,518.67,642.61,1585.32,1406.97,14.62,21.61,554.0,2387.98,9067.49,1.3,47.38,522.02,2388.06,8146.27,8.4078,0.03,392,2388,100.0,39.0,23.3814
10,133,0.0012,-0.0001,100.0,518.67,641.97,1582.98,1404.57,14.62,21.61,554.08,2388.04,9064.8,1.3,47.29,522.29,2388.04,8141.45,8.4343,0.03,394,2388,100.0,38.88,23.2807
10,134,-0.0009,-0.0002,100.0,518.67,642.68,1591.88,1399.59,14.62,21.61,553.7,2388.05,9067.99,1.3,47.19,522.17,2388.06,8140.14,8.4323,0.03,394,2388,100.0,39.03,23.4416
10,135,0.0009,-0.0001,100.0,518.67,642.53,1587.6,1395.31,14.62,21.61,554.57,2388.08,9061.82,1.3,47.24,522.07,2388.04,8145.45,8.4328,0.03,393,2388,100.0,38.95,23.2765
10,136,-0.0019,0.0,100.0,518.67,642.0,1589.85,1405.02,14.62,21.61,554.4,2388.08,9067.59,1.3,47.29,521.73,2388.04,8147.91,8.4223,0.03,393,2388,100.0,39.07,23.3663
10,137,0.0039,-0.0004,100.0,518.67,642.06,1585.82,1401.14,14.62,21.61,553.6,2388.06,9063.53,1.3,47.37,522.31,2388.04,8146.01,8.4172,0.03,392,2388,100.0,38.9,23.4231
10,138,0.0001,-0.0003,100.0,518.67,642.21,1584.93,1399.39,14.62,21.61,554.39,2388.02,9062.81,1.3,47.45,522.44,2388.07,8143.61,8.413,0.03,391,2388,100.0,38.98,23.3811
10,139,-0.0002,0.0004,100.0,518.67,642.33,1584.66,1406.4,14.62,21.61,554.58,2388.06,9060.16,1.3,47.5,522.24,2388.07,8141.99,8.4204,0.03,393,2388,100.0,38.94,23.3094
10,140,0.001,0.0003,100.0,518.67,642.7,1588.5,1401.95,14.62,21.61,553.83,2388.07,9061.92,1.3,47.35,522.04,2388.01,8143.63,8.3792,0.03,392,2388,100.0,38.98,23.2835
10,141,-0.0044,-0.0002,100.0,518.67,641.83,1586.04,1401.44,14.62,21.61,554.19,2388.04,9059.16,1.3,47.49,521.67,2388.01,8139.55,8.431,0.03,394,2388,100.0,39.03,23.492
10,142,-0.001,-0.0003,100.0,518.67,642.01,1588.02,1405.31,14.62,21.61,554.48,2388.03,9064.38,1.3,47.47,522.07,2388.01,8147.95,8.4079,0.03,393,2388,100.0,38.86,23.3431
10,143,0.0009,0.0005,100.0,518.67,642.22,1583.76,1400.11,14.62,21.61,555.1,2388.01,9061.08,1.3,47.16,521.83,2388.01,8140.28,8.3736,0.03,393,2388,100.0,39.02,23.3474
10,144,0.0024,0.0005,100.0,518.67,642.27,1588.27,1403.89,14.62,21.61,554.72,2388.08,9067.47,1.3,47.34,521.76,2388.01,8148.43,8.3967,0.03,392,2388,100.0,38.9,23.3311
10,145,-0.0013,-0.0001,100.0,518.67,642.51,1581.14,1406.37,14.62,21.61,554.54,2388.05,9058.42,1.3,47.3,522.11,2388.01,8140.51,8.4272,0.03,392,2388,100.0,38.87,23.2969
10,146,-0.0045,-0.0002,100.0,518.67,641.92,1592.06,1401.13,14.62,21.61,554.51,2388.04,9061.7,1.3,47.41,522.35,2388.04,8141.27,8.4099,0.03,393,2388,100.0,39.19,23.3397
10,147,-0.0055,-0.0,100.0,518.67,642.51,1589.69,1402.33,14.62,21.61,554.29,2388.06,9056.26,1.3,47.23,521.88,2388.05,8137.51,8.4275,0.03,392,2388,100.0,38.85,23.2671
10,148,-0.0001,-0.0001,100.0,518.67,642.61,1580.08,1400.56,14.62,21.61,553.82,2388.06,9062.42,1.3,47.41,521.98,2388.05,8144.44,8.4322,0.03,392,2388,100.0,38.94,23.3981
10,149,-0.0022,-0.0004,100.0,518.67,641.85,1586.49,1411.61,14.62,21.61,553.56,2388.05,9070.55,1.3,47.29,521.85,2388.04,8140.95,8.4131,0.03,392,2388,100.0,39.08,23.4495
10,150,-0.0015,-0.0002,100.0,518.67,642.87,1587.69,1411.69,14.62,21.61,554.47,2388.04,9069.08,1.3,47.53,521.56,2388.05,8140.72,8.4084,0.03,392,2388,100.0,39.0,23.3483
10,151,0.0001,0.0001,100.0,518.67,641.78,1584.41,1399.92,14.62,21.61,554.8,2388.05,9065.16,1.3,47.31,522.16,2388.06,8144.73,8.3863,0.03,392,2388,100.0,38.93,23.3413
10,152,-0.0009,0.0002,100.0,518.67,642.17,1593.08,1406.43,14.62,21.61,553.72,2388.07,9069.62,1.3,47.23,521.97,2388.09,8142.43,8.413,0.03,393,2388,100.0,38.95,23.3771
10,153,0.0006,0.0001,100.0,518.67,642.35,1583.03,1398.8,14.62,21.61,554.1,2387.99,9066.63,1.3,47.42,521.98,2388.07,8142.72,8.3879,0.03,392,2388,100.0,38.88,23.3957
10,154,-0.0019,0.0003,100.0,518.67,642.48,1584.52,1405.31,14.62,21.61,553.54,2388.11,9065.47,1.3,47.17,522.21,2388.01,8142.6,8.4569,0.03,392,2388,100.0,38.88,23.319
10,155,-0.0027,-0.0002,100.0,518.67,642.58,1585.28,1406.11,14.62,21.61,554.53,2388.01,9065.2,1.3,47.28,522.07,2388.07,8147.49,8.4477,0.03,393,2388,100.0,38.97,23.3644
10,156,0.0003,0.0003,100.0,518.67,642.2,1588.48,1400.95,14.62,21.61,554.45,2388.07,9056.63,1.3,47.13,521.14,2388.08,8144.46,8.4179,0.03,391,2388,100.0,38.92,23.3511
10,157,-0.0035,-0.0003,100.0,518.67,642.12,1594.33,1401.63,14.62,21.61,553.64,2388.07,9063.8,1.3,47.36,522.02,2388.03,8143.54,8.4228,0.03,393,2388,100.0,38.85,23.3541
10,158,-0.0015,0.0004,100.0,518.67,642.59,1585.27,1401.77,14.62,21.61,553.06,2388.05,9065.6,1.3,47.35,522.02,2388.09,8144.21,8.4178,0.03,392,2388,100.0,39.0,23.3286
10,159,-0.0005,-0.0004,100.0,518.67,642.06,1585.64,1400.15,14.62,21.61,553.99,2388.04,9065.19,1.3,47.32,521.67,2388.05,8148.25,8.4241,0.03,392,2388,100.0,38.8,23.4029
10,160,-0.0003,0.0001,100.0,518.67,642.42,1590.47,1409.24,14.62,21.61,554.3,2388.1,9066.56,1.3,47.26,521.63,2388.07,8138.43,8.4698,0.03,393,2388,100.0,38.85,23.4443
10,161,-0.0023,0.0004,100.0,518.67,642.44,1589.04,1400.45,14.62,21.61,553.95,2388.06,9054.56,1.3,47.43,521.62,2388.09,8147.15,8.4396,0.03,392,2388,100.0,38.81,23.3529
10,162,-0.0048,0.0003,100.0,518.67,642.45,1591.81,1398.25,14.62,21.61,553.59,2388.04,9066.5,1.3,47.42,522.22,2388.1,8141.36,8.4471,0.03,392,2388,100.0,38.9,23.3858
10,163,-0.0017,-0.0001,100.0,518.67,642.34,1588.79,1396.44,14.62,21.61,553.62,2388.08,9059.09,1.3,47.32,521.46,2388.04,8141.68,8.4281,0.03,393,2388,100.0,38.93,23.3342
10,164,0.0029,-0.0003,100.0,518.67,642.37,1585.86,1403.88,14.62,21.61,553.65,2388.06,9068.02,1.3,47.48,522.1,2388.06,8145.08,8.4215,0.03,392,2388,100.0,38.87,23.411
10,165,0.0001,-0.0003,100.0,518.67,642.37,1590.66,1407.55,14.62,21.61,554.28,2388.08,9054.77,1.3,47.43,522.36,2388.01,8148.03,8.4311,0.03,392,2388,100.0,39.0,23.361
10,166,-0.003,0.0005,100.0,518.67,642.17,1591.33,1403.7,14.62,21.61,554.19,2388.08,9059.18,1.3,47.42,521.91,2388.04,8145.79,8.4361,0.03,392,2388,100.0,38.77,23.3255
10,167,-0.002,0.0001,100.0,518.67,642.44,1588.53,1400.11,14.62,21.61,554.61,2388.1,9070.73,1.3,47.49,521.95,2388.02,8146.89,8.4298,0.03,392,2388,100.0,38.96,23.393
10,168,0.0033,-0.0005,100.0,518.67,643.22,1580.86,1400.95,14.62,21.61,553.08,2388.03,9056.88,1.3,47.48,521.71,2388.06,8141.06,8.4292,0.03,392,2388,100.0,38.93,23.2467
10,169,-0.0002,-0.0002,100.0,518.67,642.67,1590.18,1407.89,14.62,21.61,553.76,2388.09,9056.0,1.3,47.48,521.43,2388.06,8141.49,8.397,0.03,393,2388,100.0,38.87,23.3204
10,170,0.0035,0.0004,100.0,518.67,642.52,1586.06,1404.5,14.62,21.61,553.62,2388.05,9070.36,1.3,47.3,522.11,2388.06,8143.0,8.4148,0.03,393,2388,100.0,38.7,23.2733
10,171,-0.0035,-0.0001,100.0,518.67,642.54,1585.76,1406.55,14.62,21.61,553.7,2388.02,9065.65,1.3,47.51,521.69,2388.0,8145.83,8.4261,0.03,393,2388,100.0,39.0,23.3306
10,172,0.0022,-0.0004,100.0,518.67,641.92,1591.39,1403.4,14.62,21.61,553.75,2388.12,9063.39,1.3,47.46,521.87,2388.08,8139.65,8.443,0.03,392,2388,100.0,38.91,23.2712
10,173,0.0027,-0.0005,100.0,518.67,643.14,1584.89,1399.16,14.62,21.61,553.91,2388.03,9068.54,1.3,47.5,521.57,2388.06,8143.03,8.4203,0.03,392,2388,100.0,38.89,23.3204
10,174,0.0014,-0.0002,100.0,518.67,642.51,1590.4,1406.35,14.62,21.61,553.91,2388.13,9066.54,1.3,47.39,521.6,2388.03,8144.08,8.4447,0.03,393,2388,100.0,38.98,23.4364
10,175,-0.0017,-0.0003,100.0,518.67,642.88,1589.14,1406.54,14.62,21.61,554.2,2388.08,9061.35,1.3,47.41,521.23,2388.07,8144.63,8.4127,0.03,394,2388,100.0,38.87,23.2737
10,176,-0.001,-0.0003,100.0,518.67,642.08,1591.5,1390.69,14.62,21.61,553.51,2388.04,9065.1,1.3,47.49,521.69,2388.05,8141.77,8.4411,0.03,392,2388,100.0,39.04,23.2602
10,177,0.0,0.0003,100.0,518.67,642.66,1588.02,1407.23,14.62,21.61,553.32,2388.08,9060.62,1.3,47.49,522.02,2388.15,8140.48,8.4336,0.03,392,2388,100.0,38.96,23.2932
10,178,0.0023,-0.0002,100.0,518.67,642.04,1581.9,1396.72,14.62,21.61,553.16,2388.03,9050.55,1.3,47.07,522.02,2388.06,8137.2,8.421,0.03,393,2388,100.0,38.83,23.2575
10,179,0.0028,-0.0004,100.0,518.67,642.6,1587.84,1399.47,14.62,21.61,553.38,2388.05,9061.28,1.3,47.42,522.03,2388.07,8142.1,8.4098,0.03,391,2388,100.0,38.73,23.3112
10,180,0.0038,0.0004,100.0,518.67,642.85,1584.56,1402.79,14.62,21.61,553.34,2388.07,9064.17,1.3,47.56,521.76,2388.07,8140.32,8.4424,0.03,393,2388,100.0,38.8,23.349
10,181,0.0059,0.0,100.0,518.67,642.67,1591.71,1397.6,14.62,21.61,554.31,2388.06,9059.24,1.3,47.39,522.08,2388.09,8144.36,8.4339,0.03,392,2388,100.0,38.77,23.2874
10,182,-0.0004,0.0001,100.0,518.67,642.05,1589.76,1399.23,14.62,21.61,553.82,2388.08,9065.69,1.3,47.53,521.48,2388.05,8146.61,8.4247,0.03,392,2388,100.0,38.85,23.2949
10,183,0.0013,-0.0002,100.0,518.67,642.14,1595.35,1417.91,14.62,21.61,553.07,2388.1,9065.33,1.3,47.54,522.18,2388.06,8150.02,8.4388,0.03,393,2388,100.0,38.95,23.3883
10,184,0.0016,0.0003,100.0,518.67,642.64,1593.4,1404.02,14.62,21.61,554.81,2388.03,9069.22,1.3,47.56,521.65,2388.01,8142.44,8.4539,0.03,392,2388,100.0,38.93,23.3426
10,185,0.0014,0.0002,100.0,518.67,641.76,1593.58,1407.25,14.62,21.61,553.58,2388.06,9065.45,1.3,47.5,521.08,2388.08,8145.29,8.4029,0.03,392,2388,100.0,38.77,23.4367
10,186,-0.0016,-0.0005,100.0,518.67,642.44,1592.64,1405.97,14.62,21.61,553.46,2388.08,9061.87,1.3,47.45,521.73,2388.08,8142.18,8.4315,0.03,393,2388,100.0,38.75,23.3651
10,187,0.0025,-0.0001,100.0,518.67,642.54,1589.32,1405.92,14.62,21.61,553.56,2388.13,9063.99,1.3,47.6,521.64,2388.11,8141.93,8.4481,0.03,394,2388,100.0,38.94,23.2404
10,188,-0.0028,-0.0003,100.0,518.67,643.07,1585.86,1399.59,14.62,21.61,554.11,2388.07,9065.32,1.3,47.5,521.43,2388.06,8136.2,8.4437,0.03,392,2388,100.0,39.01,23.2616
10,189,-0.0028,-0.0004,100.0,518.67,642.65,1596.72,1414.23,14.62,21.61,553.28,2388.13,9063.03,1.3,47.36,521.44,2388.04,8140.46,8.4033,0.03,394,2388,100.0,38.82,23.1911
10,190,-0.0007,-0.0003,100.0,518.67,642.76,1588.15,1401.04,14.62,21.61,553.89,2388.05,9060.64,1.3,47.16,521.56,2388.06,8144.09,8.4768,0.03,393,2388,100.0,38.88,23.3167
10,191,-0.0001,0.0003,100.0,518.67,642.51,1588.39,1404.44,14.62,21.61,553.71,2388.11,9058.36,1.3,47.57,521.48,2388.04,8138.36,8.4073,0.03,392,2388,100.0,38.82,23.3315
10,192,-0.0018,0.0004,100.0,518.67,643.0,1589.5,1398.99,14.62,21.61,552.88,2388.11,9060.88,1.3,47.59,521.82,2388.08,8141.91,8.4194,0.03,393,2388,100.0,38.79,23.2956
11,1,0.0028,-0.0003,100.0,518.67,642.61,1597.1,1416.61,14.62,21.61,552.87,2388.19,9044.53,1.3,47.58,521.41,2388.14,8120.2,8.4409,0.03,394,2388,100.0,38.93,23.2872
11,2,-0.0016,0.0005,100.0,518.67,642.29,1584.64,1404.19,14.62,21.61,552.92,2388.19,9041.32,1.3,47.6,521.16,2388.17,8119.56,8.4682,0.03,395,2388,100.0,38.97,23.2048
11,3,-0.0,-0.0,100.0,518.67,642.56,1592.15,1409.65,14.62,21.61,553.06,2388.16,9044.17,1.3,47.51,521.11,2388.13,8124.57,8.4319,0.03,391,2388,100.0,38.93,23.2716
11,4,-0.0014,-0.0004,100.0,518.67,642.68,1589.21,1408.19,14.62,21.61,553.55,2388.2,9034.63,1.3,47.63,521.4,2388.14,8119.94,8.3835,0.03,393,2388,100.0,38.75,23.3764
11,5,-0.0013,-0.0003,100.0,518.67,642.5,1594.41,1407.34,14.62,21.61,553.15,2388.14,9039.41,1.3,47.55,521.05,2388.15,8115.42,8.4779,0.03,391,2388,100.0,38.88,23.3025
11,6,0.0046,0.0004,100.0,518.67,642.62,1593.31,1407.75,14.62,21.61,553.04,2388.15,9034.8,1.3,47.45,521.02,2388.1,8115.9,8.4716,0.03,392,2388,100.0,38.84,23.2766
11,7,-0.0001,-0.0004,100.0,518.67,642.32,1591.31,1409.51,14.62,21.61,553.34,2388.16,9043.83,1.3,47.58,521.32,2388.16,8123.24,8.4314,0.03,394,2388,100.0,38.7,23.3214
11,8,0.0038,0.0002,100.0,518.67,642.84,1599.88,1408.1,14.62,21.61,553.67,2388.13,9041.23,1.3,47.6,521.13,2388.09,8120.63,8.4263,0.03,392,2388,100.0,38.93,23.1846
11,9,-0.0023,-0.0003,100.0,518.67,642.47,1589.86,1403.54,14.62,21.61,553.82,2388.19,9039.54,1.3,47.61,521.07,2388.12,8118.77,8.4725,0.03,394,2388,100.0,38.87,23.2451
11,10,-0.0001,0.0002,100.0,518.67,642.16,1581.51,1407.9,14.62,21.61,552.81,2388.15,9044.84,1.3,47.71,521.01,2388.13,8120.65,8.4183,0.03,392,2388,100.0,38.77,23.3105
11,11,0.0014,0.0003,100.0,518.67,642.89,1586.52,1408.38,14.62,21.61,553.02,2388.13,9042.71,1.3,47.7,521.34,2388.1,8126.54,8.4361,0.03,394,2388,100.0,38.95,23.3086
11,12,0.0008,-0.0004,100.0,518.67,642.54,1591.81,1407.53,14.62,21.61,553.51,2388.17,9040.57,1.3,47.52,521.01,2388.15,8123.81,8.4354,0.03,392,2388,100.0,38.85,23.1016
11,13,0.0009,0.0004,100.0,518.67,642.86,1591.18,1412.22,14.62,21.61,553.02,2388.14,9037.65,1.3,47.64,521.17,2388.13,8123.39,8.4345,0.03,393,2388,100.0,38.78,23.3358
11,14,0.0015,-0.0004,100.0,518.67,642.52,1596.74,1406.12,14.62,21.61,553.95,2388.11,9039.7,1.3,47.46,521.34,2388.18,8118.58,8.4596,0.03,393,2388,100.0,38.98,23.3368
11,15,-0.0009,0.0,100.0,518.67,642.49,1588.74,1411.8,14.62,21.61,553.23,2388.09,9031.3,1.3,47.5,521.67,2388.12,8122.16,8.4388,0.03,392,2388,100.0,38.73,23.3483
11,16,0.0034,-0.0004,100.0,518.67,642.64,1587.02,1405.48,14.62,21.61,553.6,2388.14,9038.47,1.3,47.67,521.04,2388.07,8118.76,8.4548,0.03,393,2388,100.0,38.87,23.2173
11,17,-0.0006,-0.0002,100.0,518.67,642.95,1593.86,1413.2,14.62,21.61,553.57,2388.14,9037.21,1.3,47.48,521.05,2388.11,8123.59,8.4598,0.03,393,2388,100.0,38.81,23.1986
11,18,0.0024,-0.0002,100.0,518.67,642.52,1587.13,1414.82,14.62,21.61,552.72,2388.14,9039.0,1.3,47.55,520.85,2388.14,8121.84,8.4457,0.03,393,2388,100.0,38.8,23.3158
11,19,-0.0016,-0.0002,100.0,518.67,642.3,1594.64,1408.89,14.62,21.61,553.73,2388.16,9033.6,1.3,47.58,521.53,2388.07,8117.82,8.4356,0.03,393,2388,100.0,38.64,23.2867
11,20,-0.0004,0.0002,100.0,518.67,642.61,1587.02,1413.37,14.62,21.61,553.89,2388.18,9030.8,1.3,47.64,521.24,2388.09,8120.04,8.4743,0.03,392,2388,100.0,38.89,23.2976
11,21,-0.0035,0.0003,100.0,518.67,642.98,1593.42,1411.03,14.62,21.61,553.42,2388.21,9042.05,1.3,47.39,521.48,2388.18,8123.27,8.4358,0.03,393,2388,100.0,38.85,23.3302
11,22,0.0012,0.0001,100.0,518.67,642.98,1594.38,1405.76,14.62,21.61,553.34,2388.22,9036.4,1.3,47.57,522.13,2388.17,8122.97,8.4669,0.03,395,2388,100.0,38.75,23.2634
11,23,0.0005,-0.0001,100.0,518.67,643.07,1583.73,1406.74,14.62,21.61,553.12,2388.09,9042.82,1.3,47.75,521.55,2388.2,8126.93,8.423,0.03,393,2388,100.0,38.82,23.291
11,24,0.0028,0.0003,100.0,518.67,642.96,1585.42,1411.03,14.62,21.61,553.32,2388.18,9041.18,1.3,47.44,521.16,2388.16,8119.73,8.4538,0.03,393,2388,100.0,38.94,23.2866
11,25,0.0005,-0.0003,100.0,518.67,642.85,1588.9,1406.17,14.62,21.61,553.13,2388.11,9042.02,1.3,47.76,521.25,2388.16,8121.75,8.4468,0.03,393,2388,100.0,38.77,23.3594
11,26,-0.0006,0.0003,100.0,518.67,642.91,1593.26,1414.25,14.62,21.61,553.77,2388.11,9042.37,1.3,47.49,521.08,2388.16,8119.59,8.4347,0.03,394,2388,100.0,38.8,23.2159
11,27,0.0055,0.0002,100.0,518.67,642.64,1597.7,1408.43,14.62,21.61,552.46,2388.08,9041.01,1.3,47.57,521.68,2388.16,8117.83,8.4725,0.03,392,2388,100.0,38.75,23.3633
11,28,0.0001,-0.0,100.0,518.67,643.25,1596.56,1408.98,14.62,21.61,553.44,2388.14,9045.99,1.3,47.59,521.53,2388.11,8121.77,8.4467,0.03,393,2388,100.0,38.88,23.2817
11,29,0.0025,-0.0001,100.0,518.67,643.16,1590.16,1405.78,14.62,21.61,553.18,2388.07,9033.58,1.3,47.66,521.29,2388.13,8120.49,8.434,0.03,393,2388,100.0,38.76,23.3296
11,30,-0.0014,-0.0004,100.0,518.67,642.48,1592.14,1412.52,14.62,21.61,553.32,2388.14,9037.63,1.3,47.56,521.0,2388.16,8120.47,8.4217,0.03,393,2388,100.0,38.75,23.2843
11,31,0.0003,-0.0003,100.0,518.67,642.62,1596.26,1408.5,14.62,21.61,553.55,2388.12,9041.57,1.3,47.65,520.85,2388.15,8122.06,8.4177,0.03,394,2388,100.0,38.72,23.2586
11,32,-0.0005,-0.0003,100.0,518.67,642.26,1600.72,1402.62,14.62,21.61,552.82,2388.17,9030.68,1.3,47.56,520.72,2388.12,8115.77,8.4551,0.03,392,2388,100.0,38.75,23.206
11,33,-0.0001,0.0005,100.0,518.67,641.95,1590.24,1408.63,14.62,21.61,553.5,2388.19,9036.86,1.3,47.49,521.03,2388.16,8117.91,8.4222,0.03,392,2388,100.0,38.88,23.2495
11,34,-0.0022,-0.0002,100.0,518.67,642.4,1584.58,1405.26,14.62,21.61,553.23,2388.17,9045.5,1.3,47.51,521.04,2388.12,8121.33,8.406,0.03,393,2388,100.0,38.73,23.2846
11,35,-0.0,0.0001,100.0,518.67,642.16,1594.7,1411.34,14.62,21.61,553.51,2388.13,9038.22,1.3,47.41,522.0,2388.13,8115.74,8.4362,0.03,394,2388,100.0,38.65,23.2452
11,36,-0.0007,0.0,100.0,518.67,642.84,1592.56,1414.37,14.62,21.61,553.83,2388.19,9036.39,1.3,47.69,521.23,2388.08,8114.49,8.3958,0.03,391,2388,100.0,38.98,23.2442
11,37,-0.0009,-0.0003,100.0,518.67,642.64,1596.7,1400.39,14.62,21.61,553.03,2388.15,9040.66,1.3,47.53,520.79,2388.2,8115.11,8.4183,0.03,393,2388,100.0,38.85,23.2586
11,38,-0.003,0.0004,100.0,518.67,642.91,1587.31,1408.49,14.62,21.61,553.2,2388.13,9039.7,1.3,47.71,521.61,2388.09,8118.23,8.4369,0.03,393,2388,100.0,38.67,23.2556
11,39,0.0018,-0.0002,100.0,518.67,641.97,1590.62,1415.24,14.62,21.61,552.99,2388.15,9038.86,1.3,47.69,521.33,2388.1,8121.37,8.4684,0.03,392,2388,100.0,38.66,23.3412
11,40,0.0016,-0.0003,100.0,518.67,643.04,1585.89,1408.39,14.62,21.61,552.93,2388.16,9040.45,1.3,47.53,521.49,2388.13,8119.97,8.4284,0.03,394,2388,100.0,38.62,23.2774
11,41,0.0003,-0.0002,100.0,518.67,642.5,1595.86,1409.37,14.62,21.61,553.03,2388.13,9040.88,1.3,47.66,521.35,2388.16,8121.3,8.4079,0.03,392,2388,100.0,38.98,23.2079
11,42,-0.0001,0.0002,100.0,518.67,643.06,1581.44,1403.07,14.62,21.61,553.48,2388.12,9034.66,1.3,47.71,521.19,2388.12,8124.58,8.4389,0.03,392,2388,100.0,38.62,23.1963
11,43,0.0002,-0.0004,100.0,518.67,642.87,1586.81,1404.99,14.62,21.61,553.33,2388.17,9041.42,1.3,47.46,520.57,2388.14,8115.16,8.4373,0.03,392,2388,100.0,38.77,23.2997
11,44,-0.0015,-0.0005,100.0,518.67,642.69,1598.04,1414.05,14.62,21.61,553.62,2388.1,9040.69,1.3,47.55,521.13,2388.12,8122.51,8.4527,0.03,392,2388,100.0,38.84,23.2552
11,45,-0.0013,-0.0002,100.0,518.67,643.13,1588.86,1408.27,14.62,21.61,553.0,2388.15,9041.16,1.3,47.52,521.01,2388.12,8118.02,8.4002,0.03,393,2388,100.0,38.91,23.3027
11,46,0.0013,0.0003,100.0,518.67,642.62,1601.84,1409.45,14.62,21.61,553.93,2388.15,9036.82,1.3,47.59,521.59,2388.18,8113.25,8.4345,0.03,392,2388,100.0,38.85,23.2233
11,47,-0.0007,-0.0002,100.0,518.67,643.09,1592.58,1407.72,14.62,21.61,553.35,2388.2,9038.0,1.3,47.59,521.41,2388.14,8122.26,8.4058,0.03,393,2388,100.0,38.82,23.309
11,48,0.0022,0.0003,100.0,518.67,642.68,1592.18,1403.08,14.62,21.61,552.94,2388.19,9033.78,1.3,47.62,521.12,2388.15,8120.76,8.4536,0.03,394,2388,100.0,38.8,23.3568
11,49,-0.0027,0.0004,100.0,518.67,642.89,1587.08,1410.75,14.62,21.61,552.83,2388.15,9039.18,1.3,47.63,521.23,2388.16,8122.95,8.4528,0.03,394,2388,100.0,38.67,23.2674
11,50,0.0001,0.0003,100.0,518.67,642.92,1591.42,1410.96,14.62,21.61,553.21,2388.18,9033.04,1.3,47.67,521.67,2388.17,8119.6,8.4825,0.03,394,2388,100.0,38.83,23.2895
11,51,0.0001,0.0001,100.0,518.67,642.14,1592.78,1407.62,14.62,21.61,552.82,2388.13,9042.54,1.3,47.53,520.64,2388.19,8123.68,8.4473,0.03,394,2388,100.0,38.75,23.3349
11,52,-0.0029,-0.0001,100.0,518.67,642.91,1596.89,1406.2,14.62,21.61,552.94,2388.16,9038.41,1.3,47.6,521.12,2388.17,8114.4,8.425,0.03,392,2388,100.0,38.95,23.2297
11,53,0.0022,-0.0001,100.0,518.67,643.14,1594.08,1420.99,14.62,21.61,554.04,2388.12,9042.6,1.3,47.58,521.1,2388.13,8119.37,8.4511,0.03,392,2388,100.0,38.93,23.22
11,54,0.0012,0.0005,100.0,518.67,642.79,1589.44,1405.27,14.62,21.61,553.5,2388.15,9040.65,1.3,47.78,520.65,2388.12,8120.77,8.428,0.03,394,2388,100.0,38.94,23.2653
11,55,-0.0014,-0.0002,100.0,518.67,642.62,1590.4,1413.89,14.62,21.61,553.13,2388.16,9043.24,1.3,47.52,520.74,2388.16,8121.51,8.4368,0.03,391,2388,100.0,38.73,23.2569
11,56,-0.0007,0.0003,100.0,518.67,642.96,1593.45,1409.48,14.62,21.61,553.56,2388.11,9039.34,1.3,47.62,521.22,2388.13,8120.5,8.4801,0.03,391,2388,100.0,38.78,23.2253
11,57,0.0021,-0.0004,100.0,518.67,643.16,1594.68,1412.93,14.62,21.61,553.47,2388.14,9039.91,1.3,47.72,521.58,2388.12,8116.95,8.4451,0.03,395,2388,100.0,38.95,23.276
11,58,0.0003,-0.0003,100.0,518.67,642.89,1588.48,1411.57,14.62,21.61,552.79,2388.15,9037.34,1.3,47.51,521.51,2388.16,8119.48,8.45,0.03,391,2388,100.0,38.78,23.2848
11,59,0.0027,0.0003,100.0,518.67,642.55,1598.96,1408.36,14.62,21.61,553.42,2388.17,9039.17,1.3,47.55,521.49,2388.2,8114.52,8.444,0.03,394,2388,100.0,38.93,23.2679
11,60,0.0019,0.0004,100.0,518.67,643.01,1592.29,1412.85,14.62,21.61,553.49,2388.2,9038.54,1.3,47.6,520.63,2388.18,8121.58,8.4475,0.03,394,2388,100.0,38.79,23.3233
11,61,-0.0014,0.0,100.0,518.67,643.08,1594.35,1414.8,14.62,21.61,553.37,2388.14,9037.82,1.3,47.71,521.4,2388.14,8119.53,8.4538,0.03,392,2388,100.0,38.87,23.3139
11,62,-0.0,-0.0005,100.0,518.67,642.88,1580.6,1414.19,14.62,21.61,552.86,2388.13,9038.51,1.3,47.61,521.34,2388.13,8114.66,8.4511,0.03,394,2388,100.0,38.84,23.3134
11,63,-0.0004,0.0004,100.0,518.67,642.68,1593.8,1408.55,14.62,21.61,553.11,2388.13,9040.58,1.3,47.69,521.24,2388.14,8119.1,8.4734,0.03,393,2388,100.0,38.85,23.1957
11,64,0.0012,0.0002,100.0,518.67,642.74,1590.54,1405.17,14.62,21.61,553.43,2388.14,9044.4,1.3,47.65,520.83,2388.15,8126.64,8.4553,0.03,393,2388,100.0,38.94,23.2127
11,65,-0.0031,-0.0003,100.0,518.67,642.72,1588.25,1407.15,14.62,21.61,552.61,2388.11,9039.25,1.3,47.56,521.82,2388.17,8121.89,8.3978,0.03,394,2388,100.0,38.76,23.3388
11,66,-0.0001,0.0001,100.0,518.67,642.74,1598.2,1413.5,14.62,21.61,553.89,2388.15,9036.12,1.3,47.64,521.35,2388.14,8121.19,8.4227,0.03,392,2388,100.0,38.85,23.3845
11,67,0.0012,0.0002,100.0,518.67,643.16,1580.75,1408.7,14.62,21.61,553.59,2388.12,9041.58,1.3,47.49,521.35,2388.15,8119.1,8.4364,0.03,392,2388,100.0,38.77,23.3498
11,68,0.0012,0.0,100.0,518.67,642.96,1593.63,1408.61,14.62,21.61,553.15,2388.16,9037.63,1.3,47.51,521.12,2388.16,8125.19,8.4565,0.03,393,2388,100.0,38.71,23.3544
11,69,-0.001,0.0001,100.0,518.67,642.97,1589.77,1407.41,14.62,21.61,552.84,2388.14,9045.34,1.3,47.78,521.28,2388.21,8122.99,8.4312,0.03,392,2388,100.0,38.72,23.376
11,70,0.0039,-0.0001,100.0,518.67,643.07,1589.88,1414.61,14.62,21.61,553.99,2388.14,9041.13,1.3,47.73,520.69,2388.14,8121.77,8.4368,0.03,394,2388,100.0,38.86,23.3142
11,71,0.0012,0.0002,100.0,518.67,642.68,1580.26,1413.22,14.62,21.61,553.53,2388.14,9037.79,1.3,47.51,521.56,2388.14,8116.08,8.4482,0.03,392,2388,100.0,38.8,23.2504
11,72,-0.0,-0.0001,100.0,518.67,642.27,1591.86,1409.38,14.62,21.61,553.55,2388.14,9039.95,1.3,47.61,521.2,2388.16,8120.03,8.4381,0.03,393,2388,100.0,38.7,23.2578
11,73,-0.0,0.0003,100.0,518.67,642.93,1592.96,1415.77,14.62,21.61,552.86,2388.13,9038.4,1.3,47.8,521.41,2388.18,8120.57,8.4376,0.03,394,2388,100.0,38.77,23.2637
11,74,0.003,-0.0004,100.0,518.67,642.86,1590.55,1414.8,14.62,21.61,553.63,2388.13,9042.31,1.3,47.66,521.0,2388.19,8122.12,8.4652,0.03,393,2388,100.0,38.83,23.18
11,75,0.0002,-0.0,100.0,518.67,643.06,1583.6,1410.61,14.62,21.61,553.15,2388.18,9041.96,1.3,47.61,521.38,2388.15,8117.19,8.4896,0.03,394,2388,100.0,38.76,23.2526
11,76,0.0013,0.0003,100.0,518.67,642.93,1596.68,1411.47,14.62,21.61,553.36,2388.16,9038.1,1.3,47.59,521.2,2388.11,8123.99,8.4538,0.03,393,2388,100.0,38.83,23.229
11,77,0.0002,0.0002,100.0,518.67,642.7,1598.96,1419.76,14.62,21.61,552.51,2388.16,9040.3,1.3,47.53,521.06,2388.16,8114.53,8.4577,0.03,392,2388,100.0,38.78,23.2055
11,78,-0.0005,-0.0004,100.0,518.67,643.04,1590.64,1410.67,14.62,21.61,552.85,2388.18,9040.56,1.3,47.61,521.1,2388.17,8120.28,8.4464,0.03,394,2388,100.0,38.74,23.2005
11,79,-0.0024,0.0001,100.0,518.67,642.74,1589.16,1416.24,14.62,21.61,553.23,2388.15,9041.15,1.3,47.7,520.75,2388.1,8116.57,8.435,0.03,392,2388,100.0,38.69,23.2566
11,80,0.0003,-0.0001,100.0,518.67,642.84,1595.39,1417.85,14.62,21.61,552.79,2388.24,9033.58,1.3,47.58,520.48,2388.18,8117.86,8.46,0.03,391,2388,100.0,38.64,23.3253
11,81,0.0009,0.0003,100.0,518.67,642.71,1588.22,1421.34,14.62,21.61,553.37,2388.15,9033.79,1.3,47.39,521.35,2388.19,8119.81,8.4499,0.03,392,2388,100.0,38.74,23.2111
11,82,0.0011,-0.0002,100.0,518.67,643.29,1601.39,1408.14,14.62,21.61,553.77,2388.22,9032.09,1.3,47.61,520.95,2388.12,8116.54,8.4364,0.03,394,2388,100.0,38.88,23.2399
11,83,0.0001,0.0004,100.0,518.67,642.42,1587.73,1414.22,14.62,21.61,552.8,2388.21,9037.11,1.3,47.67,520.74,2388.18,8116.85,8.464,0.03,394,2388,100.0,38.66,23.2908
14,1,0.0023,0.0001,100.0,518.67,642.66,1585.63,1415.87,14.62,21.61,553.49,2388.13,9034.75,1.3,47.5,521.01,2388.18,8122.18,8.4474,0.03,394,2388,100.0,38.77,23.3023
14,2,-0.0031,0.0001,100.0,518.67,642.85,1591.89,1405.96,14.62,21.61,553.45,2388.09,9037.35,1.3,47.65,521.2,2388.17,8115.33,8.449,0.03,392,2388,100.0,38.82,23.3449
14,3,0.0009,0.0005,100.0,518.67,643.03,1589.22,1407.19,14.62,21.61,552.99,2388.15,9031.63,1.3,47.56,521.08,2388.16,8117.65,8.4592,0.03,393,2388,100.0,38.94,23.2735
14,4,0.0028,-0.0004,100.0,518.67,642.9,1584.64,1403.72,14.62,21.61,553.16,2388.12,9040.34,1.3,47.53,521.58,2388.19,8118.45,8.4591,0.03,394,2388,100.0,38.79,23.3108
14,5,-0.0025,0.0002,100.0,518.67,642.45,1587.82,1407.75,14.62,21.61,553.15,2388.13,9033.48,1.3,47.44,521.56,2388.16,8118.83,8.4587,0.03,392,2388,100.0,38.75,23.2673
14,6,0.0005,-0.0001,100.0,518.67,642.68,1593.77,1409.05,14.62,21.61,552.51,2388.15,9041.85,1.3,47.46,521.91,2388.07,8115.64,8.4539,0.03,392,2388,100.0,38.88,23.2834
14,7,-0.0007,-0.0005,100.0,518.67,642.96,1588.25,1409.93,14.62,21.61,553.62,2388.2,9035.1,1.3,47.52,520.54,2388.18,8114.73,8.4362,0.03,394,2388,100.0,39.0,23.1876
14,8,-0.0005,0.0001,100.0,518.67,642.61,1585.86,1401.01,14.62,21.61,553.26,2388.12,9034.87,1.3,47.64,521.58,2388.2,8111.3,8.412,0.03,393,2388,100.0,38.9,23.3255
14,9,-0.0025,0.0002,100.0,518.67,642.71,1593.64,1411.96,14.62,21.61,552.9,2388.13,9033.47,1.3,47.61,521.65,2388.15,8119.6,8.4201,0.03,394,2388,100.0,38.74,23.2362
14,10,0.0021,0.0001,100.0,518.67,642.88,1594.13,1403.33,14.62,21.61,553.56,2388.16,9029.72,1.3,47.31,521.34,2388.19,8114.65,8.4436,0.03,392,2388,100.0,38.9,23.3185
14,11,0.0026,-0.0003,100.0,518.67,642.34,1591.46,1409.49,14.62,21.61,552.84,2388.16,9033.43,1.3,47.54,521.11,2388.15,8112.19,8.4345,0.03,393,2388,100.0,38.94,23.3401
14,12,0.0,-0.0003,100.0,518.67,642.9,1584.18,1408.16,14.62,21.61,552.53,2388.11,9041.8,1.3,47.5,521.04,2388.14,8116.15,8.4495,0.03,392,2388,100.0,38.63,23.2494
14,13,-0.0015,-0.0004,100.0,518.67,642.98,1594.49,1410.68,14.62,21.61,552.99,2388.18,9046.86,1.3,47.58,521.48,2388.1,8121.35,8.4534,0.03,392,2388,100.0,38.74,23.2864
14,14,0.0019,-0.0001,100.0,518.67,642.49,1588.04,1409.69,14.62,21.61,553.97,2388.12,9032.93,1.3,47.47,521.12,2388.12,8121.04,8.4402,0.03,394,2388,100.0,38.76,23.4023
14,15,-0.0008,-0.0002,100.0,518.67,642.85,1589.43,1410.24,14.62,21.61,552.78,2388.17,9038.79,1.3,47.6,521.24,2388.15,8123.16,8.46,0.03,395,2388,100.0,38.73,23.3208
14,16,-0.0036,0.0002,100.0,518.67,642.72,1587.9,1407.33,14.62,21.61,552.54,2388.19,9038.49,1.3,47.45,521.72,2388.15,8118.39,8.427,0.03,394,2388,100.0,38.87,23.3774
14,17,0.0002,-0.0001,100.0,518.67,642.04,1587.17,1411.38,14.62,21.61,553.28,2388.14,9039.3,1.3,47.59,520.73,2388.18,8117.37,8.4416,0.03,393,2388,100.0,38.61,23.2945
14,18,0.0007,0.0002,100.0,518.67,642.54,1586.36,1410.66,14.62,21.61,553.62,2388.15,9035.36,1.3,47.67,520.95,2388.18,8118.14,8.4765,0.03,393,2388,100.0,38.77,23.1997
14,19,-0.0022,0.0001,100.0,518.67,642.97,1592.79,1402.22,14.62,21.61,553.11,2388.16,9046.84,1.3,47.63,521.33,2388.16,8119.51,8.4476,0.03,392,2388,100.0,38.84,23.254
14,20,0.0043,0.0002,100.0,518.67,642.84,1589.02,1408.16,14.62,21.61,552.86,2388.11,9041.2,1.3,47.47,520.9,2388.14,8119.25,8.4431,0.03,393,2388,100.0,38.83,23.3035
14,21,-0.0026,0.0004,100.0,518.67,642.62,1594.25,1414.01,14.62,21.61,553.62,2388.16,9040.33,1.3,47.49,520.94,2388.09,8120.8,8.449,0.03,393,2388,100.0,38.98,23.3165
14,22,-0.0004,-0.0002,100.0,518.67,642.74,1591.32,1405.28,14.62,21.61,554.0,2388.21,9040.78,1.3,47.43,521.09,2388.2,8118.83,8.4596,0.03,393,2388,100.0,38.84,23.232
14,23,0.0008,0.0002,100.0,518.67,642.67,1592.29,1402.81,14.62,21.61,552.48,2388.11,9053.89,1.3,47.76,521.43,2388.12,8119.7,8.4227,0.03,393,2388,100.0,38.83,23.2947
14,24,-0.0005,-0.0,100.0,518.67,642.55,1590.97,1404.42,14.62,21.61,552.53,2388.13,9034.43,1.3,47.63,521.79,2388.14,8119.1,8.4379,0.03,393,2388,100.0,38.71,23.2996
14,25,0.0047,0.0004,100.0,518.67,642.56,1586.48,1403.99,14.62,21.61,553.32,2388.16,9040.89,1.3,47.62,521.71,2388.17,8115.83,8.4079,0.03,392,2388,100.0,38.85,23.2271
14,26,0.0029,-0.0,100.0,518.67,642.91,1590.38,1408.85,14.62,21.61,552.86,2388.11,9044.52,1.3,47.63,521.0,2388.16,8119.63,8.4616,0.03,393,2388,100.0,38.95,23.2935
14,27,-0.0034,0.0005,100.0,518.67,642.6,1591.09,1410.61,14.62,21.61,553.05,2388.18,9038.13,1.3,47.55,521.64,2388.16,8119.81,8.4167,0.03,394,2388,100.0,38.65,23.1758
14,28,-0.0009,0.0004,100.0,518.67,642.72,1592.48,1399.05,14.62,21.61,554.24,2388.08,9037.59,1.3,47.64,521.58,2388.15,8125.22,8.4593,0.03,393,2388,100.0,38.88,23.249
14,29,-0.0,0.0,100.0,518.67,642.56,1587.66,1418.69,14.62,21.61,552.91,2388.16,9024.53,1.3,47.52,521.71,2388.16,8115.44,8.4619,0.03,393,2388,100.0,38.89,23.2472
14,30,-0.0025,0.0002,100.0,518.67,642.55,1585.18,1410.15,14.62,21.61,553.26,2388.13,9035.75,1.3,47.56,521.01,2388.16,8123.65,8.4605,0.03,394,2388,100.0,38.89,23.3503
14,31,-0.0013,-0.0001,100.0,518.67,642.52,1584.2,1415.34,14.62,21.61,552.55,2388.14,9042.63,1.3,47.7,520.77,2388.15,8116.57,8.4505,0.03,393,2388,100.0,38.88,23.2596
14,32,-0.0034,-0.0,100.0,518.67,642.49,1587.22,1410.62,14.62,21.61,553.59,2388.2,9042.69,1.3,47.63,521.08,2388.17,8122.34,8.4453,0.03,392,2388,100.0,38.87,23.3545
14,33,0.0,0.0003,100.0,518.67,642.6,1590.58,1409.72,14.62,21.61,553.01,2388.14,9036.55,1.3,47.73,521.7,2388.13,8114.29,8.4406,0.03,393,2388,100.0,38.98,23.2663
14,34,-0.0008,0.0003,100.0,518.67,642.91,1590.23,1410.88,14.62,21.61,552.75,2388.17,9041.85,1.3,47.51,520.83,2388.12,8114.59,8.4145,0.03,393,2388,100.0,38.79,23.2934
14,35,0.0007,-0.0003,100.0,518.67,642.61,1596.77,1410.47,14.62,21.61,553.75,2388.18,9039.95,1.3,47.78,521.26,2388.12,8121.24,8.4319,0.03,393,2388,100.0,38.82,23.4028
14,36,0.0012,-0.0003,100.0,518.67,642.87,1596.71,1408.23,14.62,21.61,553.45,2388.18,9035.12,1.3,47.45,520.95,2388.14,8118.96,8.413,0.03,395,2388,100.0,38.83,23.3023
14,37,0.0015,-0.0005,100.0,518.67,642.79,1593.54,1407.36,14.62,21.61,553.09,2388.15,9032.74,1.3,47.57,521.17,2388.18,8119.26,8.4496,0.03,395,2388,100.0,38.78,23.3584
14,38,-0.0017,-0.0003,100.0,518.67,642.36,1594.87,1413.77,14.62,21.61,553.24,2388.18,9036.58,1.3,47.62,521.53,2388.16,8118.12,8.4322,0.03,393,2388,100.0,38.86,23.359
14,39,-0.0024,0.0002,100.0,518.67,642.83,1590.45,1410.28,14.62,21.61,553.08,2388.09,9036.35,1.3,47.46,521.54,2388.16,8119.44,8.4437,0.03,393,2388,100.0,38.75,23.2925
14,40,0.0014,0.0001,100.0,518.67,642.4,1590.57,1414.98,14.62,21.61,553.11,2388.16,9025.0,1.3,47.6,521.43,2388.2,8111.16,8.4364,0.03,393,2388,100.0,38.73,23.2242
14,41,-0.0018,-0.0002,100.0,518.67,642.9,1582.46,1411.71,14.62,21.61,553.16,2388.17,9042.63,1.3,47.58,520.92,2388.15,8119.63,8.4707,0.03,393,2388,100.0,38.73,23.3019
14,42,-0.0059,-0.0001,100.0,518.67,642.57,1595.22,1411.01,14.62,21.61,553.32,2388.23,9039.05,1.3,47.84,521.16,2388.14,8113.73,8.4274,0.03,394,2388,100.0,38.83,23.3218
14,43,0.0048,0.0001,100.0,518.67,642.56,1587.94,1405.96,14.62,21.61,553.3,2388.17,9042.95,1.3,47.64,521.43,2388.15,8120.1,8.4221,0.03,393,2388,100.0,38.88,23.2486
14,44,0.0016,-0.0002,100.0,518.67,642.81,1598.14,1417.39,14.62,21.61,552.86,2388.13,9029.81,1.3,47.66,520.8,2388.23,8122.61,8.4634,0.03,393,2388,100.0,38.82,23.2997
14,45,-0.0003,-0.0002,100.0,518.67,642.86,1595.21,1412.52,14.62,21.61,553.2,2388.16,9034.52,1.3,47.51,521.17,2388.15,8117.68,8.4468,0.03,392,2388,100.0,38.81,23.2487
14,46,0.0013,-0.0002,100.0,518.67,642.91,1591.39,1408.35,14.62,21.61,553.75,2388.17,9037.35,1.3,47.57,520.66,2388.1,8118.1,8.4233,0.03,393,2388,100.0,38.69,23.2603
15,1,0.0017,0.0003,100.0,518.67,642.19,1585.73,1403.05,14.62,21.61,553.76,2387.98,9051.46,1.3,47.19,521.52,2388.07,8135.89,8.4166,0.03,393,2388,100.0,39.06,23.3873
15,2,-0.0017,-0.0002,100.0,518.67,642.75,1580.72,1393.99,14.62,21.61,554.7,2388.02,9053.83,1.3,47.26,522.42,2388.0,8138.29,8.4437,0.03,390,2388,100.0,38.93,23.4303
15,3,-0.0014,-0.0,100.0,518.67,642.15,1578.79,1398.29,14.62,21.61,554.2,2388.04,9043.73,1.3,47.35,522.28,2388.04,8136.97,8.391,0.03,391,2388,100.0,39.05,23.4766
15,4,-0.0019,0.0004,100.0,518.67,641.75,1591.06,1392.86,14.62,21.61,554.78,2388.01,9060.11,1.3,47.2,521.42,2388.02,8138.81,8.4136,0.03,391,2388,100.0,39.12,23.3907
15,5,-0.0003,-0.0005,100.0,518.67,642.41,1587.86,1406.54,14.62,21.61,554.36,2388.03,9053.46,1.3,47.16,522.04,2388.03,8141.61,8.41,0.03,392,2388,100.0,38.93,23.4475
15,6,0.0037,-0.0,100.0,518.67,642.39,1583.62,1404.13,14.62,21.61,554.66,2388.03,9057.5,1.3,47.17,522.37,2388.0,8137.91,8.4058,0.03,391,2388,100.0,38.96,23.4038
15,7,0.0002,0.0003,100.0,518.67,642.38,1577.17,1408.38,14.62,21.61,553.34,2388.05,9061.9,1.3,47.19,522.59,2388.01,8141.26,8.4185,0.03,392,2388,100.0,38.95,23.4416
15,8,0.0023,0.0004,100.0,518.67,642.45,1575.25,1397.71,14.62,21.61,554.5,2388.04,9050.68,1.3,47.14,522.15,2388.0,8136.3,8.367,0.03,391,2388,100.0,39.01,23.4234
15,9,0.0016,0.0003,100.0,518.67,642.52,1586.26,1400.66,14.62,21.61,554.5,2388.02,9051.89,1.3,47.19,522.26,2387.98,8137.37,8.3842,0.03,394,2388,100.0,39.12,23.5357
15,10,0.0004,-0.0001,100.0,518.67,642.18,1584.91,1398.4,14.62,21.61,554.44,2388.02,9054.82,1.3,47.32,522.18,2388.02,8144.26,8.4075,0.03,392,2388,100.0,38.97,23.4952
15,11,-0.0045,-0.0002,100.0,518.67,642.34,1586.73,1398.69,14.62,21.61,553.8,2388.01,9056.51,1.3,47.33,521.9,2388.05,8138.03,8.3939,0.03,392,2388,100.0,39.06,23.4224
15,12,-0.0008,-0.0003,100.0,518.67,642.05,1585.47,1399.68,14.62,21.61,554.05,2388.05,9061.51,1.3,47.17,522.2,2388.03,8139.54,8.3736,0.03,392,2388,100.0,39.04,23.3217
15,13,-0.001,-0.0002,100.0,518.67,642.83,1596.04,1405.52,14.62,21.61,554.33,2388.04,9056.7,1.3,47.21,521.81,2388.01,8140.12,8.4158,0.03,393,2388,100.0,39.09,23.4108
15,14,0.0025,0.0002,100.0,518.67,642.59,1580.14,1393.79,14.62,21.61,554.32,2388.02,9051.64,1.3,47.27,522.2,2388.03,8136.99,8.4198,0.03,392,2388,100.0,39.05,23.3954
15,15,-0.0001,-0.0005,100.0,518.67,642.19,1587.16,1403.1,14.62,21.61,553.66,2388.0,9051.95,1.3,47.29,522.35,2388.02,8131.31,8.4245,0.03,392,2388,100.0,39.07,23.3828
15,16,0.0007,0.0001,100.0,518.67,641.92,1584.46,1396.76,14.62,21.61,554.4,2388.01,9055.16,1.3,47.22,521.75,2387.99,8138.49,8.3778,0.03,392,2388,100.0,38.98,23.385
15,17,-0.0012,-0.0003,100.0,518.67,642.57,1590.32,1403.83,14.62,21.61,554.73,2388.06,9053.09,1.3,47.36,522.1,2387.99,8136.35,8.3756,0.03,392,2388,100.0,39.02,23.3642
15,18,0.001,0.0002,100.0,518.67,642.03,1584.79,1399.32,14.62,21.61,554.03,2388.03,9060.89,1.3,47.29,522.25,2388.03,8138.76,8.4044,0.03,392,2388,100.0,38.95,23.4937
15,19,0.0003,0.0005,100.0,518.67,642.08,1582.1,1402.05,14.62,21.61,553.88,2388.06,9061.6,1.3,47.22,522.29,2388.07,8135.26,8.4041,0.03,392,2388,100.0,38.83,23.4093
15,20,0.0034,-0.0002,100.0,518.67,642.29,1583.81,1401.05,14.62,21.61,554.12,2388.05,9060.29,1.3,47.2,522.16,2388.05,8132.94,8.4173,0.03,392,2388,100.0,38.91,23.367
15,21,-0.0001,0.0,100.0,518.67,642.24,1584.16,1401.83,14.62,21.61,554.51,2388.07,9055.98,1.3,47.36,522.07,2388.01,8138.78,8.4356,0.03,390,2388,100.0,39.02,23.3525
15,22,-0.0009,-0.0004,100.0,518.67,642.12,1583.02,1397.14,14.62,21.61,554.22,2388.05,9052.78,1.3,47.22,522.48,2388.07,8139.67,8.4065,0.03,391,2388,100.0,39.08,23.3894
15,23,-0.0014,-0.0001,100.0,518.67,642.01,1589.62,1399.9,14.62,21.61,554.44,2387.98,9054.09,1.3,47.15,521.85,2388.04,8135.22,8.42,0.03,391,2388,100.0,38.98,23.3634
15,24,0.0012,0.0002,100.0,518.67,642.03,1582.36,1394.63,14.62,21.61,554.08,2387.97,9059.91,1.3,47.22,521.95,2388.03,8139.45,8.3978,0.03,392,2388,100.0,39.33,23.3175
15,25,0.0003,0.0,100.0,518.67,642.27,1584.31,1397.56,14.62,21.61,554.28,2388.11,9055.25,1.3,47.12,521.84,2388.05,8135.5,8.3877,0.03,389,2388,100.0,38.93,23.454
15,26,0.0007,-0.0001,100.0,518.67,642.14,1573.06,1397.6,14.62,21.61,554.0,2388.07,9053.2,1.3,47.41,521.81,2388.01,8137.39,8.3798,0.03,392,2388,100.0,38.99,23.5214
15,27,-0.0008,-0.0005,100.0,518.67,641.93,1582.66,1392.65,14.62,21.61,554.27,2387.98,9053.32,1.3,47.37,522.13,2388.02,8138.65,8.4319,0.03,393,2388,100.0,39.23,23.341
15,28,-0.0011,0.0003,100.0,518.67,642.24,1586.29,1406.08,14.62,21.61,553.96,2388.05,9060.35,1.3,47.14,521.54,2388.06,8138.44,8.4379,0.03,392,2388,100.0,39.15,23.4385
15,29,-0.0008,-0.0005,100.0,518.67,641.89,1581.36,1400.36,14.62,21.61,554.78,2388.03,9053.18,1.3,47.23,522.06,2388.04,8137.86,8.4206,0.03,392,2388,100.0,39.15,23.3648
15,30,-0.0026,0.0004,100.0,518.67,642.3,1589.35,1400.8,14.62,21.6,554.27,2388.01,9057.63,1.3,47.14,522.6,2388.01,8137.41,8.4296,0.03,392,2388,100.0,38.99,23.2602
15,31,0.0004,-0.0001,100.0,518.67,642.09,1591.99,1408.99,14.62,21.61,554.46,2388.06,9049.78,1.3,47.31,522.14,2388.09,8133.57,8.3934,0.03,391,2388,100.0,38.84,23.4565
15,32,-0.0012,-0.0003,100.0,518.67,641.67,1584.08,1406.23,14.62,21.6,554.52,2387.99,9052.93,1.3,47.32,522.48,2388.06,8141.86,8.4361,0.03,392,2388,100.0,39.03,23.2835
15,33,0.0015,-0.0003,100.0,518.67,642.91,1592.52,1399.79,14.62,21.61,555.42,2388.05,9052.94,1.3,47.33,522.29,2388.09,8136.72,8.4119,0.03,391,2388,100.0,39.05,23.2902
15,34,-0.0011,0.0002,100.0,518.67,642.61,1582.86,1396.52,14.62,21.61,554.99,2388.05,9059.57,1.3,47.44,522.37,2388.03,8137.62,8.4118,0.03,392,2388,100.0,39.22,23.5201
15,35,-0.0028,-0.0003,100.0,518.67,642.44,1583.73,1400.93,14.62,21.61,554.51,2388.0,9056.79,1.3,47.3,522.27,2388.04,8136.29,8.3875,0.03,393,2388,100.0,39.05,23.432
15,36,0.0006,0.0004,100.0,518.67,642.29,1590.0,1399.01,14.62,21.61,554.19,2388.06,9050.95,1.3,47.17,522.69,2388.03,8143.95,8.4601,0.03,392,2388,100.0,38.91,23.3783
15,37,0.001,-0.0003,100.0,518.67,642.43,1586.81,1405.77,14.62,21.61,554.68,2387.99,9048.19,1.3,47.28,522.44,2388.03,8139.57,8.3961,0.03,392,2388,100.0,38.87,23.375
15,38,0.0003,-0.0003,100.0,518.67,642.04,1590.67,1404.3,14.62,21.6,553.68,2388.05,9061.94,1.3,47.23,522.3,2388.06,8139.96,8.4334,0.03,393,2388,100.0,38.96,23.3596
15,39,0.0008,-0.0002,100.0,518.67,642.4,1585.64,1404.63,14.62,21.61,554.21,2388.09,9060.77,1.3,47.25,522.08,2388.02,8139.98,8.4271,0.03,391,2388,100.0,38.91,23.4093
15,40,0.0014,0.0002,100.0,518.67,642.63,1588.29,1400.01,14.62,21.61,553.8,2388.1,9053.67,1.3,47.38,522.59,2388.01,8142.71,8.4135,0.03,392,2388,100.0,39.12,23.4133
15,41,0.0002,0.0002,100.0,518.67,642.17,1584.69,1405.16,14.62,21.6,554.77,2388.08,9052.27,1.3,47.47,522.15,2388.05,8132.52,8.4178,0.03,392,2388,100.0,39.16,23.3873
15,42,0.0024,0.0004,100.0,518.67,642.41,1584.18,1398.6,14.62,21.61,554.07,2388.05,9054.5,1.3,47.26,522.02,2388.08,8139.43,8.4103,0.03,394,2388,100.0,39.03,23.3826
15,43,0.0014,-0.0002,100.0,518.67,641.83,1588.05,1402.12,14.62,21.61,554.32,2387.99,9057.86,1.3,47.47,522.21,2388.08,8140.83,8.4055,0.03,392,2388,100.0,38.78,23.4037
15,44,-0.0027,0.0001,100.0,518.67,641.9,1586.27,1396.96,14.62,21.61,554.51,2388.06,9054.27,1.3,46.93,521.81,2388.08,8134.11,8.408,0.03,393,2388,100.0,39.09,23.315
15,45,-0.0013,0.0004,100.0,518.67,641.96,1581.35,1406.63,14.62,21.61,554.09,2388.05,9057.75,1.3,47.15,521.68,2387.98,8135.07,8.4058,0.03,394,2388,100.0,38.89,23.2435
15,46,0.0001,0.0,100.0,518.67,642.79,1583.91,1402.85,14.62,21.61,554.11,2388.07,9062.38,1.3,47.18,522.0,2388.07,8135.63,8.3697,0.03,392,2388,100.0,38.91,23.4007
15,47,-0.0038,0.0005,100.0,518.67,642.66,1584.98,1398.42,14.62,21.61,554.4,2388.02,9051.75,1.3,47.09,522.42,2388.04,8138.28,8.4264,0.03,393,2388,100.0,38.91,23.4283
15,48,0.0029,-0.0005,100.0,518.67,642.47,1587.5,1404.31,14.62,21.61,554.85,2388.08,9055.5,1.3,47.32,521.87,2388.05,8135.13,8.3764,0.03,391,2388,100.0,38.93,23.5313
15,49,-0.001,-0.0003,100.0,518.67,642.58,1586.67,1412.79,14.62,21.61,554.48,2388.05,9055.97,1.3,47.24,521.97,2388.03,8133.66,8.38,0.03,392,2388,100.0,38.76,23.3991
15,50,-0.0005,-0.0001,100.0,518.67,642.69,1594.08,1403.94,14.62,21.61,553.93,2388.03,9053.3,1.3,47.22,521.66,2388.02,8137.22,8.4151,0.03,393,2388,100.0,39.01,23.4171
15,51,-0.0015,-0.0001,100.0,518.67,642.1,1586.23,1395.35,14.62,21.61,554.02,2387.95,9058.88,1.3,47.35,521.92,2388.04,8138.57,8.3983,0.03,393,2388,100.0,38.99,23.4465
15,52,0.001,-0.0004,100.0,518.67,642.1,1579.41,1403.03,14.62,21.61,554.14,2388.03,9056.37,1.3,47.14,522.05,2388.03,8138.87,8.4393,0.03,392,2388,100.0,38.91,23.3698
15,53,0.0023,-0.0003,100.0,518.67,641.87,1589.16,1398.7,14.62,21.61,554.31,2388.02,9058.31,1.3,47.39,522.09,2388.04,8136.23,8.4241,0.03,392,2388,100.0,38.9,23.4798
15,54,0.0042,0.0001,100.0,518.67,642.54,1597.45,1405.19,14.62,21.61,554.0,2387.99,9059.08,1.3,47.19,522.12,2388.06,8140.07,8.3933,0.03,392,2388,100.0,38.95,23.4076
15,55,0.0017,0.0001,100.0,518.67,642.3,1588.38,1399.05,14.62,21.61,554.08,2388.04,9060.61,1.3,47.3,522.24,2388.07,8133.49,8.4278,0.03,392,2388,100.0,38.98,23.351
15,56,-0.0028,-0.0005,100.0,518.67,642.32,1580.82,1397.86,14.62,21.61,553.93,2388.0,9056.73,1.3,47.25,522.09,2388.0,8132.89,8.3909,0.03,391,2388,100.0,38.98,23.3439
15,57,-0.0007,-0.0005,100.0,518.67,642.49,1581.5,1398.09,14.62,21.61,553.36,2388.04,9057.29,1.3,47.45,522.21,2387.99,8138.01,8.4155,0.03,390,2388,100.0,39.07,23.4383
15,58,-0.0001,0.0002,100.0,518.67,641.99,1587.42,1393.91,14.62,21.61,554.38,2388.05,9058.58,1.3,47.23,521.28,2388.07,8139.63,8.4122,0.03,393,2388,100.0,38.83,23.3695
15,59,-0.0,0.0004,100.0,518.67,642.52,1588.85,1402.07,14.62,21.61,554.23,2388.0,9052.37,1.3,47.25,522.06,2388.02,8134.38,8.424,0.03,392,2388,100.0,39.0,23.3465
15,60,-0.0011,0.0003,100.0,518.67,642.86,1584.58,1406.72,14.62,21.61,553.94,2388.06,9051.68,1.3,47.34,522.0,2388.07,8138.38,8.435,0.03,393,2388,100.0,38.85,23.3353
15,61,0.0013,0.0002,100.0,518.67,641.84,1590.06,1390.55,14.62,21.61,553.83,2388.07,9056.5,1.3,47.35,522.61,2388.05,8130.58,8.4508,0.03,393,2388,100.0,38.95,23.5014
15,62,0.0007,0.0003,100.0,518.67,642.77,1592.26,1400.06,14.62,21.61,554.08,2388.07,9054.9,1.3,47.21,521.88,2388.05,8141.52,8.4408,0.03,393,2388,100.0,38.9,23.3711
15,63,-0.0004,-0.0001,100.0,518.67,642.38,1588.52,1401.81,14.62,21.61,554.67,2388.06,9058.85,1.3,47.33,522.18,2388.04,8140.54,8.3991,0.03,392,2388,100.0,39.06,23.3126
15,64,0.0008,0.0001,100.0,518.67,642.28,1586.85,1403.57,14.62,21.61,553.52,2387.99,9051.87,1.3,47.23,522.38,2388.01,8138.92,8.4514,0.03,392,2388,100.0,39.04,23.3386
15,65,0.0009,-0.0003,100.0,518.67,642.53,1592.91,1401.83,14.62,21.61,554.35,2388.01,9050.38,1.3,47.23,522.37,2388.0,8137.36,8.4109,0.03,392,2388,100.0,38.86,23.3374
15,66,0.0025,-0.0,100.0,518.67,642.53,1586.66,1406.53,14.62,21.61,553.63,2388.02,9059.45,1.3,47.45,522.11,2388.08,8141.99,8.4304,0.03,394,2388,100.0,39.02,23.4345
15,67,0.0009,0.0004,100.0,518.67,642.06,1585.61,1403.02,14.62,21.61,554.33,2388.04,9061.35,1.3,47.25,522.04,2388.04,8136.85,8.3714,0.03,393,2388,100.0,38.88,23.3416
15,68,-0.0016,-0.0002,100.0,518.67,642.13,1586.23,1399.95,14.62,21.61,553.37,2388.02,9059.29,1.3,47.36,521.99,2388.02,8135.75,8.4296,0.03,392,2388,100.0,39.2,23.4335
15,69,0.0002,-0.0002,100.0,518.67,641.86,1588.5,1403.27,14.62,21.61,553.64,2388.08,9054.16,1.3,47.39,522.19,2388.05,8132.93,8.4284,0.03,391,2388,100.0,39.17,23.4014
15,70,-0.001,-0.0005,100.0,518.67,642.05,1590.25,1396.99,14.62,21.61,554.14,2388.02,9055.57,1.3,47.5,521.98,2388.06,8136.49,8.426,0.03,394,2388,100.0,38.98,23.2936
15,71,0.0001,-0.0004,100.0,518.67,642.7,1581.19,1402.82,14.62,21.61,553.85,2388.06,9051.17,1.3,47.27,521.96,2388.05,8138.62,8.4166,0.03,393,2388,100.0,38.89,23.3785
15,72,0.0023,0.0003,100.0,518.67,642.64,1591.57,1398.26,14.62,21.61,554.36,2388.1,9049.76,1.3,47.52,521.36,2388.11,8134.67,8.4219,0.03,392,2388,100.0,38.95,23.4011
15,73,-0.001,-0.0003,100.0,518.67,642.91,1587.48,1408.82,14.62,21.61,553.99,2388.02,9062.11,1.3,47.39,522.13,2388.05,8130.66,8.4137,0.03,392,2388,100.0,38.96,23.4544
15,74,0.0011,0.0003,100.0,518.67,642.03,1599.66,1397.88,14.62,21.61,554.74,2388.04,9057.68,1.3,47.27,521.77,2388.02,8135.44,8.42,0.03,393,2388,100.0,38.99,23.3468
15,75,-0.0002,-0.0003,100.0,518.67,642.33,1594.58,1407.8,14.62,21.61,554.14,2388.08,9057.29,1.3,47.28,521.9,2388.06,8129.69,8.4158,0.03,394,2388,100.0,39.03,23.2687
15,76,-0.0012,-0.0,100.0,518.67,642.49,1589.21,1400.61,14.62,21.61,554.08,2388.1,9056.1,1.3,47.25,522.12,2388.11,8139.75,8.4067,0.03,392,2388,100.0,39.17,23.4085
16,1,0.0011,0.0,100.0,518.67,642.42,1578.16,1394.95,14.62,21.61,554.02,2388.04,9050.02,1.3,47.22,522.4,2388.08,8132.87,8.4024,0.03,391,2388,100.0,38.93,23.3745
16,2,-0.0058,0.0002,100.0,518.67,642.12,1589.31,1397.56,14.62,21.61,554.38,2388.03,9056.56,1.3,47.43,522.37,2388.0,8131.45,8.4324,0.03,392,2388,100.0,39.16,23.4421
16,3,-0.0011,-0.0001,100.0,518.67,642.69,1579.19,1400.69,14.62,21.61,554.81,2388.03,9043.73,1.3,47.2,522.49,2388.06,8134.01,8.3765,0.03,392,2388,100.0,39.28,23.3033
16,4,0.0037,-0.0004,100.0,518.67,642.37,1585.03,1393.3,14.62,21.61,554.59,2388.02,9049.34,1.3,47.14,521.79,2388.08,8135.7,8.4084,0.03,391,2388,100.0,39.07,23.3458
16,5,0.0001,-0.0003,100.0,518.67,642.68,1588.49,1402.41,14.62,21.61,554.5,2388.05,9052.14,1.3,47.2,522.26,2388.02,8142.14,8.4066,0.03,392,2388,100.0,38.96,23.3975
16,6,0.0009,-0.0001,100.0,518.67,642.2,1581.28,1401.92,14.62,21.61,554.02,2387.98,9054.35,1.3,47.29,522.68,2388.06,8137.12,8.4112,0.03,392,2388,100.0,39.08,23.2535
16,7,0.0002,0.0003,100.0,518.67,642.52,1585.46,1393.51,14.62,21.61,553.44,2388.02,9045.27,1.3,47.21,522.38,2388.0,8140.62,8.3775,0.03,393,2388,100.0,39.13,23.3547
16,8,0.0013,0.0002,100.0,518.67,642.02,1590.12,1402.45,14.62,21.61,554.31,2388.08,9048.75,1.3,47.11,522.54,2388.06,8134.55,8.3599,0.03,393,2388,100.0,39.02,23.5069
16,9,-0.0018,0.0002,100.0,518.67,641.91,1582.67,1405.22,14.62,21.61,554.27,2388.0,9050.4,1.3,47.11,522.58,2388.04,8137.14,8.3708,0.03,392,2388,100.0,38.96,23.3949
16,10,0.0019,-0.0001,100.0,518.67,641.81,1584.55,1401.0,14.62,21.61,554.68,2388.03,9053.57,1.3,47.12,522.23,2388.05,8131.79,8.441,0.03,391,2388,100.0,39.07,23.3845
16,11,-0.0014,-0.0004,100.0,518.67,642.08,1589.98,1402.3,14.62,21.61,554.05,2388.06,9049.05,1.3,47.21,522.35,2388.07,8134.69,8.3846,0.03,391,2388,100.0,38.96,23.3419
16,12,0.0056,-0.0002,100.0,518.67,642.55,1581.01,1397.64,14.62,21.61,554.91,2388.05,9044.42,1.3,47.14,521.96,2388.12,8134.18,8.3992,0.03,391,2388,100.0,38.96,23.394
16,13,0.0008,-0.0002,100.0,518.67,642.38,1579.42,1403.94,14.62,21.61,554.71,2388.03,9050.57,1.3,47.09,522.29,2388.06,8132.63,8.381,0.03,392,2388,100.0,39.05,23.3953
16,14,-0.0002,0.0001,100.0,518.67,642.42,1587.64,1397.69,14.62,21.61,554.15,2388.05,9048.02,1.3,47.44,522.17,2388.11,8133.6,8.4142,0.03,391,2388,100.0,39.04,23.3609
16,15,0.0012,0.0003,100.0,518.67,641.77,1581.63,1400.13,14.62,21.61,553.86,2388.01,9052.38,1.3,47.18,522.39,2388.0,8132.26,8.4105,0.03,393,2388,100.0,38.9,23.5045
16,16,0.0005,-0.0001,100.0,518.67,642.36,1590.19,1390.26,14.62,21.61,554.2,2387.98,9054.36,1.3,47.28,522.3,2388.0,8135.91,8.4301,0.03,391,2388,100.0,39.15,23.4895
16,17,0.0019,-0.0001,100.0,518.67,641.98,1585.35,1394.83,14.62,21.61,553.65,2388.03,9056.41,1.3,47.2,522.12,2388.02,8131.31,8.4184,0.03,391,2388,100.0,38.99,23.4574
16,18,-0.0008,0.0005,100.0,518.67,642.03,1588.11,1392.57,14.62,21.61,554.19,2388.07,9056.26,1.3,47.2,521.97,2388.06,8137.43,8.3789,0.03,393,2388,100.0,38.95,23.5054
16,19,0.0029,0.0001,100.0,518.67,642.09,1588.53,1401.55,14.62,21.61,554.01,2388.01,9043.09,1.3,47.14,521.76,2388.1,8127.49,8.4165,0.03,390,2388,100.0,38.96,23.4093
16,20,0.0021,-0.0005,100.0,518.67,642.16,1585.17,1400.2,14.62,21.61,554.31,2388.09,9050.72,1.3,47.27,522.41,2388.02,8128.91,8.4181,0.03,393,2388,100.0,39.19,23.3929
16,21,-0.0009,-0.0001,100.0,518.67,642.21,1582.42,1405.53,14.62,21.61,553.7,2388.0,9053.9,1.3,47.22,522.13,2388.09,8140.26,8.409,0.03,393,2388,100.0,39.11,23.3612
16,22,0.0041,0.0004,100.0,518.67,642.98,1582.28,1396.77,14.62,21.61,554.91,2388.06,9054.82,1.3,47.2,522.04,2388.06,8135.9,8.4144,0.03,391,2388,100.0,38.97,23.4407
16,23,0.0037,-0.0003,100.0,518.67,642.25,1585.51,1398.46,14.62,21.61,554.15,2388.04,9055.3,1.3,47.16,522.07,2388.02,8136.36,8.3804,0.03,392,2388,100.0,38.95,23.4848
16,24,0.0019,0.0003,100.0,518.67,641.88,1579.35,1398.41,14.62,21.61,553.81,2388.06,9049.54,1.3,47.22,521.57,2388.05,8140.41,8.4236,0.03,392,2388,100.0,38.79,23.4698
16,25,0.0005,0.0005,100.0,518.67,642.0,1586.84,1392.29,14.62,21.61,554.41,2388.01,9053.57,1.3,47.17,522.63,2388.01,8132.44,8.4128,0.03,391,2388,100.0,39.0,23.4144
16,26,-0.006,0.0003,100.0,518.67,641.92,1587.6,1404.79,14.62,21.61,553.66,2388.07,9053.63,1.3,47.11,522.51,2388.07,8134.44,8.4044,0.03,393,2388,100.0,38.86,23.3401
16,27,0.0014,0.0003,100.0,518.67,641.81,1584.36,1400.0,14.62,21.61,554.04,2388.02,9047.04,1.3,47.29,522.27,2388.0,8142.17,8.4172,0.03,390,2388,100.0,39.1,23.311
16,28,0.0009,0.0002,100.0,518.67,642.09,1588.67,1399.71,14.62,21.61,554.4,2388.04,9050.48,1.3,47.2,522.27,2388.03,8129.38,8.4087,0.03,392,2388,100.0,38.99,23.4487
16,29,0.0005,-0.0002,100.0,518.67,642.54,1582.65,1396.63,14.62,21.61,554.76,2388.0,9038.97,1.3,46.98,522.36,2388.05,8131.17,8.3599,0.03,391,2388,100.0,38.97,23.3869
16,30,0.0013,0.0001,100.0,518.67,642.2,1589.27,1395.36,14.62,21.61,554.49,2387.99,9053.42,1.3,47.37,522.59,2388.01,8139.72,8.45,0.03,393,2388,100.0,39.0,23.3901
16,31,-0.0048,-0.0005,100.0,518.67,641.78,1581.21,1393.02,14.62,21.61,554.45,2388.0,9049.48,1.3,47.29,521.74,2388.04,8136.52,8.3915,0.03,392,2388,100.0,38.88,23.3981
16,32,-0.001,0.0001,100.0,518.67,642.07,1588.0,1399.93,14.62,21.61,554.11,2388.04,9049.46,1.3,47.22,521.92,2388.02,8131.51,8.4082,0.03,392,2388,100.0,38.95,23.4028
16,33,-0.0004,0.0004,100.0,518.67,641.44,1583.15,1405.35,14.62,21.61,554.41,2387.98,9049.13,1.3,47.07,522.16,2388.03,8132.74,8.407,0.03,393,2388,100.0,38.92,23.3709
16,34,0.0002,-0.0003,100.0,518.67,642.25,1586.35,1396.87,14.62,21.61,553.68,2387.94,9047.97,1.3,47.29,521.82,2388.04,8133.16,8.4031,0.03,394,2388,100.0,38.92,23.3864
16,35,-0.0003,0.0002,100.0,518.67,642.42,1585.9,1398.6,14.62,21.61,553.84,2388.04,9056.16,1.3,47.47,521.86,2388.01,8136.09,8.4449,0.03,391,2388,100.0,38.89,23.3289
16,36,-0.0002,-0.0003,100.0,518.67,642.9,1590.15,1399.23,14.62,21.61,554.6,2388.02,9051.24,1.3,47.32,522.46,2388.05,8133.5,8.4164,0.03,392,2388,100.0,39.05,23.3701
16,37,-0.0003,-0.0001,100.0,518.67,642.23,1581.92,1394.77,14.62,21.61,553.8,2388.04,9048.33,1.3,47.32,522.17,2388.03,8139.32,8.4089,0.03,392,2388,100.0,38.91,23.4048
16,38,0.0032,0.0,100.0,518.67,642.41,1579.57,1398.89,14.62,21.61,555.39,2388.04,9044.92,1.3,47.19,521.97,2388.03,8136.67,8.3851,0.03,389,2388,100.0,39.14,23.502
16,39,-0.0001,-0.0001,100.0,518.67,642.53,1584.42,1397.78,14.62,21.61,554.23,2387.98,9053.06,1.3,47.11,521.95,2388.02,8134.75,8.3777,0.03,393,2388,100.0,39.12,23.333
16,40,0.0007,-0.0,100.0,518.67,642.3,1586.33,1397.97,14.62,21.61,554.87,2388.07,9050.98,1.3,47.28,522.17,2388.0,8133.9,8.3905,0.03,391,2388,100.0,38.82,23.4136
16,41,0.0034,0.0003,100.0,518.67,642.83,1588.47,1399.27,14.62,21.61,554.61,2388.02,9045.93,1.3,47.25,522.12,2388.05,8137.42,8.4128,0.03,392,2388,100.0,39.11,23.3028
16,42,0.0007,0.0004,100.0,518.67,642.62,1594.13,1394.07,14.62,21.61,554.49,2388.02,9041.79,1.3,47.44,522.06,2388.06,8134.63,8.3902,0.03,392,2388,100.0,39.0,23.3904
16,43,0.0017,0.0003,100.0,518.67,642.2,1583.04,1398.28,14.62,21.61,554.52,2388.03,9056.43,1.3,47.39,522.61,2388.04,8138.24,8.4301,0.03,392,2388,100.0,38.97,23.2961
16,44,-0.0054,0.0001,100.0,518.67,642.19,1587.53,1401.93,14.62,21.61,555.07,2388.06,9055.4,1.3,47.01,522.33,2388.01,8134.9,8.409,0.03,392,2388,100.0,38.76,23.3597
16,45,0.0044,0.0003,100.0,518.67,642.34,1585.86,1401.06,14.62,21.61,554.47,2388.07,9054.29,1.3,47.14,522.14,2388.1,8132.3,8.3994,0.03,393,2388,100.0,38.87,23.3325
16,46,-0.0004,0.0,100.0,518.67,642.59,1585.08,1400.07,14.62,21.61,554.81,2388.05,9050.45,1.3,47.2,522.11,2388.06,8131.85,8.4179,0.03,393,2388,100.0,38.97,23.3457
16,47,0.0008,-0.0003,100.0,518.67,642.57,1584.46,1395.26,14.62,21.61,554.96,2388.07,9053.21,1.3,47.27,521.83,2388.05,8135.82,8.4286,0.03,393,2388,100.0,38.93,23.5537
16,48,-0.0053,-0.0002,100.0,518.67,641.81,1586.63,1401.82,14.62,21.61,553.14,2388.03,9047.63,1.3,47.29,521.75,2388.08,8129.84,8.4347,0.03,393,2388,100.0,39.07,23.3816
16,49,0.0017,0.0001,100.0,518.67,642.28,1582.94,1404.59,14.62,21.61,554.44,2388.03,9058.47,1.3,47.25,521.75,2388.07,8132.52,8.4123,0.03,391,2388,100.0,38.91,23.3401
16,50,-0.0002,0.0002,100.0,518.67,642.41,1584.59,1403.07,14.62,21.61,554.22,2388.06,9058.69,1.3,47.35,521.94,2388.03,8135.56,8.4056,0.03,391,2388,100.0,38.88,23.3686
16,51,-0.0023,0.0,100.0,518.67,642.31,1591.83,1397.65,14.62,21.6,554.51,2388.03,9044.98,1.3,47.42,522.01,2388.03,8134.44,8.3764,0.03,392,2388,100.0,38.99,23.3888
16,52,-0.0012,-0.0004,100.0,518.67,642.55,1586.0,1402.14,14.62,21.61,554.48,2387.99,9054.19,1.3,47.29,522.32,2388.09,8136.71,8.3883,0.03,391,2388,100.0,38.94,23.3782
16,53,-0.0001,-0.0003,100.0,518.67,642.54,1587.64,1405.34,14.62,21.61,553.84,2388.06,9053.13,1.3,47.0,522.21,2388.0,8134.13,8.4225,0.03,393,2388,100.0,39.14,23.3815
16,54,-0.0033,-0.0,100.0,518.67,641.62,1585.04,1397.39,14.62,21.61,555.14,2388.07,9056.92,1.3,47.21,522.58,2388.09,8127.45,8.3814,0.03,394,2388,100.0,39.18,23.3458
16,55,0.0015,-0.0005,100.0,518.67,642.25,1585.08,1400.04,14.62,21.61,553.87,2388.02,9048.43,1.3,47.27,522.14,2388.03,8135.07,8.4129,0.03,391,2388,100.0,38.85,23.3574
16,56,0.003,-0.0001,100.0,518.67,642.67,1588.61,1400.98,14.62,21.61,554.58,2388.0,9048.76,1.3,47.41,522.05,2388.02,8135.77,8.4205,0.03,393,2388,100.0,38.97,23.4269
16,57,-0.0006,-0.0,100.0,518.67,642.45,1584.74,1394.87,14.62,21.61,554.94,2388.03,9048.66,1.3,47.23,522.08,2388.04,8127.82,8.4009,0.03,392,2388,100.0,39.18,23.4817
16,58,0.0005,-0.0001,100.0,518.67,642.05,1580.63,1394.78,14.62,21.61,554.19,2388.09,9054.69,1.3,47.17,522.11,2388.08,8133.62,8.4017,0.03,391,2388,100.0,38.92,23.3306
16,59,-0.0001,0.0003,100.0,518.67,642.02,1588.3,1401.55,14.62,21.61,554.19,2388.02,9057.55,1.3,47.38,521.85,2388.04,8133.34,8.4265,0.03,391,2388,100.0,38.96,23.4538
16,60,0.0005,-0.0001,100.0,518.67,642.7,1580.05,1399.11,14.62,21.61,554.31,2388.01,9053.43,1.3,47.26,522.14,2388.1,8134.45,8.4023,0.03,392,2388,100.0,38.97,23.4493
16,61,0.0002,-0.0001,100.0,518.67,641.64,1587.08,1396.94,14.62,21.61,553.88,2388.05,9045.68,1.3,47.31,521.86,2388.0,8135.13,8.4097,0.03,391,2388,100.0,39.1,23.3868
16,62,-0.0008,-0.0003,100.0,518.67,642.54,1577.61,1403.61,14.62,21.61,553.82,2388.01,9052.58,1.3,47.2,522.0,2388.06,8136.56,8.3878,0.03,393,2388,100.0,38.94,23.3679
16,63,0.0025,-0.0002,100.0,518.67,642.13,1583.79,1399.21,14.62,21.61,554.74,2388.04,9057.03,1.3,47.39,522.95,2387.99,8138.56,8.4194,0.03,392,2388,100.0,38.96,23.3772
16,64,-0.0029,0.0004,100.0,518.67,642.07,1586.77,1395.08,14.62,21.61,553.93,2388.07,9052.15,1.3,47.48,522.13,2388.06,8137.5,8.4334,0.03,392,2388,100.0,39.11,23.2875
16,65,-0.0017,-0.0002,100.0,518.67,642.05,1588.27,1396.38,14.62,21.61,553.62,2388.02,9051.05,1.3,47.2,522.21,2388.1,8137.34,8.4112,0.03,391,2388,100.0,38.96,23.3855
16,66,0.0021,0.0003,100.0,518.67,641.83,1583.1,1402.58,14.62,21.61,554.06,2388.02,9045.3,1.3,47.4,522.31,2388.07,8135.67,8.4206,0.03,392,2388,100.0,38.89,23.312
16,67,-0.0021,0.0004,100.0,518.67,642.34,1584.9,1405.95,14.62,21.61,554.59,2388.03,9051.75,1.3,47.19,522.46,2388.05,8133.71,8.3746,0.03,392,2388,100.0,38.9,23.3279
16,68,0.0024,-0.0002,100.0,518.67,642.34,1594.59,1402.51,14.62,21.61,553.98,2388.06,9052.93,1.3,47.35,522.27,2388.05,8134.24,8.4331,0.03,391,2388,100.0,39.05,23.3789
16,69,-0.0009,-0.0005,100.0,518.67,642.4,1588.68,1398.8,14.62,21.61,554.21,2388.05,9048.49,1.3,47.3,522.38,2388.04,8135.94,8.4085,0.03,392,2388,100.0,38.84,23.3298
16,70,-0.001,0.0002,100.0,518.67,642.83,1591.01,1401.88,14.62,21.61,554.13,2388.04,9053.85,1.3,47.4,522.13,2388.04,8129.96,8.4255,0.03,392,2388,100.0,38.9,23.4331
16,71,0.0029,-0.0004,100.0,518.67,642.82,1585.31,1400.55,14.62,21.61,554.27,2388.08,9056.48,1.3,47.37,522.45,2388.1,8139.68,8.3985,0.03,393,2388,100.0,38.9,23.3889
16,72,0.0018,-0.0005,100.0,518.67,642.87,1578.35,1404.05,14.62,21.61,554.53,2388.11,9051.09,1.3,47.22,522.65,2388.01,8136.53,8.3734,0.03,393,2388,100.0,38.97,23.4203
16,73,0.0043,0.0002,100.0,518.67,641.9,1584.51,1400.01,14.62,21.61,554.29,2388.06,9061.5,1.3,47.27,522.41,2388.08,8140.83,8.3929,0.03,391,2388,100.0,39.13,23.5322
16,74,-0.0022,-0.0,100.0,518.67,642.5,1581.17,1396.53,14.62,21.61,554.06,2388.09,9051.4,1.3,47.52,522.33,2387.99,8133.07,8.4151,0.03,392,2388,100.0,38.88,23.3474
16,75,-0.001,-0.0003,100.0,518.67,642.99,1583.32,1402.87,14.62,21.61,554.07,2388.09,9056.99,1.3,47.22,522.08,2388.05,8139.46,8.3896,0.03,392,2388,100.0,39.03,23.3588
16,76,-0.0014,-0.0001,100.0,518.67,642.44,1583.81,1401.71,14.62,21.61,554.17,2388.03,9060.0,1.3,47.28,521.92,2388.05,8139.56,8.3991,0.03,391,2388,100.0,39.0,23.4498
16,77,-0.0033,0.0004,100.0,518.67,641.95,1586.71,1393.71,14.62,21.61,554.05,2388.05,9056.59,1.3,47.48,521.54,2388.11,8135.7,8.4191,0.03,393,2388,100.0,39.06,23.4305
16,78,0.0008,-0.0003,100.0,518.67,642.17,1590.1,1396.15,14.62,21.61,554.63,2388.1,9054.62,1.3,47.26,521.86,2388.09,8135.64,8.3889,0.03,391,2388,100.0,39.04,23.4884
16,79,-0.0011,-0.0005,100.0,518.67,642.35,1593.07,1398.66,14.62,21.61,553.96,2388.04,9057.78,1.3,47.42,522.81,2388.07,8135.16,8.4122,0.03,391,2388,100.0,38.97,23.3384
16,80,0.0002,-0.0002,100.0,518.67,642.13,1585.3,1401.47,14.62,21.61,554.28,2388.03,9056.07,1.3,47.47,522.11,2388.0,8139.17,8.4243,0.03,391,2388,100.0,38.94,23.3634
16,81,0.0021,-0.0001,100.0,518.67,642.17,1588.22,1401.45,14.62,21.61,554.35,2388.04,9059.32,1.3,47.27,522.45,2388.08,8140.32,8.4336,0.03,394,2388,100.0,39.02,23.5104
16,82,-0.0017,-0.0003,100.0,518.67,642.44,1579.75,1402.36,14.62,21.61,554.71,2388.03,9061.09,1.3,47.31,522.2,2388.01,8135.77,8.415,0.03,391,2388,100.0,38.98,23.3398
16,83,0.0006,0.0003,100.0,518.67,642.12,1581.53,1399.46,14.62,21.61,554.26,2388.07,9059.41,1.3,47.15,521.99,2388.05,8138.38,8.4202,0.03,393,2388,100.0,39.05,23.4413
16,84,0.0031,-0.0001,100.0,518.67,641.95,1588.34,1401.43,14.62,21.61,553.94,2388.04,9055.86,1.3,47.34,522.2,2388.01,8139.5,8.4213,0.03,393,2388,100.0,38.99,23.2833
16,85,-0.001,-0.0005,100.0,518.67,642.35,1584.66,1406.42,14.62,21.61,554.48,2388.05,9053.75,1.3,47.51,522.12,2387.96,8140.45,8.3787,0.03,392,2388,100.0,39.25,23.4257
16,86,-0.0013,0.0001,100.0,518.67,641.94,1587.58,1397.66,14.62,21.61,553.57,2388.06,9060.02,1.3,47.23,522.0,2388.06,8138.16,8.3836,0.03,390,2388,100.0,38.92,23.3797
16,87,-0.0018,-0.0004,100.0,518.67,642.29,1584.03,1398.84,14.62,21.61,554.05,2388.06,9054.58,1.3,47.28,522.28,2388.03,8136.89,8.3808,0.03,392,2388,100.0,38.9,23.2872
16,88,-0.0009,-0.0004,100.0,518.67,642.6,1586.24,1406.23,14.62,21.61,553.96,2388.05,9055.41,1.3,47.43,522.28,2388.04,8133.54,8.4052,0.03,393,2388,100.0,38.96,23.3075
16,89,-0.0038,0.0004,100.0,518.67,641.8,1587.07,1402.06,14.62,21.61,554.6,2388.07,9060.55,1.3,47.38,522.34,2388.04,8142.61,8.4302,0.03,394,2388,100.0,39.01,23.4373
16,90,0.0004,0.0004,100.0,518.67,641.89,1584.34,1401.87,14.62,21.61,553.56,2388.02,9046.57,1.3,47.3,521.99,2388.07,8140.88,8.4037,0.03,392,2388,100.0,38.96,23.351
16,91,-0.003,0.0,100.0,518.67,642.87,1577.46,1402.84,14.62,21.61,554.46,2387.99,9064.22,1.3,47.36,522.0,2388.04,8138.01,8.4088,0.03,394,2388,100.0,39.05,23.2307
16,92,0.0058,0.0004,100.0,518.67,642.15,1584.94,1398.85,14.62,21.61,554.54,2388.03,9056.01,1.3,47.23,522.24,2388.07,8137.85,8.4077,0.03,393,2388,100.0,38.84,23.248
16,93,0.0027,-0.0005,100.0,518.67,642.16,1580.56,1405.75,14.62,21.61,553.87,2388.05,9056.2,1.3,47.34,522.07,2388.02,8135.06,8.4529,0.03,393,2388,100.0,38.88,23.3662
16,94,-0.0036,-0.0003,100.0,518.67,642.77,1587.68,1406.84,14.62,21.61,553.75,2388.05,9055.93,1.3,47.38,521.72,2388.03,8147.09,8.4198,0.03,393,2388,100.0,38.91,23.3385
16,95,-0.0031,-0.0001,100.0,518.67,642.27,1583.23,1402.13,14.62,21.61,554.35,2388.07,9054.86,1.3,47.33,522.34,2388.07,8142.08,8.4164,0.03,390,2388,100.0,38.91,23.4478
16,96,-0.001,-0.0003,100.0,518.67,642.06,1588.96,1405.8,14.62,21.61,553.99,2388.08,9057.98,1.3,47.34,521.55,2388.05,8139.14,8.4011,0.03,390,2388,100.0,39.0,23.3685
16,97,0.0004,0.0001,100.0,518.67,642.26,1589.14,1404.14,14.62,21.61,554.75,2388.03,9058.2,1.3,47.19,521.71,2388.06,8137.91,8.3891,0.03,392,2388,100.0,38.89,23.4138
16,98,0.0011,0.0002,100.0,518.67,642.25,1580.7,1399.41,14.62,21.61,553.8,2388.02,9056.6,1.3,47.3,521.94,2388.12,8144.09,8.3987,0.03,393,2388,100.0,38.97,23.4254
16,99,0.0015,0.0003,100.0,518.67,642.01,1592.56,1401.77,14.62,21.61,553.65,2388.07,9053.0,1.3,47.22,521.65,2388.02,8142.05,8.4156,0.03,392,2388,100.0,38.91,23.3873
16,100,0.0031,-0.0004,100.0,518.67,642.24,1589.6,1402.82,14.62,21.61,553.55,2388.07,9066.19,1.3,47.29,522.12,2388.03,8141.99,8.45,0.03,393,2388,100.0,38.99,23.2978
16,101,0.0028,-0.0004,100.0,518.67,642.58,1582.62,1400.12,14.62,21.61,553.78,2388.04,9067.53,1.3,47.26,521.76,2388.02,8140.04,8.3781,0.03,392,2388,100.0,39.18,23.3312
16,102,-0.0013,0.0001,100.0,518.67,642.37,1593.38,1400.03,14.62,21.61,553.79,2388.11,9057.42,1.3,47.38,522.49,2388.04,8142.2,8.4228,0.03,394,2388,100.0,38.87,23.3869
16,103,-0.0002,-0.0005,100.0,518.67,641.67,1589.41,1401.77,14.62,21.61,553.78,2388.04,9055.2,1.3,47.22,522.23,2388.08,8141.2,8.3942,0.03,393,2388,100.0,39.02,23.3454
16,104,0.0022,-0.0005,100.0,518.67,642.64,1586.01,1404.14,14.62,21.61,553.24,2388.02,9058.35,1.3,47.37,522.58,2388.06,8142.33,8.4061,0.03,392,2388,100.0,38.99,23.3432
16,105,0.002,-0.0002,100.0,518.67,642.43,1585.03,1399.36,14.62,21.61,553.91,2388.03,9059.04,1.3,47.38,522.08,2388.08,8143.35,8.412,0.03,392,2388,100.0,38.94,23.4291
16,106,0.0002,0.0004,100.0,518.67,642.45,1582.37,1410.85,14.62,21.61,554.13,2388.04,9061.51,1.3,47.31,522.57,2388.03,8138.69,8.4352,0.03,394,2388,100.0,38.98,23.2782
16,107,-0.0035,0.0004,100.0,518.67,642.22,1589.82,1399.7,14.62,21.61,554.23,2388.01,9065.0,1.3,47.37,522.14,2388.0,8146.94,8.3991,0.03,392,2388,100.0,38.97,23.3557
16,108,0.0018,0.0005,100.0,518.67,642.6,1595.2,1396.39,14.62,21.61,554.45,2388.07,9060.97,1.3,47.36,522.12,2388.05,8137.48,8.4029,0.03,392,2388,100.0,38.9,23.292
16,109,-0.0016,-0.0001,100.0,518.67,642.5,1588.26,1402.57,14.62,21.61,554.17,2388.04,9058.86,1.3,47.27,521.65,2388.05,8150.54,8.4105,0.03,391,2388,100.0,38.9,23.4097
16,110,0.0015,0.0003,100.0,518.67,642.29,1583.97,1400.64,14.62,21.61,553.98,2388.02,9064.51,1.3,47.42,521.68,2388.05,8148.47,8.4246,0.03,391,2388,100.0,38.9,23.3789
16,111,-0.0007,0.0002,100.0,518.67,642.22,1583.14,1398.05,14.62,21.61,554.07,2388.09,9064.52,1.3,47.33,521.31,2388.03,8141.52,8.4308,0.03,393,2388,100.0,38.92,23.2182
16,112,-0.0036,-0.0001,100.0,518.67,642.47,1592.98,1402.71,14.62,21.61,554.19,2388.03,9062.98,1.3,47.3,521.9,2388.06,8136.99,8.4159,0.03,393,2388,100.0,39.05,23.3322
16,113,-0.0005,0.0002,100.0,518.67,642.99,1587.03,1401.0,14.62,21.61,554.6,2388.08,9059.75,1.3,47.37,521.77,2388.08,8147.4,8.4299,0.03,391,2388,100.0,38.81,23.304
18,1,0.0007,-0.0004,100.0,518.67,642.23,1586.9,1395.19,14.62,21.61,554.57,2388.0,9074.23,1.3,47.13,521.9,2388.04,8149.13,8.4134,0.03,393,2388,100.0,39.04,23.3448
18,2,-0.0041,-0.0004,100.0,518.67,642.62,1576.4,1402.74,14.62,21.61,554.63,2388.04,9059.61,1.3,47.33,522.25,2387.94,8140.42,8.3985,0.03,392,2388,100.0,39.06,23.3568
18,3,0.003,-0.0002,100.0,518.67,642.13,1579.88,1403.75,14.62,21.6,555.12,2388.0,9065.54,1.3,47.01,522.41,2387.96,8141.15,8.3775,0.03,391,2388,100.0,39.08,23.4489
18,4,-0.0048,0.0004,100.0,518.67,641.94,1585.59,1399.06,14.62,21.61,553.87,2388.05,9066.36,1.3,47.32,522.13,2388.07,8146.09,8.3814,0.03,393,2388,100.0,38.96,23.4565
18,5,-0.0014,0.0003,100.0,518.67,642.33,1582.61,1402.02,14.62,21.61,554.18,2387.99,9065.38,1.3,47.26,522.23,2388.05,8150.46,8.4259,0.03,393,2388,100.0,38.97,23.3242
18,6,0.0,0.0004,100.0,518.67,642.1,1582.92,1390.88,14.62,21.61,554.41,2388.05,9063.68,1.3,47.08,522.05,2388.06,8148.8,8.3922,0.03,392,2388,100.0,39.0,23.4349
18,7,-0.0004,0.0004,100.0,518.67,642.15,1586.81,1400.13,14.62,21.61,554.46,2388.0,9069.35,1.3,47.35,522.22,2388.0,8142.92,8.4032,0.03,392,2388,100.0,38.99,23.4502
18,8,0.0011,-0.0003,100.0,518.67,642.27,1582.72,1402.36,14.62,21.61,554.11,2387.99,9069.97,1.3,47.18,522.52,2388.02,8146.85,8.4173,0.03,393,2388,100.0,38.97,23.387
18,9,-0.0016,-0.0001,100.0,518.67,642.19,1586.36,1399.04,14.62,21.61,554.68,2388.04,9068.38,1.3,47.27,522.13,2388.0,8148.79,8.4261,0.03,393,2388,100.0,38.97,23.4
18,10,-0.0005,-0.0004,100.0,518.67,642.1,1582.58,1392.6,14.62,21.61,554.67,2387.97,9062.35,1.3,47.35,522.59,2387.97,8149.55,8.3824,0.03,391,2388,100.0,38.96,23.4309
18,11,-0.001,-0.0004,100.0,518.67,641.7,1579.91,1396.98,14.62,21.61,554.56,2387.96,9066.88,1.3,47.11,522.17,2388.01,8148.8,8.4041,0.03,392,2388,100.0,39.01,23.3784
18,12,0.0025,0.0005,100.0,518.67,642.07,1585.34,1397.62,14.62,21.61,554.18,2387.99,9063.12,1.3,47.09,522.06,2388.03,8150.14,8.4072,0.03,392,2388,100.0,39.2,23.3261
18,13,0.0025,0.0005,100.0,518.67,642.06,1574.08,1399.29,14.62,21.61,554.69,2388.02,9066.98,1.3,47.16,522.57,2388.03,8150.27,8.3716,0.03,391,2388,100.0,39.22,23.5042
18,14,0.0019,0.0002,100.0,518.67,642.13,1588.09,1397.03,14.62,21.61,553.81,2387.98,9062.9,1.3,47.34,521.73,2388.03,8146.99,8.399,0.03,392,2388,100.0,39.0,23.3668
18,15,-0.001,0.0004,100.0,518.67,641.79,1581.26,1400.05,14.62,21.61,554.18,2388.01,9063.15,1.3,47.12,522.77,2388.04,8147.76,8.4119,0.03,393,2388,100.0,38.99,23.3762
18,16,-0.001,-0.0003,100.0,518.67,642.15,1587.52,1398.55,14.62,21.61,554.35,2388.03,9073.89,1.3,47.22,522.32,2387.92,8144.25,8.4154,0.03,391,2388,100.0,39.06,23.3766
18,17,-0.0008,-0.0001,100.0,518.67,642.49,1590.23,1398.77,14.62,21.61,553.91,2387.93,9061.88,1.3,47.15,522.22,2388.06,8149.03,8.4229,0.03,393,2388,100.0,38.95,23.3045
18,18,0.0024,0.0004,100.0,518.67,642.46,1589.65,1398.76,14.62,21.61,554.26,2387.96,9067.0,1.3,47.22,521.99,2388.05,8148.86,8.4009,0.03,390,2388,100.0,39.11,23.3997
18,19,0.0011,-0.0,100.0,518.67,642.3,1582.63,1397.6,14.62,21.61,554.1,2387.95,9060.38,1.3,47.33,522.2,2388.02,8150.3,8.4124,0.03,391,2388,100.0,39.17,23.395
18,20,-0.0015,0.0001,100.0,518.67,642.28,1586.67,1404.41,14.62,21.61,554.93,2387.97,9067.33,1.3,47.4,522.39,2388.01,8144.85,8.4087,0.03,392,2388,100.0,38.95,23.3442
18,21,0.0035,0.0001,100.0,518.67,642.41,1587.14,1400.71,14.62,21.61,553.88,2388.0,9069.9,1.3,47.38,521.84,2388.03,8147.76,8.4039,0.03,391,2388,100.0,38.92,23.4253
18,22,-0.0031,-0.0002,100.0,518.67,642.2,1581.03,1398.67,14.62,21.61,554.69,2387.97,9063.1,1.3,47.26,521.94,2387.98,8150.71,8.4132,0.03,392,2388,100.0,39.14,23.3711
18,23,-0.0009,-0.0,100.0,518.67,642.39,1589.86,1394.94,14.62,21.61,554.35,2388.07,9065.3,1.3,47.32,521.95,2387.94,8142.82,8.3811,0.03,391,2388,100.0,39.06,23.5052
18,24,0.0044,0.0003,100.0,518.67,642.02,1588.03,1398.53,14.62,21.61,554.54,2388.0,9064.55,1.3,47.12,522.39,2388.04,8141.81,8.4176,0.03,393,2388,100.0,39.04,23.374
18,25,-0.0031,-0.0003,100.0,518.67,642.57,1584.97,1403.57,14.62,21.61,555.02,2387.99,9069.51,1.3,47.07,522.05,2388.05,8154.04,8.4065,0.03,392,2388,100.0,39.11,23.3318
18,26,0.0014,-0.0002,100.0,518.67,642.3,1587.59,1396.92,14.62,21.61,554.05,2388.01,9067.61,1.3,47.17,522.07,2387.94,8143.29,8.3739,0.03,392,2388,100.0,39.09,23.3746
18,27,0.0001,-0.0004,100.0,518.67,642.47,1580.86,1402.83,14.62,21.61,554.07,2387.91,9069.7,1.3,47.18,522.28,2387.96,8143.25,8.4333,0.03,391,2388,100.0,39.05,23.3796
18,28,-0.0048,-0.0004,100.0,518.67,641.97,1584.02,1399.7,14.62,21.61,555.81,2388.03,9068.45,1.3,47.27,522.56,2388.01,8147.06,8.4123,0.03,391,2388,100.0,38.95,23.3691
18,29,-0.0003,0.0001,100.0,518.67,642.13,1581.64,1396.24,14.62,21.6,554.5,2388.01,9067.86,1.3,47.18,522.13,2388.01,8152.45,8.4234,0.03,390,2388,100.0,39.09,23.5158
18,30,-0.0002,0.0002,100.0,518.67,642.49,1579.42,1403.77,14.62,21.61,553.96,2388.04,9070.55,1.3,47.15,522.53,2388.03,8150.62,8.3977,0.03,392,2388,100.0,38.77,23.411
18,31,-0.0009,-0.0,100.0,518.67,642.68,1591.67,1392.27,14.62,21.61,554.45,2388.08,9058.99,1.3,47.34,522.54,2388.04,8148.48,8.4386,0.03,392,2388,100.0,39.04,23.3121
18,32,0.0024,-0.0004,100.0,518.67,641.88,1584.51,1393.84,14.62,21.61,554.19,2388.03,9070.43,1.3,47.48,522.0,2388.04,8148.96,8.3887,0.03,391,2388,100.0,39.19,23.5198
18,33,0.0016,0.0004,100.0,518.67,641.88,1578.03,1398.63,14.62,21.61,554.47,2388.04,9062.33,1.3,47.28,521.96,2388.02,8146.74,8.3727,0.03,394,2388,100.0,38.94,23.4055
18,34,0.001,0.0001,100.0,518.67,641.96,1591.52,1395.26,14.62,21.61,554.29,2387.99,9060.28,1.3,47.16,522.52,2388.03,8150.77,8.4357,0.03,392,2388,100.0,38.9,23.3677
18,35,0.0014,0.0005,100.0,518.67,642.38,1578.88,1400.35,14.62,21.61,554.41,2388.04,9068.36,1.3,47.3,522.11,2388.01,8149.98,8.4128,0.03,394,2388,100.0,38.91,23.3101
18,36,0.0003,-0.0003,100.0,518.67,642.2,1583.05,1403.78,14.62,21.61,554.61,2388.0,9069.23,1.3,47.13,522.2,2388.02,8148.98,8.4285,0.03,392,2388,100.0,38.97,23.4196
18,37,0.0016,-0.0003,100.0,518.67,641.84,1583.19,1399.54,14.62,21.61,554.51,2387.99,9072.41,1.3,47.3,521.67,2387.97,8150.58,8.4346,0.03,394,2388,100.0,38.98,23.4197
18,38,0.0005,-0.0003,100.0,518.67,642.52,1583.98,1400.37,14.62,21.61,554.52,2388.01,9062.14,1.3,47.28,522.28,2388.06,8147.37,8.4223,0.03,393,2388,100.0,39.05,23.446
18,39,-0.0027,-0.0001,100.0,518.67,642.26,1582.15,1393.97,14.62,21.61,553.66,2388.01,9069.3,1.3,47.41,521.99,2388.05,8148.24,8.3944,0.03,392,2388,100.0,39.08,23.3077
18,40,-0.0013,-0.0001,100.0,518.67,642.03,1581.69,1410.35,14.62,21.61,554.38,2387.97,9059.72,1.3,47.26,522.78,2387.97,8151.55,8.4029,0.03,390,2388,100.0,38.9,23.3376
18,41,0.0007,0.0005,100.0,518.67,642.17,1583.77,1407.67,14.62,21.61,554.36,2388.01,9069.2,1.3,47.11,522.13,2388.05,8149.34,8.4343,0.03,392,2388,100.0,39.04,23.3171
18,42,0.0047,0.0002,100.0,518.67,642.26,1595.4,1398.32,14.62,21.61,554.38,2388.04,9067.79,1.3,47.3,521.41,2388.03,8151.02,8.4739,0.03,392,2388,100.0,39.11,23.3418
18,43,0.0005,0.0003,100.0,518.67,642.45,1590.44,1393.57,14.62,21.61,554.19,2388.02,9068.69,1.3,47.34,522.33,2388.01,8147.73,8.4092,0.03,391,2388,100.0,39.11,23.4201
18,44,-0.002,0.0005,100.0,518.67,642.24,1585.19,1399.8,14.62,21.61,554.71,2388.01,9065.81,1.3,47.3,522.68,2388.03,8146.22,8.4485,0.03,392,2388,100.0,38.99,23.5409
18,45,-0.0012,0.0005,100.0,518.67,641.95,1585.09,1400.81,14.62,21.61,554.66,2388.02,9063.06,1.3,47.27,522.25,2388.09,8145.68,8.3787,0.03,392,2388,100.0,39.0,23.3538
18,46,-0.0011,0.0001,100.0,518.67,642.35,1579.22,1402.4,14.62,21.61,554.24,2388.03,9065.4,1.3,47.35,521.94,2387.97,8147.44,8.3944,0.03,392,2388,100.0,38.87,23.4336
18,47,-0.004,-0.0001,100.0,518.67,641.53,1582.63,1395.86,14.62,21.61,554.3,2388.0,9059.28,1.3,47.13,522.17,2388.04,8145.18,8.4175,0.03,393,2388,100.0,38.9,23.4104
18,48,-0.0015,0.0002,100.0,518.67,642.03,1583.99,1392.61,14.62,21.61,553.88,2387.99,9063.66,1.3,47.35,522.83,2388.01,8148.46,8.4315,0.03,394,2388,100.0,39.01,23.3557
18,49,-0.0011,0.0003,100.0,518.67,642.49,1583.63,1405.08,14.62,21.61,553.93,2388.04,9069.46,1.3,47.09,521.95,2388.0,8146.95,8.3706,0.03,391,2388,100.0,38.89,23.3401
18,50,0.0003,0.0004,100.0,518.67,641.99,1591.78,1402.52,14.62,21.61,554.4,2388.04,9062.47,1.3,47.37,522.36,2388.03,8150.48,8.4071,0.03,391,2388,100.0,38.88,23.3568
18,51,-0.0022,0.0001,100.0,518.67,642.03,1583.99,1408.2,14.62,21.61,554.46,2387.96,9061.96,1.3,47.36,522.13,2388.02,8149.31,8.4182,0.03,392,2388,100.0,38.93,23.2808
18,52,0.0032,0.0003,100.0,518.67,642.02,1581.09,1400.14,14.62,21.61,554.23,2387.99,9066.89,1.3,47.38,521.9,2387.95,8145.65,8.4046,0.03,392,2388,100.0,38.93,23.4368
18,53,0.0041,0.0003,100.0,518.67,642.1,1589.78,1396.19,14.62,21.61,553.68,2387.99,9072.05,1.3,47.26,522.02,2388.01,8146.17,8.391,0.03,392,2388,100.0,39.13,23.415
18,54,-0.0019,0.0,100.0,518.67,642.37,1582.4,1396.04,14.62,21.61,554.35,2388.02,9061.72,1.3,47.15,522.21,2388.04,8147.56,8.4325,0.03,392,2388,100.0,39.03,23.3571
18,55,-0.0017,0.0002,100.0,518.67,642.07,1591.89,1401.1,14.62,21.61,555.05,2388.0,9059.25,1.3,47.25,522.2,2388.01,8149.84,8.3735,0.03,391,2388,100.0,38.95,23.3761
18,56,0.0007,-0.0001,100.0,518.67,641.92,1590.63,1400.43,14.62,21.61,554.18,2388.02,9064.65,1.3,47.32,521.96,2388.01,8151.5,8.4284,0.03,392,2388,100.0,38.85,23.3746
18,57,-0.0038,-0.0002,100.0,518.67,642.33,1582.41,1399.53,14.62,21.61,554.88,2388.02,9070.55,1.3,47.18,522.36,2388.02,8142.38,8.4117,0.03,393,2388,100.0,39.04,23.3469
18,58,-0.0035,-0.0001,100.0,518.67,642.13,1581.61,1399.52,14.62,21.61,554.7,2387.97,9062.9,1.3,47.57,521.87,2388.04,8143.89,8.4012,0.03,392,2388,100.0,38.8,23.4564
18,59,0.0016,-0.0003,100.0,518.67,642.55,1584.65,1402.51,14.62,21.61,554.42,2388.0,9060.17,1.3,47.36,521.67,2388.02,8146.52,8.4482,0.03,393,2388,100.0,39.07,23.3529
18,60,0.0021,0.0003,100.0,518.67,642.44,1588.3,1401.96,14.62,21.61,554.26,2388.03,9065.26,1.3,47.18,522.25,2388.02,8144.86,8.4174,0.03,394,2388,100.0,38.93,23.3767
18,61,0.0009,-0.0003,100.0,518.67,642.32,1590.7,1401.17,14.62,21.61,554.69,2387.97,9067.21,1.3,47.35,522.07,2388.0,8144.2,8.406,0.03,391,2388,100.0,38.9,23.3048
18,62,-0.0025,0.0004,100.0,518.67,642.18,1582.34,1402.79,14.62,21.61,553.83,2388.04,9065.3,1.3,47.24,522.18,2388.0,8145.05,8.394,0.03,392,2388,100.0,38.81,23.3274
18,63,0.0002,-0.0003,100.0,518.67,642.41,1587.04,1397.66,14.62,21.61,553.94,2388.03,9065.27,1.3,47.38,521.77,2388.08,8143.56,8.457,0.03,393,2388,100.0,38.88,23.3579
18,64,-0.0006,0.0003,100.0,518.67,642.57,1587.16,1401.24,14.62,21.6,553.99,2388.07,9067.9,1.3,47.31,522.14,2388.05,8149.27,8.4102,0.03,392,2388,100.0,39.0,23.3172
18,65,0.0,0.0002,100.0,518.67,642.27,1588.65,1397.07,14.62,21.61,553.87,2388.02,9064.08,1.3,47.46,522.2,2388.03,8146.77,8.4499,0.03,393,2388,100.0,38.95,23.2909
18,66,0.0,-0.0002,100.0,518.67,642.38,1591.57,1400.41,14.62,21.61,554.55,2388.04,9060.96,1.3,47.3,522.58,2388.03,8147.17,8.4362,0.03,391,2388,100.0,39.09,23.4137
18,67,-0.001,-0.0004,100.0,518.67,642.55,1586.89,1392.12,14.62,21.61,554.59,2388.04,9063.69,1.3,47.29,522.89,2388.02,8148.24,8.3717,0.03,390,2388,100.0,38.89,23.3446
18,68,0.002,-0.0003,100.0,518.67,642.35,1586.01,1392.93,14.62,21.61,554.02,2388.05,9071.1,1.3,47.41,522.28,2388.02,8144.8,8.4248,0.03,392,2388,100.0,39.06,23.3743
18,69,0.0017,0.0002,100.0,518.67,642.56,1588.5,1396.95,14.62,21.61,553.94,2387.99,9057.44,1.3,47.25,521.89,2388.04,8142.23,8.3992,0.03,391,2388,100.0,39.01,23.3145
18,70,0.0016,-0.0003,100.0,518.67,641.74,1588.9,1398.6,14.62,21.61,553.95,2388.05,9062.33,1.3,47.15,521.61,2388.04,8143.08,8.3778,0.03,392,2388,100.0,38.9,23.4115
18,71,0.0001,-0.0002,100.0,518.67,642.14,1585.45,1403.62,14.62,21.61,553.0,2388.05,9065.38,1.3,47.17,521.83,2388.02,8137.26,8.4202,0.03,392,2388,100.0,39.13,23.4049
18,72,-0.0031,0.0004,100.0,518.67,641.95,1586.63,1395.22,14.62,21.61,554.53,2388.02,9064.54,1.3,47.44,522.37,2387.99,8150.71,8.3889,0.03,391,2388,100.0,39.1,23.4094
18,73,0.0037,0.0002,100.0,518.67,642.87,1592.82,1409.57,14.62,21.61,554.82,2388.12,9062.67,1.3,47.22,521.76,2388.0,8140.73,8.3918,0.03,392,2388,100.0,39.07,23.4153
18,74,-0.0009,0.0003,100.0,518.67,642.83,1587.15,1400.56,14.62,21.61,554.14,2388.03,9062.2,1.3,47.17,521.99,2388.03,8142.5,8.4322,0.03,392,2388,100.0,39.0,23.3623
18,75,0.0008,0.0001,100.0,518.67,642.13,1589.71,1404.05,14.62,21.61,554.34,2388.03,9064.96,1.3,47.34,522.14,2388.04,8147.47,8.4127,0.03,392,2388,100.0,39.12,23.3711
18,76,-0.0002,0.0002,100.0,518.67,642.68,1587.89,1403.56,14.62,21.6,554.32,2388.04,9065.4,1.3,47.34,521.71,2388.07,8146.03,8.4131,0.03,393,2388,100.0,39.16,23.3387
18,77,-0.0017,0.0003,100.0,518.67,642.19,1585.78,1399.2,14.62,21.61,554.0,2388.02,9062.16,1.3,47.4,521.84,2387.95,8142.51,8.4101,0.03,391,2388,100.0,39.0,23.3666
18,78,0.0017,0.0001,100.0,518.67,641.98,1580.58,1402.98,14.62,21.61,554.11,2388.05,9066.44,1.3,47.2,521.95,2388.0,8143.04,8.4096,0.03,391,2388,100.0,38.94,23.2599
18,79,0.0002,-0.0003,100.0,518.67,643.01,1586.75,1398.62,14.62,21.61,554.44,2388.07,9062.44,1.3,47.33,521.87,2388.08,8141.3,8.4379,0.03,393,2388,100.0,38.89,23.4503
18,80,-0.0016,0.0001,100.0,518.67,642.65,1588.98,1404.79,14.62,21.61,552.82,2388.01,9059.12,1.3,47.44,522.63,2388.06,8143.4,8.4146,0.03,392,2388,100.0,38.9,23.4225
18,81,0.0006,-0.0003,100.0,518.67,642.6,1586.63,1406.81,14.62,21.61,553.97,2388.03,9064.41,1.3,47.44,521.99,2388.08,8142.35,8.404,0.03,393,2388,100.0,39.03,23.3265
18,82,0.0041,0.0003,100.0,518.67,642.42,1593.99,1405.67,14.62,21.61,554.51,2388.01,9062.27,1.3,47.39,521.47,2388.06,8138.1,8.4156,0.03,391,2388,100.0,38.99,23.3616
18,83,-0.0012,0.0005,100.0,518.67,642.51,1593.37,1402.25,14.62,21.61,554.08,2388.01,9059.28,1.3,47.5,521.53,2388.06,8148.28,8.4347,0.03,393,2388,100.0,38.82,23.2175
18,84,-0.0009,0.0001,100.0,518.67,642.48,1595.65,1409.31,14.62,21.61,553.76,2388.07,9068.41,1.3,47.12,521.83,2388.04,8141.12,8.4183,0.03,392,2388,100.0,38.94,23.3371
18,85,-0.002,-0.0004,100.0,518.67,642.15,1588.41,1405.12,14.62,21.61,553.91,2388.02,9058.97,1.3,47.22,521.4,2388.09,8144.46,8.4261,0.03,392,2388,100.0,39.03,23.3518
18,86,0.0027,0.0,100.0,518.67,642.45,1587.53,1403.32,14.62,21.61,553.64,2388.08,9068.05,1.3,47.42,522.05,2388.01,8146.95,8.4145,0.03,393,2388,100.0,38.86,23.2646
18,87,0.0007,0.0003,100.0,518.67,642.21,1586.75,1402.64,14.62,21.61,554.2,2388.07,9062.25,1.3,47.42,521.58,2388.03,8140.62,8.4132,0.03,392,2388,100.0,38.79,23.4217
18,88,-0.0029,0.0002,100.0,518.67,642.57,1586.57,1407.56,14.62,21.61,554.5,2388.01,9066.01,1.3,47.52,521.52,2388.07,8136.82,8.4619,0.03,394,2388,100.0,38.89,23.4066
18,89,-0.0003,0.0005,100.0,518.67,642.62,1578.56,1405.39,14.62,21.61,554.34,2388.06,9060.78,1.3,47.44,521.94,2388.08,8140.05,8.4203,0.03,392,2388,100.0,38.86,23.4689
18,90,-0.002,-0.0002,100.0,518.67,642.3,1579.82,1404.78,14.62,21.61,554.02,2388.09,9061.36,1.3,47.39,522.22,2388.02,8149.03,8.4295,0.03,391,2388,100.0,38.81,23.3095
18,91,0.0002,0.0004,100.0,518.67,643.07,1580.09,1404.93,14.62,21.61,553.28,2388.09,9057.49,1.3,47.46,521.76,2388.11,8145.03,8.4387,0.03,393,2388,100.0,39.03,23.2922
18,92,-0.0015,-0.0005,100.0,518.67,642.6,1584.71,1404.42,14.62,21.61,554.97,2388.03,9063.34,1.3,47.17,522.15,2387.99,8141.64,8.447,0.03,391,2388,100.0,38.76,23.3908
18,93,-0.001,-0.0002,100.0,518.67,642.51,1576.87,1407.83,14.62,21.61,554.38,2388.04,9062.46,1.3,47.47,521.35,2388.14,8136.83,8.433,0.03,392,2388,100.0,38.92,23.2679
18,94,-0.0009,-0.0003,100.0,518.67,642.79,1586.17,1412.24,14.62,21.61,553.74,2388.01,9058.65,1.3,47.54,521.81,2388.09,8145.67,8.3938,0.03,393,2388,100.0,38.94,23.3562
18,95,-0.0023,0.0002,100.0,518.67,642.64,1586.43,1397.21,14.62,21.61,553.81,2388.1,9060.19,1.3,47.47,521.88,2388.05,8144.78,8.4414,0.03,393,2388,100.0,38.89,23.3677
18,96,-0.0026,0.0003,100.0,518.67,642.49,1590.17,1398.78,14.62,21.6,553.79,2388.03,9066.45,1.3,47.45,521.54,2388.07,8147.11,8.4234,0.03,391,2388,100.0,39.03,23.3224
18,97,0.0004,0.0004,100.0,518.67,642.77,1581.65,1401.72,14.62,21.61,554.0,2388.02,9066.45,1.3,47.32,521.71,2388.03,8146.3,8.4286,0.03,391,2388,100.0,38.96,23.3493
18,98,-0.0006,0.0005,100.0,518.67,642.35,1586.76,1406.6,14.62,21.61,553.37,2388.06,9055.56,1.3,47.42,521.55,2388.09,8136.44,8.4151,0.03,393,2388,100.0,38.92,23.3065
18,99,0.0049,0.0005,100.0,518.67,643.01,1591.9,1401.47,14.62,21.61,553.9,2388.08,9068.22,1.3,47.32,522.18,2388.04,8141.84,8.4517,0.03,392,2388,100.0,38.97,23.2064
18,100,0.001,-0.0001,100.0,518.67,642.82,1593.49,1399.01,14.62,21.61,553.61,2388.08,9057.78,1.3,47.29,521.59,2388.01,8141.41,8.4417,0.03,393,2388,100.0,38.98,23.3549
18,101,0.0011,-0.0001,100.0,518.67,643.01,1590.44,1403.06,14.62,21.61,553.48,2388.04,9059.87,1.3,47.29,521.79,2388.07,8140.71,8.3929,0.03,392,2388,100.0,38.88,23.1657
18,102,0.0024,0.0002,100.0,518.67,642.13,1590.04,1402.94,14.62,21.61,554.37,2388.06,9060.64,1.3,47.41,522.12,2388.03,8144.46,8.4277,0.03,393,2388,100.0,38.8,23.2808
18,103,0.0003,-0.0003,100.0,518.67,642.75,1585.02,1398.8,14.62,21.61,554.01,2388.12,9056.15,1.3,47.34,521.92,2388.06,8142.39,8.4752,0.03,394,2388,100.0,38.94,23.2628
18,104,-0.0032,-0.0004,100.0,518.67,642.8,1594.49,1404.15,14.62,21.61,554.09,2388.09,9058.68,1.3,47.54,522.02,2388.07,8140.47,8.4254,0.03,392,2388,100.0,38.78,23.3346
18,105,0.0005,0.0001,100.0,518.67,642.02,1594.88,1404.33,14.62,21.61,553.62,2388.07,9062.82,1.3,47.46,521.71,2388.09,8139.11,8.4185,0.03,392,2388,100.0,38.98,23.2922
18,106,-0.0028,0.0005,100.0,518.67,642.11,1587.71,1409.79,14.62,21.61,553.02,2388.06,9060.83,1.3,47.52,521.38,2388.11,8140.68,8.4315,0.03,392,2388,100.0,38.85,23.241
18,107,0.0031,0.0004,100.0,518.67,642.45,1582.35,1401.75,14.62,21.61,554.18,2388.03,9066.39,1.3,47.33,521.54,2388.07,8141.93,8.4382,0.03,392,2388,100.0,38.99,23.3452
18,108,0.0027,0.0003,100.0,518.67,643.2,1587.36,1405.28,14.62,21.61,553.53,2388.07,9059.58,1.3,47.47,522.15,2388.09,8139.28,8.4482,0.03,393,2388,100.0,38.94,23.3053
18,109,-0.002,-0.0,100.0,518.67,642.19,1591.08,1401.7,14.62,21.61,552.78,2388.1,9056.66,1.3,47.22,521.51,2388.11,8142.11,8.4136,0.03,392,2388,100.0,38.81,23.2894
18,110,-0.005,0.0005,100.0,518.67,642.48,1586.64,1410.04,14.62,21.61,552.79,2388.09,9064.14,1.3,47.36,521.96,2388.05,8134.9,8.4678,0.03,390,2388,100.0,38.69,23.3172
18,111,-0.0016,-0.0004,100.0,518.67,642.39,1585.89,1400.18,14.62,21.61,553.02,2388.06,9061.18,1.3,47.49,521.57,2388.09,8140.54,8.4576,0.03,392,2388,100.0,39.1,23.3757
18,112,-0.0002,0.0002,100.0,518.67,643.04,1594.17,1400.75,14.62,21.61,553.88,2388.16,9064.71,1.3,47.41,522.06,2388.05,8147.04,8.4408,0.03,394,2388,100.0,38.76,23.4164
18,113,0.0,-0.0002,100.0,518.67,642.46,1591.13,1413.71,14.62,21.61,553.03,2388.13,9059.37,1.3,47.76,521.82,2388.04,8138.06,8.4666,0.03,394,2388,100.0,38.89,23.2634
18,114,-0.0014,0.0002,100.0,518.67,642.12,1583.37,1408.75,14.62,21.61,553.85,2388.09,9057.81,1.3,47.6,521.76,2388.12,8139.4,8.4419,0.03,391,2388,100.0,38.77,23.3684
18,115,0.0008,0.0003,100.0,518.67,642.36,1589.49,1414.11,14.62,21.61,552.7,2388.06,9062.44,1.3,47.38,522.05,2388.11,8143.59,8.4188,0.03,393,2388,100.0,38.84,23.4139
18,116,0.0029,-0.0001,100.0,518.67,642.9,1589.09,1412.78,14.62,21.61,553.72,2388.08,9059.98,1.3,47.48,521.87,2388.09,8140.76,8.4246,0.03,392,2388,100.0,39.05,23.2788
18,117,-0.0018,-0.0003,100.0,518.67,642.49,1591.96,1410.29,14.62,21.61,553.43,2388.12,9062.13,1.3,47.48,521.19,2388.14,8130.84,8.4407,0.03,394,2388,100.0,38.97,23.2619
18,118,0.0028,-0.0,100.0,518.67,642.7,1585.38,1408.48,14.62,21.61,552.75,2388.13,9058.3,1.3,47.58,521.49,2388.13,8141.81,8.4341,0.03,394,2388,100.0,38.8,23.3139
18,119,-0.0021,0.0002,100.0,518.67,642.97,1591.34,1413.83,14.62,21.61,552.84,2388.1,9057.95,1.3,47.57,521.37,2388.13,8136.56,8.4568,0.03,394,2388,100.0,38.87,23.3851
18,120,-0.0014,-0.0001,100.0,518.67,642.54,1601.29,1404.2,14.62,21.61,552.69,2388.09,9049.3,1.3,47.57,521.74,2388.14,8133.99,8.436,0.03,393,2388,100.0,38.76,23.3275
18,121,-0.0019,0.0002,100.0,518.67,643.21,1599.28,1404.92,14.62,21.61,552.98,2388.12,9062.0,1.3,47.62,521.17,2388.12,8138.84,8.4279,0.03,393,2388,100.0,38.72,23.2914
18,122,-0.0028,-0.0003,100.0,518.67,642.45,1590.34,1410.51,14.62,21.61,553.18,2388.1,9056.15,1.3,47.5,521.18,2388.11,8135.31,8.4584,0.03,394,2388,100.0,38.63,23.2116
18,123,0.0019,0.0003,100.0,518.67,642.51,1591.03,1403.12,14.62,21.61,553.63,2388.16,9057.36,1.3,47.49,520.7,2388.12,8132.04,8.4419,0.03,391,2388,100.0,38.86,23.2831
18,124,-0.002,0.0004,100.0,518.67,642.45,1591.8,1410.04,14.62,21.61,553.33,2388.15,9050.9,1.3,47.66,520.67,2388.12,8131.94,8.4371,0.03,394,2388,100.0,38.83,23.1789
18,125,0.0009,-0.0004,100.0,518.67,642.78,1588.4,1411.3,14.62,21.61,553.27,2388.07,9054.47,1.3,47.71,521.21,2388.13,8134.66,8.4299,0.03,394,2388,100.0,38.6,23.332
18,126,0.0014,0.0002,100.0,518.67,642.41,1592.53,1411.92,14.62,21.61,552.43,2388.17,9050.08,1.3,47.68,520.43,2388.13,8138.05,8.4705,0.03,393,2388,100.0,38.59,23.2949
18,127,-0.0017,0.0002,100.0,518.67,642.45,1588.61,1410.61,14.62,21.61,553.77,2388.16,9052.56,1.3,47.56,520.74,2388.13,8133.54,8.5174,0.03,394,2388,100.0,38.73,23.2632
18,128,-0.0007,0.0005,100.0,518.67,642.88,1588.88,1416.63,14.62,21.61,553.18,2388.15,9051.72,1.3,47.62,521.42,2388.13,8138.4,8.4378,0.03,394,2388,100.0,38.51,23.244
18,129,0.0033,0.0003,100.0,518.67,643.03,1600.33,1419.21,14.62,21.61,553.25,2388.18,9053.74,1.3,47.63,521.23,2388.12,8136.17,8.4771,0.03,392,2388,100.0,38.66,23.2892
18,130,-0.0028,0.0004,100.0,518.67,642.54,1591.36,1411.6,14.62,21.61,553.3,2388.13,9060.59,1.3,47.58,520.85,2388.11,8135.56,8.4762,0.03,393,2388,100.0,38.55,23.268
18,131,-0.0035,-0.0002,100.0,518.67,643.29,1594.24,1408.49,14.62,21.61,554.06,2388.13,9065.96,1.3,47.49,521.33,2388.13,8133.06,8.4389,0.03,394,2388,100.0,38.74,23.1609
18,132,0.0016,0.0004,100.0,518.67,642.85,1599.11,1413.85,14.62,21.61,552.7,2388.19,9048.47,1.3,47.74,521.27,2388.1,8133.28,8.4285,0.03,393,2388,100.0,38.63,23.2268
18,133,0.0007,0.0001,100.0,518.67,643.0,1600.45,1419.18,14.62,21.61,553.36,2388.14,9056.09,1.3,47.7,521.06,2388.19,8136.8,8.4418,0.03,395,2388,100.0,38.71,23.2637
19,1,0.0018,-0.0001,100.0,518.67,642.22,1592.42,1398.42,14.62,21.61,554.01,2388.02,9055.65,1.3,47.07,522.24,2387.99,8137.8,8.3888,0.03,391,2388,100.0,39.02,23.469
19,2,0.0003,-0.0002,100.0,518.67,642.24,1581.7,1401.54,14.62,21.61,554.32,2388.02,9054.47,1.3,47.17,521.53,2388.05,8138.59,8.388,0.03,392,2388,100.0,38.98,23.3564
19,3,-0.0002,0.0001,100.0,518.67,642.34,1592.91,1394.97,14.62,21.61,554.34,2388.02,9057.54,1.3,47.33,522.51,2388.01,8140.23,8.4125,0.03,392,2388,100.0,39.15,23.3984
19,4,-0.0034,-0.0001,100.0,518.67,641.83,1586.39,1405.45,14.62,21.61,554.39,2388.04,9048.82,1.3,47.25,522.01,2387.98,8140.82,8.4075,0.03,393,2388,100.0,39.05,23.282
19,5,0.0006,0.0003,100.0,518.67,641.93,1581.11,1389.69,14.62,21.6,554.96,2388.02,9058.43,1.3,47.32,522.45,2388.02,8145.57,8.4105,0.03,391,2388,100.0,38.98,23.3376
19,6,0.0016,-0.0002,100.0,518.67,641.64,1574.82,1391.72,14.62,21.61,554.67,2387.98,9049.12,1.3,47.16,521.94,2388.03,8140.95,8.4096,0.03,393,2388,100.0,38.86,23.351
19,7,0.0033,-0.0002,100.0,518.67,641.86,1590.61,1398.71,14.62,21.61,552.85,2388.04,9058.14,1.3,47.27,522.15,2388.05,8138.31,8.4451,0.03,391,2388,100.0,39.02,23.2812
19,8,0.0043,0.0005,100.0,518.67,642.03,1580.65,1399.37,14.62,21.6,554.42,2388.04,9047.37,1.3,47.14,522.74,2388.02,8137.72,8.387,0.03,389,2388,100.0,38.93,23.3998
19,9,0.0014,0.0002,100.0,518.67,642.32,1588.53,1398.07,14.62,21.61,553.78,2388.01,9053.2,1.3,47.28,522.19,2388.02,8135.75,8.3801,0.03,392,2388,100.0,39.16,23.335
19,10,-0.0009,0.0002,100.0,518.67,642.12,1578.7,1398.4,14.62,21.61,555.09,2388.04,9057.1,1.3,47.28,522.33,2388.06,8140.6,8.3878,0.03,391,2388,100.0,39.19,23.4186
19,11,-0.0014,-0.0003,100.0,518.67,642.85,1578.8,1398.43,14.62,21.61,554.51,2387.96,9049.65,1.3,47.33,522.58,2387.98,8138.2,8.4076,0.03,391,2388,100.0,38.92,23.401
19,12,-0.001,-0.0001,100.0,518.67,641.93,1581.13,1391.21,14.62,21.61,554.94,2387.97,9053.74,1.3,47.29,522.46,2388.05,8143.76,8.3703,0.03,391,2388,100.0,39.04,23.4011
19,13,0.0013,0.0002,100.0,518.67,641.55,1583.15,1398.16,14.62,21.61,555.06,2388.06,9051.06,1.3,47.26,523.04,2388.04,8141.06,8.3919,0.03,390,2388,100.0,39.03,23.4309
19,14,0.0007,0.0004,100.0,518.67,642.54,1591.4,1397.84,14.62,21.61,554.21,2388.01,9055.93,1.3,47.35,521.93,2388.04,8141.53,8.424,0.03,391,2388,100.0,39.01,23.3252
19,15,0.0011,-0.0002,100.0,518.67,642.38,1581.56,1399.19,14.62,21.61,553.64,2388.02,9056.5,1.3,47.24,522.49,2387.98,8131.99,8.4358,0.03,392,2388,100.0,39.05,23.3833
19,16,0.0008,0.0003,100.0,518.67,642.18,1585.4,1398.72,14.62,21.61,553.17,2388.01,9057.17,1.3,47.2,522.35,2387.99,8137.52,8.4392,0.03,391,2388,100.0,38.94,23.3687
19,17,0.0025,-0.0002,100.0,518.67,642.77,1588.57,1398.81,14.62,21.61,554.1,2388.02,9050.26,1.3,47.17,522.81,2388.0,8131.74,8.4239,0.03,393,2388,100.0,39.03,23.4393
19,18,-0.0008,-0.0002,100.0,518.67,641.56,1585.51,1403.6,14.62,21.61,555.21,2388.01,9051.4,1.3,47.2,522.49,2387.97,8127.31,8.4322,0.03,391,2388,100.0,38.96,23.4803
19,19,-0.0015,0.0004,100.0,518.67,641.4,1582.46,1398.55,14.62,21.6,554.44,2388.02,9058.04,1.3,47.21,522.45,2388.02,8143.13,8.3665,0.03,392,2388,100.0,39.06,23.4688
19,20,0.0001,0.0006,100.0,518.67,642.56,1589.1,1393.32,14.62,21.61,554.45,2388.0,9047.16,1.3,47.4,521.96,2388.04,8137.73,8.3878,0.03,392,2388,100.0,39.11,23.5582
19,21,-0.0041,0.0002,100.0,518.67,642.45,1582.35,1398.89,14.62,21.61,555.17,2388.11,9056.57,1.3,47.39,522.49,2388.07,8136.4,8.4193,0.03,391,2388,100.0,38.86,23.4679
19,22,-0.0027,-0.0004,100.0,518.67,642.37,1584.03,1402.94,14.62,21.61,554.36,2388.06,9046.05,1.3,47.31,522.27,2388.01,8140.45,8.4145,0.03,392,2388,100.0,38.96,23.3791
19,23,-0.0016,-0.0003,100.0,518.67,642.63,1581.06,1399.38,14.62,21.61,554.04,2388.01,9053.72,1.3,47.27,521.87,2388.0,8140.85,8.4024,0.03,393,2388,100.0,39.0,23.4016
19,24,-0.0007,0.0005,100.0,518.67,642.02,1584.76,1405.91,14.62,21.61,554.47,2388.05,9052.96,1.3,47.15,522.27,2388.0,8138.77,8.4282,0.03,391,2388,100.0,38.91,23.4687
19,25,0.0009,0.0003,100.0,518.67,642.25,1588.71,1400.27,14.62,21.61,554.0,2388.02,9056.84,1.3,47.32,522.17,2388.06,8135.1,8.3867,0.03,392,2388,100.0,39.08,23.4517
19,26,-0.0007,-0.0004,100.0,518.67,642.42,1593.21,1398.52,14.62,21.61,553.6,2388.06,9053.69,1.3,47.23,522.3,2388.01,8135.79,8.4078,0.03,391,2388,100.0,38.92,23.5455
19,27,0.0014,0.0003,100.0,518.67,642.04,1579.52,1390.16,14.62,21.61,554.11,2388.01,9053.22,1.3,47.27,522.19,2388.05,8131.65,8.3888,0.03,391,2388,100.0,38.9,23.4661
19,28,-0.0021,-0.0003,100.0,518.67,641.88,1580.58,1397.22,14.62,21.61,554.28,2388.03,9051.19,1.3,47.21,521.8,2388.05,8142.39,8.4145,0.03,392,2388,100.0,38.95,23.4524
19,29,-0.0001,0.0006,100.0,518.67,642.05,1588.12,1395.37,14.62,21.61,554.17,2388.06,9050.95,1.3,47.39,522.21,2388.05,8136.06,8.4529,0.03,391,2388,100.0,39.13,23.3411
19,30,0.0009,0.0005,100.0,518.67,641.64,1584.42,1398.7,14.62,21.61,553.91,2388.03,9058.95,1.3,47.3,522.63,2388.02,8141.1,8.3747,0.03,390,2388,100.0,39.23,23.416
19,31,0.0015,-0.0004,100.0,518.67,642.16,1588.44,1396.33,14.62,21.61,554.06,2388.01,9056.65,1.3,47.22,521.96,2387.99,8134.2,8.3861,0.03,390,2388,100.0,38.88,23.4977
19,32,0.0011,-0.0004,100.0,518.67,642.57,1592.03,1399.92,14.62,21.61,554.52,2388.0,9057.07,1.3,47.23,521.86,2388.05,8134.31,8.4285,0.03,391,2388,100.0,38.9,23.3837
19,33,-0.0024,0.0,100.0,518.67,642.25,1576.47,1396.06,14.62,21.61,554.43,2387.99,9053.05,1.3,47.28,522.02,2388.0,8139.48,8.4227,0.03,392,2388,100.0,38.96,23.4201
19,34,-0.0006,0.0003,100.0,518.67,641.58,1586.54,1396.03,14.62,21.61,554.27,2388.0,9055.82,1.3,47.23,522.56,2388.07,8134.42,8.3881,0.03,392,2388,100.0,38.91,23.3763
19,35,0.0008,0.0,100.0,518.67,641.98,1586.8,1403.18,14.62,21.6,554.14,2388.03,9050.48,1.3,47.07,522.81,2388.04,8142.22,8.3726,0.03,391,2388,100.0,38.95,23.4147
19,36,0.0018,-0.0002,100.0,518.67,642.28,1584.87,1406.41,14.62,21.61,554.56,2388.01,9049.7,1.3,47.34,522.25,2388.02,8141.29,8.3964,0.03,392,2388,100.0,39.07,23.4053
19,37,0.001,-0.0003,100.0,518.67,642.57,1588.36,1396.94,14.62,21.61,554.37,2388.04,9059.78,1.3,47.25,522.0,2388.05,8136.8,8.3806,0.03,391,2388,100.0,39.0,23.3159
19,38,-0.0046,-0.0003,100.0,518.67,642.17,1582.61,1398.17,14.62,21.61,555.01,2388.02,9056.56,1.3,47.15,521.95,2388.01,8139.27,8.4285,0.03,390,2388,100.0,39.0,23.3962
19,39,0.0023,-0.0,100.0,518.67,642.57,1589.6,1408.62,14.62,21.61,554.06,2387.99,9046.42,1.3,47.19,522.3,2388.07,8134.04,8.4275,0.03,393,2388,100.0,38.97,23.2827
19,40,-0.0022,0.0004,100.0,518.67,642.01,1582.96,1404.77,14.62,21.61,553.83,2388.02,9051.22,1.3,47.22,522.05,2388.02,8135.84,8.3685,0.03,392,2388,100.0,39.02,23.3717
19,41,0.0034,-0.0002,100.0,518.67,642.52,1584.82,1399.31,14.62,21.61,553.87,2388.03,9058.96,1.3,47.25,522.69,2388.0,8140.54,8.4294,0.03,390,2388,100.0,38.93,23.3858
19,42,-0.0008,0.0002,100.0,518.67,642.42,1580.09,1397.86,14.62,21.61,554.57,2388.01,9061.45,1.3,47.2,522.87,2387.96,8140.39,8.3773,0.03,391,2388,100.0,39.03,23.3188
19,43,-0.002,0.0003,100.0,518.67,641.89,1580.26,1394.91,14.62,21.61,554.08,2388.04,9052.41,1.3,47.18,522.12,2387.99,8134.42,8.3909,0.03,391,2388,100.0,38.93,23.3327
19,44,-0.0037,-0.0001,100.0,518.67,642.19,1582.61,1402.8,14.62,21.6,553.91,2388.04,9052.45,1.3,47.26,522.71,2388.01,8134.67,8.366,0.03,391,2388,100.0,39.07,23.3316
19,45,0.0018,0.0002,100.0,518.67,642.01,1585.11,1400.24,14.62,21.6,553.77,2388.02,9057.98,1.3,47.09,522.28,2388.01,8136.94,8.419,0.03,391,2388,100.0,38.83,23.3998
19,46,-0.0026,0.0005,100.0,518.67,641.92,1585.99,1390.93,14.62,21.61,554.29,2387.98,9052.68,1.3,47.24,522.65,2388.01,8141.99,8.3868,0.03,392,2388,100.0,39.03,23.3733
19,47,-0.0014,0.0,100.0,518.67,642.15,1583.45,1395.49,14.62,21.61,554.81,2388.05,9050.29,1.3,47.26,522.66,2388.04,8135.03,8.4055,0.03,394,2388,100.0,38.88,23.3678
19,48,0.0008,0.0004,100.0,518.67,642.57,1586.29,1396.01,14.62,21.61,554.72,2388.07,9059.71,1.3,47.04,522.47,2388.01,8140.84,8.4149,0.03,392,2388,100.0,39.02,23.2977
19,49,-0.0026,0.0006,100.0,518.67,642.22,1590.7,1402.02,14.62,21.61,554.55,2388.01,9058.72,1.3,47.33,522.62,2388.12,8134.67,8.4329,0.03,391,2388,100.0,38.91,23.31
19,50,0.0037,-0.0003,100.0,518.67,642.56,1590.6,1401.61,14.62,21.61,554.72,2388.01,9050.86,1.3,47.19,522.67,2388.02,8132.96,8.39,0.03,391,2388,100.0,39.11,23.3845
19,51,0.0006,-0.0003,100.0,518.67,641.91,1587.31,1396.0,14.62,21.61,554.71,2388.03,9056.52,1.3,47.05,522.22,2388.04,8137.71,8.3616,0.03,393,2388,100.0,39.06,23.2942
19,52,0.0,-0.0002,100.0,518.67,642.11,1591.45,1394.29,14.62,21.61,554.34,2388.05,9055.96,1.3,47.25,522.1,2388.05,8133.42,8.4071,0.03,390,2388,100.0,38.92,23.469
19,53,0.0002,0.0003,100.0,518.67,642.51,1589.79,1405.34,14.62,21.61,554.69,2388.05,9060.22,1.3,47.24,522.31,2387.96,8137.28,8.415,0.03,391,2388,100.0,39.15,23.4064
19,54,0.0036,-0.0004,100.0,518.67,642.57,1583.07,1405.49,14.62,21.61,554.54,2388.04,9057.45,1.3,47.25,521.93,2388.06,8136.97,8.3775,0.03,393,2388,100.0,38.98,23.4153
19,55,0.0008,-0.0003,100.0,518.67,642.15,1580.59,1390.77,14.62,21.61,554.5,2388.02,9058.9,1.3,47.25,522.37,2388.04,8132.42,8.3873,0.03,392,2388,100.0,38.99,23.4006
19,56,-0.0003,-0.0001,100.0,518.67,642.03,1582.35,1402.44,14.62,21.61,554.29,2388.08,9061.29,1.3,47.32,522.27,2388.02,8136.13,8.391,0.03,391,2388,100.0,38.88,23.4898
19,57,-0.0016,0.0004,100.0,518.67,642.58,1588.76,1396.08,14.62,21.61,554.52,2388.01,9058.13,1.3,47.33,522.41,2388.01,8139.1,8.4057,0.03,390,2388,100.0,39.0,23.3535
19,58,-0.0018,-0.0,100.0,518.67,642.73,1585.87,1394.46,14.62,21.61,554.25,2388.0,9050.1,1.3,47.33,522.55,2388.08,8136.85,8.4031,0.03,392,2388,100.0,38.92,23.3651
19,59,-0.0005,0.0,100.0,518.67,642.25,1582.95,1403.58,14.62,21.61,553.97,2388.0,9055.85,1.3,47.3,522.1,2387.97,8140.53,8.4303,0.03,390,2388,100.0,38.96,23.3484
19,60,0.001,0.0004,100.0,518.67,642.71,1591.42,1397.43,14.62,21.61,554.45,2388.01,9062.6,1.3,47.15,522.32,2388.01,8144.04,8.4253,0.03,391,2388,100.0,38.94,23.4173
19,61,-0.003,-0.0001,100.0,518.67,642.68,1582.81,1399.9,14.62,21.61,554.18,2388.03,9055.7,1.3,47.2,522.12,2388.02,8134.73,8.4001,0.03,392,2388,100.0,39.04,23.3966
19,62,-0.0016,0.0003,100.0,518.67,642.43,1583.63,1400.65,14.62,21.61,554.21,2388.01,9060.68,1.3,47.08,522.6,2388.08,8141.07,8.3953,0.03,391,2388,100.0,38.97,23.3503
19,63,0.001,0.0006,100.0,518.67,642.16,1584.42,1401.42,14.62,21.61,554.13,2387.97,9043.02,1.3,47.46,522.8,2388.04,8141.91,8.3911,0.03,393,2388,100.0,39.0,23.3216
19,64,-0.0026,0.0005,100.0,518.67,642.62,1584.11,1403.86,14.62,21.61,554.26,2388.05,9057.78,1.3,47.32,521.98,2388.06,8135.25,8.4247,0.03,392,2388,100.0,38.94,23.3808
19,65,-0.0016,0.0001,100.0,518.67,641.94,1587.86,1396.93,14.62,21.61,554.3,2388.05,9056.96,1.3,47.27,522.05,2388.08,8134.88,8.3856,0.03,391,2388,100.0,39.0,23.4338
19,66,0.0032,0.0004,100.0,518.67,642.47,1581.59,1395.82,14.62,21.61,553.51,2388.01,9055.9,1.3,47.21,522.34,2388.12,8135.61,8.4437,0.03,392,2388,100.0,38.93,23.3132
19,67,-0.0021,0.0001,100.0,518.67,642.6,1592.37,1398.2,14.62,21.61,553.91,2388.02,9067.49,1.3,46.98,522.35,2388.02,8139.82,8.3997,0.03,392,2388,100.0,38.79,23.352
19,68,0.003,-0.0,100.0,518.67,642.21,1578.51,1397.01,14.62,21.61,554.15,2387.98,9052.93,1.3,47.33,522.7,2388.0,8137.88,8.3659,0.03,390,2388,100.0,38.94,23.4414
19,69,-0.0043,-0.0,100.0,518.67,642.44,1583.98,1403.93,14.62,21.61,553.85,2387.98,9053.75,1.3,47.44,522.21,2387.98,8136.38,8.4516,0.03,391,2388,100.0,39.1,23.4287
19,70,0.0022,0.0002,100.0,518.67,642.23,1588.9,1396.76,14.62,21.61,554.35,2388.03,9061.53,1.3,47.34,521.99,2388.1,8136.45,8.4179,0.03,392,2388,100.0,39.03,23.3666
19,71,0.0024,0.0005,100.0,518.67,641.92,1579.54,1401.5,14.62,21.61,554.58,2388.04,9042.99,1.3,47.35,522.16,2388.04,8135.24,8.3746,0.03,392,2388,100.0,38.92,23.3968
19,72,0.0043,-0.0004,100.0,518.67,642.14,1583.58,1398.98,14.62,21.61,554.17,2388.01,9056.12,1.3,47.22,521.99,2388.1,8134.45,8.411,0.03,392,2388,100.0,39.0,23.2841
19,73,-0.0008,-0.0003,100.0,518.67,642.25,1593.93,1408.04,14.62,21.61,554.0,2388.01,9053.62,1.3,47.22,522.61,2388.07,8141.88,8.4423,0.03,392,2388,100.0,38.85,23.4137
19,74,0.0018,-0.0,100.0,518.67,642.58,1582.47,1398.59,14.62,21.61,554.74,2388.03,9064.19,1.3,47.41,522.26,2388.09,8132.6,8.4087,0.03,392,2388,100.0,38.78,23.4291
19,75,-0.0044,-0.0002,100.0,518.67,642.34,1592.09,1392.88,14.62,21.61,553.67,2388.06,9053.68,1.3,47.27,522.09,2388.02,8133.48,8.4045,0.03,391,2388,100.0,39.28,23.2973
19,76,0.0012,0.0005,100.0,518.67,642.45,1590.11,1404.89,14.62,21.6,554.19,2388.05,9061.67,1.3,47.51,522.28,2388.02,8137.2,8.416,0.03,392,2388,100.0,38.83,23.3901
19,77,-0.0026,-0.0003,100.0,518.67,642.16,1586.97,1401.03,14.62,21.61,554.23,2388.02,9060.83,1.3,47.33,521.96,2387.99,8140.41,8.3672,0.03,391,2388,100.0,38.99,23.5109
19,78,0.0005,-0.0002,100.0,518.67,642.03,1589.38,1408.03,14.62,21.61,554.64,2388.0,9051.63,1.3,47.29,522.07,2388.1,8139.46,8.4508,0.03,391,2388,100.0,39.01,23.4662
19,79,0.0013,0.0001,100.0,518.67,642.22,1581.07,1397.9,14.62,21.61,554.22,2388.06,9057.89,1.3,47.18,522.52,2388.04,8141.2,8.3665,0.03,392,2388,100.0,38.92,23.3216
19,80,-0.0022,-0.0002,100.0,518.67,642.14,1586.6,1404.73,14.62,21.61,554.03,2388.12,9058.12,1.3,47.26,522.43,2388.01,8137.98,8.4084,0.03,391,2388,100.0,38.93,23.3741
19,81,0.002,-0.0002,100.0,518.67,642.24,1580.99,1398.75,14.62,21.61,554.08,2388.05,9066.29,1.3,47.14,522.25,2388.03,8143.8,8.4268,0.03,392,2388,100.0,39.02,23.3152
19,82,0.0017,-0.0001,100.0,518.67,642.44,1593.66,1402.38,14.62,21.61,554.3,2388.1,9052.72,1.3,47.32,522.8,2387.96,8138.8,8.4091,0.03,392,2388,100.0,39.15,23.4308
19,83,-0.0008,0.0002,100.0,518.67,642.15,1582.17,1401.28,14.62,21.61,554.12,2388.03,9056.76,1.3,47.49,521.55,2388.09,8137.53,8.4498,0.03,390,2388,100.0,38.97,23.4111
19,84,0.0028,-0.0003,100.0,518.67,641.92,1587.48,1392.61,14.62,21.6,553.82,2388.02,9069.69,1.3,47.25,522.27,2388.06,8146.24,8.4054,0.03,393,2388,100.0,38.94,23.3595
19,85,0.0006,0.0005,100.0,518.67,642.0,1588.85,1403.54,14.62,21.61,553.23,2388.0,9056.56,1.3,47.2,521.36,2388.1,8143.97,8.4037,0.03,390,2388,100.0,39.06,23.3915
19,86,0.0058,-0.0003,100.0,518.67,641.98,1589.72,1402.75,14.62,21.6,554.61,2388.04,9058.58,1.3,47.23,521.76,2388.04,8136.31,8.3929,0.03,393,2388,100.0,39.22,23.4067
19,87,-0.0067,-0.0004,100.0,518.67,642.67,1588.33,1399.31,14.62,21.61,553.88,2388.08,9046.19,1.3,47.33,521.57,2388.06,8139.8,8.413,0.03,391,2388,100.0,39.02,23.3709
19,88,-0.0022,0.0002,100.0,518.67,642.69,1585.94,1396.29,14.62,21.61,554.15,2388.07,9058.89,1.3,47.37,522.35,2388.02,8136.52,8.3831,0.03,391,2388,100.0,38.85,23.3389
19,89,0.0032,0.0002,100.0,518.67,642.02,1578.61,1400.11,14.62,21.61,554.34,2388.04,9053.18,1.3,47.11,521.76,2388.06,8140.81,8.4009,0.03,392,2388,100.0,38.81,23.3247
19,90,0.0003,-0.0001,100.0,518.67,642.0,1579.26,1397.96,14.62,21.61,554.46,2388.05,9060.71,1.3,47.16,521.86,2388.02,8136.7,8.4179,0.03,392,2388,100.0,38.75,23.3566
19,91,-0.0025,0.0003,100.0,518.67,642.02,1583.87,1400.72,14.62,21.61,553.4,2388.08,9057.08,1.3,46.96,521.81,2388.08,8133.21,8.4205,0.03,392,2388,100.0,39.06,23.3318
19,92,0.0016,0.0,100.0,518.67,642.2,1592.63,1402.41,14.62,21.61,554.84,2388.03,9059.05,1.3,47.4,521.82,2388.06,8138.09,8.3962,0.03,393,2388,100.0,38.84,23.3561
19,93,-0.0018,-0.0002,100.0,518.67,642.28,1583.53,1395.37,14.62,21.61,554.13,2388.02,9061.11,1.3,47.34,522.21,2388.06,8141.82,8.4301,0.03,392,2388,100.0,38.93,23.3825
19,94,0.0029,0.0002,100.0,518.67,642.05,1587.92,1405.58,14.62,21.61,553.62,2388.02,9056.63,1.3,47.15,522.16,2388.02,8139.91,8.443,0.03,392,2388,100.0,38.85,23.3843
19,95,0.0012,0.0001,100.0,518.67,642.4,1585.8,1409.18,14.62,21.61,554.39,2388.06,9057.65,1.3,47.31,522.25,2388.04,8140.96,8.3812,0.03,392,2388,100.0,39.07,23.4068
19,96,-0.0002,-0.0004,100.0,518.67,642.73,1590.01,1403.37,14.62,21.61,553.68,2388.04,9058.86,1.3,47.48,522.19,2388.06,8138.81,8.4221,0.03,392,2388,100.0,38.76,23.4253
19,97,0.0014,-0.0003,100.0,518.67,641.76,1582.98,1396.43,14.62,21.61,553.68,2388.1,9054.74,1.3,47.33,522.0,2388.06,8141.96,8.4189,0.03,391,2388,100.0,38.94,23.4788
19,98,0.0003,-0.0001,100.0,518.67,641.97,1590.3,1394.75,14.62,21.61,554.58,2388.08,9062.41,1.3,47.16,521.46,2388.07,8136.45,8.4197,0.03,392,2388,100.0,39.03,23.3878
19,99,0.0002,-0.0002,100.0,518.67,642.58,1585.99,1403.73,14.62,21.61,554.0,2388.05,9063.59,1.3,47.38,521.77,2388.05,8140.72,8.4294,0.03,393,2388,100.0,39.11,23.3344
19,100,-0.0028,-0.0001,100.0,518.67,642.93,1580.65,1397.9,14.62,21.61,554.99,2388.0,9063.87,1.3,47.21,521.98,2387.99,8142.49,8.4014,0.03,392,2388,100.0,38.91,23.2385
19,101,0.0007,-0.0002,100.0,518.67,642.4,1582.65,1398.85,14.62,21.61,554.79,2388.07,9062.31,1.3,47.53,521.73,2388.03,8139.12,8.4199,0.03,391,2388,100.0,38.92,23.2634
19,102,0.0037,-0.0004,100.0,518.67,642.15,1588.11,1397.71,14.62,21.61,553.67,2388.03,9056.93,1.3,47.27,522.43,2388.0,8143.99,8.3895,0.03,390,2388,100.0,39.01,23.4606
19,103,0.0038,0.0004,100.0,518.67,641.86,1589.38,1400.85,14.62,21.61,554.8,2388.1,9056.05,1.3,47.25,521.72,2388.04,8141.19,8.4109,0.03,393,2388,100.0,38.86,23.4381
19,104,-0.0025,0.0004,100.0,518.67,642.3,1582.97,1402.91,14.62,21.61,553.59,2388.03,9057.97,1.3,47.36,521.66,2388.01,8147.01,8.4264,0.03,393,2388,100.0,38.61,23.4168
19,105,-0.0012,0.0004,100.0,518.67,642.6,1587.57,1401.09,14.62,21.61,553.85,2388.04,9057.37,1.3,47.07,521.96,2388.05,8139.51,8.3881,0.03,390,2388,100.0,38.92,23.4729
19,106,-0.0007,0.0001,100.0,518.67,642.36,1587.45,1399.58,14.62,21.61,553.29,2388.05,9067.39,1.3,47.35,521.95,2388.09,8145.46,8.4159,0.03,391,2388,100.0,38.87,23.3661
19,107,-0.0022,-0.0003,100.0,518.67,642.83,1586.84,1401.44,14.62,21.61,554.49,2388.06,9056.63,1.3,47.45,521.25,2388.05,8134.84,8.4195,0.03,392,2388,100.0,39.05,23.1957
19,108,0.0017,-0.0001,100.0,518.67,642.62,1586.9,1401.37,14.62,21.61,554.61,2388.07,9061.96,1.3,47.45,521.94,2388.0,8140.76,8.4109,0.03,391,2388,100.0,38.9,23.2916
19,109,-0.0019,0.0005,100.0,518.67,642.95,1589.58,1409.35,14.62,21.61,554.31,2388.0,9064.11,1.3,47.26,521.41,2388.01,8142.27,8.4049,0.03,392,2388,100.0,39.03,23.4457
19,110,-0.0011,-0.0001,100.0,518.67,642.25,1581.76,1408.63,14.62,21.61,554.12,2388.01,9061.05,1.3,47.16,521.94,2388.06,8142.0,8.4135,0.03,394,2388,100.0,38.87,23.3994
19,111,-0.0032,0.0005,100.0,518.67,642.83,1581.14,1405.74,14.62,21.61,553.59,2388.06,9062.79,1.3,47.39,521.17,2388.04,8140.94,8.4205,0.03,393,2388,100.0,38.89,23.3378
19,112,-0.0007,-0.0002,100.0,518.67,641.87,1582.3,1394.93,14.62,21.61,554.42,2388.06,9062.21,1.3,47.45,521.63,2388.01,8141.16,8.4057,0.03,390,2388,100.0,38.76,23.4153
19,113,0.0015,-0.0001,100.0,518.67,642.87,1589.53,1400.93,14.62,21.61,553.86,2388.07,9059.92,1.3,47.35,521.7,2388.07,8135.7,8.3887,0.03,391,2388,100.0,38.87,23.2629
19,114,-0.0013,0.0005,100.0,518.67,642.83,1589.82,1401.9,14.62,21.61,553.74,2388.05,9057.67,1.3,47.21,522.57,2388.06,8140.74,8.4284,0.03,393,2388,100.0,39.0,23.3299
19,115,0.0025,-0.0004,100.0,518.67,642.5,1583.01,1402.3,14.62,21.61,553.25,2388.06,9061.52,1.3,47.46,521.75,2388.09,8141.77,8.4326,0.03,393,2388,100.0,38.95,23.3631
19,116,-0.0028,-0.0003,100.0,518.67,642.62,1589.27,1395.79,14.62,21.61,553.49,2388.07,9053.08,1.3,47.32,521.92,2388.1,8139.76,8.4291,0.03,393,2388,100.0,38.8,23.3762
19,117,0.0027,-0.0003,100.0,518.67,642.16,1588.91,1397.27,14.62,21.61,554.36,2388.07,9063.14,1.3,47.24,521.77,2388.11,8142.12,8.4034,0.03,394,2388,100.0,38.95,23.3005
19,118,0.0001,-0.0003,100.0,518.67,642.36,1583.18,1401.96,14.62,21.61,553.7,2388.12,9059.46,1.3,47.27,522.42,2388.05,8141.1,8.4335,0.03,392,2388,100.0,38.91,23.3009
19,119,0.0021,-0.0002,100.0,518.67,642.4,1593.91,1402.75,14.62,21.61,554.28,2388.02,9061.2,1.3,47.47,521.81,2388.05,8144.97,8.4329,0.03,392,2388,100.0,38.99,23.4837
19,120,0.0005,0.0004,100.0,518.67,642.51,1581.24,1408.25,14.62,21.61,553.81,2388.03,9056.2,1.3,47.24,521.37,2388.02,8142.79,8.3935,0.03,392,2388,100.0,38.83,23.4826
19,121,0.001,-0.0002,100.0,518.67,642.32,1587.38,1405.09,14.62,21.61,554.11,2387.97,9053.06,1.3,47.15,521.87,2388.07,8146.68,8.4019,0.03,392,2388,100.0,38.81,23.2552
19,122,-0.002,0.0002,100.0,518.67,641.86,1583.06,1402.96,14.62,21.61,553.96,2388.12,9056.47,1.3,47.22,521.8,2388.02,8139.9,8.421,0.03,393,2388,100.0,38.93,23.3548
19,123,0.0037,0.0003,100.0,518.67,642.04,1580.36,1402.16,14.62,21.61,554.36,2388.06,9066.01,1.3,47.25,521.65,2388.02,8141.49,8.417,0.03,391,2388,100.0,38.96,23.4195
19,124,-0.0004,-0.0002,100.0,518.67,642.4,1589.91,1406.84,14.62,21.61,553.63,2388.06,9060.4,1.3,47.39,522.25,2388.05,8141.02,8.4541,0.03,393,2388,100.0,38.93,23.3858
19,125,0.0004,-0.0001,100.0,518.67,642.85,1589.82,1406.36,14.62,21.61,554.07,2388.11,9055.98,1.3,47.5,521.64,2388.12,8143.12,8.4017,0.03,393,2388,100.0,38.87,23.4073
19,126,0.0004,0.0002,100.0,518.67,642.11,1587.3,1399.48,14.62,21.61,554.13,2388.07,9064.01,1.3,47.33,521.74,2388.05,8141.33,8.4007,0.03,392,2388,100.0,38.87,23.4034
19,127,0.0039,0.0004,100.0,518.67,642.34,1587.48,1399.31,14.62,21.61,553.91,2388.04,9058.16,1.3,47.39,522.02,2388.04,8141.7,8.4548,0.03,392,2388,100.0,38.79,23.2766
19,128,-0.0002,0.0003,100.0,518.67,643.17,1588.7,1400.0,14.62,21.61,553.3,2388.09,9055.36,1.3,47.43,521.83,2388.04,8145.13,8.4326,0.03,391,2388,100.0,38.95,23.324
19,129,0.0043,-0.0001,100.0,518.67,642.26,1586.47,1403.98,14.62,21.61,553.73,2388.05,9053.34,1.3,47.55,522.03,2388.12,8142.55,8.4465,0.03,393,2388,100.0,38.83,23.3022
19,130,0.0007,0.0003,100.0,518.67,641.78,1587.28,1400.22,14.62,21.61,553.4,2388.13,9062.97,1.3,47.44,521.55,2388.07,8138.12,8.4228,0.03,392,2388,100.0,38.86,23.3441
19,131,0.0036,-0.0001,100.0,518.67,642.19,1582.92,1402.3,14.62,21.6,554.23,2388.05,9064.1,1.3,47.52,521.44,2388.04,8146.8,8.3835,0.03,392,2388,100.0,38.92,23.2959
19,132,-0.0005,0.0006,100.0,518.67,642.48,1590.22,1409.85,14.62,21.61,553.36,2388.03,9057.58,1.3,47.48,521.99,2388.06,8143.31,8.4337,0.03,393,2388,100.0,38.9,23.3379
19,133,0.0002,0.0006,100.0,518.67,642.62,1586.44,1400.92,14.62,21.61,554.53,2388.1,9064.86,1.3,47.51,521.85,2388.09,8137.55,8.3946,0.03,394,2388,100.0,38.88,23.2968
19,134,0.004,0.0,100.0,518.67,642.26,1591.95,1400.13,14.62,21.61,554.0,2388.07,9063.41,1.3,47.51,521.6,2388.08,8140.09,8.4274,0.03,392,2388,100.0,38.9,23.3735
19,135,0.0004,0.0003,100.0,518.67,642.79,1588.88,1406.32,14.62,21.61,553.87,2388.1,9055.54,1.3,47.35,521.48,2388.06,8140.2,8.4768,0.03,393,2388,100.0,38.83,23.3297
22,1,0.0006,0.0002,100.0,518.67,642.8,1587.09,1410.91,14.62,21.61,554.32,2388.13,9052.34,1.3,47.37,521.66,2388.11,8137.36,8.4252,0.03,394,2388,100.0,38.94,23.247
22,2,-0.0006,0.0003,100.0,518.67,641.66,1587.66,1404.66,14.62,21.61,553.58,2388.14,9050.8,1.3,47.33,521.45,2388.13,8124.74,8.4157,0.03,392,2388,100.0,38.88,23.3702
22,3,-0.003,0.0002,100.0,518.67,642.79,1587.21,1406.18,14.62,21.61,553.4,2388.08,9052.78,1.3,47.53,521.5,2388.1,8128.5,8.4943,0.03,392,2388,100.0,38.68,23.2583
22,4,-0.0022,0.0003,100.0,518.67,642.09,1592.27,1403.65,14.62,21.61,552.86,2388.15,9045.98,1.3,47.52,521.31,2388.08,8132.93,8.4426,0.03,393,2388,100.0,38.99,23.4436
22,5,0.0027,0.0,100.0,518.67,642.28,1590.78,1404.75,14.62,21.61,554.25,2388.1,9048.23,1.3,47.6,521.91,2388.08,8130.92,8.4545,0.03,393,2388,100.0,38.78,23.2359
22,6,-0.0004,-0.0002,100.0,518.67,642.57,1583.98,1409.98,14.62,21.61,553.29,2388.09,9046.97,1.3,47.46,521.76,2388.07,8127.46,8.4455,0.03,392,2388,100.0,38.89,23.3353
22,7,-0.001,0.0002,100.0,518.67,642.42,1587.4,1401.07,14.62,21.61,553.38,2388.06,9052.33,1.3,47.39,521.99,2388.11,8135.3,8.4019,0.03,393,2388,100.0,39.07,23.2047
22,8,0.0023,-0.0003,100.0,518.67,642.33,1593.99,1405.92,14.62,21.61,554.0,2388.05,9056.11,1.3,47.74,521.64,2388.1,8127.68,8.4451,0.03,393,2388,100.0,38.98,23.3957
22,9,-0.0018,0.0002,100.0,518.67,642.33,1592.87,1401.23,14.62,21.61,553.81,2388.13,9050.09,1.3,47.44,521.49,2388.09,8131.26,8.4168,0.03,393,2388,100.0,39.01,23.2536
22,10,0.004,0.0002,100.0,518.67,642.15,1586.06,1408.04,14.62,21.61,553.66,2388.07,9051.24,1.3,47.34,521.78,2388.14,8132.81,8.4383,0.03,392,2388,100.0,38.82,23.3468
22,11,-0.0004,0.0003,100.0,518.67,642.54,1589.89,1408.23,14.62,21.61,553.28,2388.07,9048.23,1.3,47.36,521.88,2388.1,8124.55,8.4124,0.03,393,2388,100.0,38.94,23.3721
22,12,-0.0002,-0.0002,100.0,518.67,642.54,1590.91,1405.94,14.62,21.61,553.13,2388.1,9041.4,1.3,47.37,521.9,2388.07,8132.06,8.4386,0.03,392,2388,100.0,38.83,23.3071
22,13,0.0003,-0.0001,100.0,518.67,642.85,1582.84,1405.61,14.62,21.61,553.04,2388.06,9053.63,1.3,47.54,522.1,2388.11,8123.86,8.4665,0.03,393,2388,100.0,39.15,23.2079
22,14,0.0009,0.0001,100.0,518.67,642.46,1592.69,1410.45,14.62,21.61,553.44,2388.1,9048.97,1.3,47.52,521.32,2388.06,8127.82,8.4218,0.03,394,2388,100.0,38.91,23.3102
22,15,0.0018,0.0004,100.0,518.67,642.54,1587.12,1404.42,14.62,21.61,553.92,2388.14,9052.26,1.3,47.5,521.41,2388.12,8125.72,8.443,0.03,393,2388,100.0,38.91,23.3215
22,16,0.0003,-0.0004,100.0,518.67,641.89,1587.61,1409.63,14.62,21.61,553.58,2388.05,9045.32,1.3,47.29,521.32,2388.05,8128.51,8.4124,0.03,394,2388,100.0,39.0,23.2861
22,17,-0.0006,0.0,100.0,518.67,642.44,1590.96,1406.85,14.62,21.61,553.09,2388.1,9052.61,1.3,47.33,521.91,2388.08,8128.22,8.4048,0.03,391,2388,100.0,38.99,23.3308
22,18,0.0037,0.0003,100.0,518.67,642.71,1592.98,1405.48,14.62,21.61,553.1,2388.12,9045.14,1.3,47.33,521.69,2388.12,8132.59,8.4258,0.03,393,2388,100.0,39.01,23.2753
22,19,-0.0028,-0.0001,100.0,518.67,642.52,1597.6,1407.55,14.62,21.61,553.98,2388.04,9044.91,1.3,47.51,521.36,2388.08,8125.89,8.451,0.03,393,2388,100.0,38.95,23.3471
22,20,0.0003,-0.0004,100.0,518.67,642.52,1589.11,1404.67,14.62,21.61,554.7,2388.11,9048.48,1.3,47.37,521.44,2388.08,8129.6,8.443,0.03,393,2388,100.0,38.69,23.542
22,21,0.0043,-0.0,100.0,518.67,642.56,1581.42,1404.4,14.62,21.61,553.79,2388.11,9052.96,1.3,47.46,521.99,2388.09,8131.13,8.4487,0.03,393,2388,100.0,38.89,23.2849
22,22,-0.001,0.0,100.0,518.67,642.55,1595.55,1399.37,14.62,21.61,553.87,2388.09,9046.67,1.3,47.55,521.88,2388.09,8131.26,8.438,0.03,392,2388,100.0,38.78,23.2375
22,23,0.0009,0.0004,100.0,518.67,642.84,1584.12,1404.61,14.62,21.61,553.55,2388.09,9053.99,1.3,47.6,521.35,2388.11,8130.12,8.4206,0.03,394,2388,100.0,39.05,23.3004
22,24,0.0034,0.0,100.0,518.67,642.86,1587.74,1409.65,14.62,21.61,552.73,2388.08,9041.32,1.3,47.46,521.58,2388.08,8128.47,8.4282,0.03,391,2388,100.0,38.98,23.3951
22,25,0.0057,-0.0003,100.0,518.67,642.42,1591.2,1404.03,14.62,21.61,553.83,2388.08,9051.02,1.3,47.4,521.92,2388.15,8130.72,8.4266,0.03,392,2388,100.0,38.62,23.4868
22,26,-0.0003,0.0,100.0,518.67,642.66,1583.59,1407.07,14.62,21.61,553.63,2388.14,9042.12,1.3,47.5,521.46,2388.11,8131.29,8.4132,0.03,392,2388,100.0,38.89,23.3778
22,27,0.0023,-0.0,100.0,518.67,642.04,1584.86,1406.37,14.62,21.61,553.35,2388.17,9053.73,1.3,47.43,521.49,2388.05,8131.84,8.4515,0.03,392,2388,100.0,38.91,23.2576
22,28,0.003,0.0003,100.0,518.67,642.5,1585.5,1402.23,14.62,21.61,553.98,2388.11,9046.21,1.3,47.41,522.04,2388.06,8129.43,8.4638,0.03,392,2388,100.0,38.82,23.3317
22,29,-0.0018,-0.0002,100.0,518.67,642.3,1596.99,1406.05,14.62,21.61,553.0,2388.1,9047.48,1.3,47.44,522.04,2388.08,8127.62,8.4431,0.03,394,2388,100.0,38.86,23.3536
22,30,0.0015,-0.0002,100.0,518.67,642.02,1588.44,1402.6,14.62,21.61,553.97,2388.09,9054.59,1.3,47.42,520.92,2388.11,8134.29,8.4311,0.03,391,2388,100.0,38.99,23.4307
22,31,-0.0015,0.0002,100.0,518.67,642.72,1590.05,1406.01,14.62,21.61,554.39,2388.11,9053.86,1.3,47.49,521.46,2388.06,8131.64,8.4208,0.03,394,2388,100.0,38.86,23.2723
22,32,-0.0002,-0.0002,100.0,518.67,642.34,1582.77,1403.16,14.62,21.61,553.54,2388.11,9043.66,1.3,47.52,521.41,2388.1,8126.94,8.4371,0.03,391,2388,100.0,39.03,23.2533
22,33,-0.001,-0.0002,100.0,518.67,642.68,1591.27,1413.3,14.62,21.6,553.49,2388.11,9043.21,1.3,47.53,521.09,2388.08,8136.61,8.4092,0.03,393,2388,100.0,38.98,23.276
22,34,-0.0027,0.0004,100.0,518.67,642.76,1588.09,1402.41,14.62,21.61,553.63,2388.05,9052.24,1.3,47.21,522.23,2388.15,8131.38,8.4424,0.03,392,2388,100.0,38.72,23.2605
22,35,-0.0034,-0.0002,100.0,518.67,643.02,1592.17,1404.73,14.62,21.61,553.51,2388.1,9043.32,1.3,47.38,522.18,2388.05,8123.33,8.4192,0.03,394,2388,100.0,39.05,23.2689
22,36,-0.0005,0.0004,100.0,518.67,642.43,1592.08,1406.15,14.62,21.61,553.59,2388.1,9046.55,1.3,47.57,521.17,2388.11,8129.84,8.4095,0.03,392,2388,100.0,38.83,23.2521
22,37,-0.0006,0.0004,100.0,518.67,642.54,1590.94,1411.53,14.62,21.61,553.11,2388.06,9047.69,1.3,47.64,522.02,2388.11,8126.23,8.4024,0.03,393,2388,100.0,38.75,23.4019
22,38,0.0018,-0.0002,100.0,518.67,642.67,1592.03,1405.08,14.62,21.61,553.71,2388.1,9043.87,1.3,47.53,521.49,2388.1,8126.7,8.4364,0.03,392,2388,100.0,38.99,23.3638
22,39,-0.0,-0.0005,100.0,518.67,642.5,1583.42,1410.16,14.62,21.61,554.04,2388.09,9055.41,1.3,47.36,521.77,2388.11,8133.12,8.4143,0.03,392,2388,100.0,38.97,23.3058
25,1,0.0022,-0.0001,100.0,518.67,642.28,1589.09,1396.65,14.62,21.61,553.68,2388.08,9050.99,1.3,47.54,522.14,2388.04,8135.76,8.4075,0.03,394,2388,100.0,39.06,23.345
25,2,-0.0007,-0.0,100.0,518.67,641.84,1584.65,1398.3,14.62,21.61,554.24,2388.07,9049.43,1.3,47.4,521.88,2388.1,8126.66,8.4098,0.03,391,2388,100.0,38.84,23.3104
25,3,-0.0013,-0.0001,100.0,518.67,642.07,1585.7,1408.75,14.62,21.61,553.73,2388.08,9047.94,1.3,47.31,521.55,2388.05,8133.09,8.4065,0.03,391,2388,100.0,38.91,23.3267
25,4,0.0018,0.0,100.0,518.67,641.81,1589.85,1414.05,14.62,21.61,553.99,2388.04,9045.52,1.3,47.29,522.18,2388.06,8134.63,8.3987,0.03,393,2388,100.0,38.89,23.3115
25,5,0.0009,0.0004,100.0,518.67,641.95,1580.75,1401.5,14.62,21.61,553.65,2388.08,9052.95,1.3,47.48,522.04,2388.07,8135.85,8.3729,0.03,392,2388,100.0,39.08,23.2902
25,6,-0.0002,0.0004,100.0,518.67,642.37,1585.64,1397.2,14.62,21.61,553.81,2388.04,9048.63,1.3,47.29,521.72,2388.09,8128.35,8.4067,0.03,391,2388,100.0,38.94,23.4426
25,7,-0.0027,-0.0001,100.0,518.67,642.35,1587.88,1402.46,14.62,21.61,554.04,2388.08,9049.42,1.3,47.32,521.76,2388.05,8132.78,8.4355,0.03,392,2388,100.0,38.85,23.336
25,8,0.0029,-0.0001,100.0,518.67,642.95,1587.05,1405.34,14.62,21.61,553.86,2388.06,9044.46,1.3,47.29,521.56,2388.06,8131.99,8.4252,0.03,392,2388,100.0,38.86,23.3759
25,9,-0.0027,0.0004,100.0,518.67,642.23,1586.37,1408.06,14.62,21.61,554.21,2388.05,9047.12,1.3,47.34,522.03,2388.06,8135.38,8.3868,0.03,392,2388,100.0,38.79,23.3916
25,10,0.0024,0.0004,100.0,518.67,641.91,1587.12,1405.05,14.62,21.61,553.26,2388.1,9054.0,1.3,47.47,521.45,2388.11,8130.43,8.3876,0.03,394,2388,100.0,39.01,23.405
25,11,-0.0022,0.0001,100.0,518.67,641.88,1592.3,1405.2,14.62,21.61,554.02,2388.06,9046.05,1.3,47.49,521.9,2388.05,8132.35,8.4479,0.03,391,2388,100.0,38.99,23.3391
25,12,0.003,0.0001,100.0,518.67,642.62,1586.95,1409.3,14.62,21.61,554.32,2388.08,9051.18,1.3,47.38,521.94,2388.1,8127.53,8.4065,0.03,393,2388,100.0,38.9,23.3473
25,13,-0.001,0.0001,100.0,518.67,642.37,1592.49,1396.43,14.62,21.61,554.42,2388.02,9051.23,1.3,47.41,521.83,2388.08,8134.71,8.3848,0.03,391,2388,100.0,38.93,23.44
25,14,-0.0006,-0.0002,100.0,518.67,642.51,1588.0,1403.14,14.62,21.61,554.22,2388.06,9051.83,1.3,47.31,521.74,2388.09,8126.75,8.4252,0.03,393,2388,100.0,38.89,23.5635
25,15,-0.0028,0.0001,100.0,518.67,642.38,1593.04,1398.54,14.62,21.61,553.93,2388.07,9045.81,1.3,47.25,522.49,2388.09,8129.13,8.3961,0.03,393,2388,100.0,38.92,23.2945
25,16,-0.0013,-0.0005,100.0,518.67,642.62,1586.27,1403.24,14.62,21.61,554.54,2388.07,9052.41,1.3,47.07,522.07,2388.08,8128.61,8.3862,0.03,391,2388,100.0,38.95,23.474
25,17,0.0007,-0.0005,100.0,518.67,642.81,1582.87,1397.23,14.62,21.61,553.95,2388.05,9052.9,1.3,47.23,522.13,2388.07,8131.98,8.3876,0.03,392,2388,100.0,39.12,23.422
25,18,-0.0001,0.0,100.0,518.67,641.99,1586.76,1408.19,14.62,21.61,553.18,2388.11,9048.89,1.3,47.42,521.62,2388.14,8134.93,8.3924,0.03,391,2388,100.0,38.72,23.2587
25,19,0.0021,0.0001,100.0,518.67,642.63,1581.37,1404.06,14.62,21.61,553.5,2388.04,9043.57,1.3,47.4,522.19,2388.1,8125.87,8.4553,0.03,393,2388,100.0,38.98,23.333
25,20,0.0004,-0.0004,100.0,518.67,642.23,1581.28,1399.15,14.62,21.6,553.9,2388.08,9050.76,1.3,47.17,522.32,2388.02,8133.99,8.429,0.03,392,2388,100.0,38.8,23.4868
25,21,-0.0,-0.0005,100.0,518.67,642.51,1585.74,1402.77,14.62,21.61,554.12,2387.99,9047.93,1.3,47.36,521.95,2388.05,8132.3,8.4345,0.03,392,2388,100.0,38.71,23.4758
25,22,-0.0015,0.0002,100.0,518.67,642.31,1579.21,1396.44,14.62,21.61,553.9,2388.0,9052.65,1.3,47.44,522.25,2388.1,8131.98,8.4142,0.03,390,2388,100.0,38.67,23.4002
25,23,-0.0027,-0.0001,100.0,518.67,642.16,1589.58,1402.25,14.62,21.61,554.4,2388.05,9052.79,1.3,47.24,521.89,2388.03,8130.8,8.4244,0.03,391,2388,100.0,38.89,23.3354
25,24,-0.0008,-0.0005,100.0,518.67,642.09,1580.1,1399.91,14.62,21.61,553.68,2388.07,9047.19,1.3,47.36,521.2,2388.08,8130.19,8.3971,0.03,394,2388,100.0,38.9,23.381
25,25,-0.0004,0.0002,100.0,518.67,642.78,1586.95,1397.39,14.62,21.61,553.89,2388.1,9046.38,1.3,47.36,521.68,2388.07,8129.33,8.4174,0.03,394,2388,100.0,38.95,23.3854
25,26,0.0011,-0.0003,100.0,518.67,642.36,1586.25,1406.86,14.62,21.61,554.32,2388.04,9048.2,1.3,47.27,521.84,2388.05,8136.74,8.428,0.03,392,2388,100.0,38.91,23.3748
25,27,0.0031,-0.0004,100.0,518.67,641.8,1587.46,1397.23,14.62,21.61,554.36,2388.08,9049.96,1.3,47.41,522.08,2388.03,8135.71,8.4039,0.03,393,2388,100.0,38.92,23.4579
25,28,-0.0006,0.0003,100.0,518.67,642.31,1585.86,1393.76,14.62,21.61,553.63,2388.11,9044.73,1.3,47.44,521.99,2388.03,8135.37,8.3901,0.03,392,2388,100.0,38.73,23.3481
25,29,0.006,-0.0005,100.0,518.67,642.16,1586.24,1400.45,14.62,21.61,554.56,2388.02,9045.56,1.3,47.16,521.59,2388.06,8134.9,8.4044,0.03,391,2388,100.0,38.93,23.4809
25,30,-0.0004,-0.0001,100.0,518.67,642.35,1587.75,1398.65,14.62,21.61,554.29,2387.99,9050.5,1.3,47.36,521.8,2388.1,8135.63,8.4122,0.03,392,2388,100.0,38.87,23.3551
25,31,-0.0001,0.0002,100.0,518.67,642.39,1593.73,1398.24,14.62,21.61,554.02,2388.05,9048.99,1.3,47.43,521.82,2388.09,8136.66,8.4248,0.03,392,2388,100.0,38.97,23.2728
25,32,0.0019,-0.0005,100.0,518.67,642.29,1588.24,1405.49,14.62,21.61,553.59,2388.05,9049.49,1.3,47.45,522.05,2388.04,8132.9,8.4158,0.03,393,2388,100.0,39.08,23.3209
25,33,-0.0,-0.0004,100.0,518.67,641.71,1587.58,1398.3,14.62,21.61,553.96,2388.06,9051.12,1.3,47.36,521.79,2388.04,8127.46,8.4316,0.03,393,2388,100.0,39.02,23.3396
25,34,0.0001,-0.0005,100.0,518.67,642.12,1594.21,1402.15,14.62,21.61,553.77,2388.08,9051.94,1.3,47.17,521.94,2388.06,8130.9,8.4287,0.03,394,2388,100.0,38.86,23.5276
25,35,-0.0002,0.0002,100.0,518.67,642.45,1587.6,1402.15,14.62,21.61,554.21,2388.02,9052.6,1.3,47.32,521.84,2387.98,8131.74,8.4123,0.03,391,2388,100.0,38.87,23.1999
25,36,0.0007,-0.0002,100.0,518.67,642.98,1582.09,1400.55,14.62,21.61,554.06,2388.07,9052.53,1.3,47.43,522.35,2388.08,8130.38,8.4016,0.03,393,2388,100.0,39.04,23.4142
25,37,0.0003,0.0003,100.0,518.67,642.39,1591.81,1392.53,14.62,21.61,553.94,2388.06,9046.59,1.3,47.26,521.43,2388.12,8127.67,8.3778,0.03,392,2388,100.0,38.94,23.3031
25,38,-0.0019,-0.0001,100.0,518.67,642.61,1587.94,1401.92,14.62,21.61,553.9,2388.06,9050.5,1.3,47.36,522.22,2388.12,8136.42,8.4209,0.03,390,2388,100.0,39.01,23.4018
25,39,0.0032,0.0002,100.0,518.67,642.65,1585.14,1407.41,14.62,21.61,553.43,2388.08,9049.69,1.3,47.37,521.93,2388.07,8129.7,8.4263,0.03,393,2388,100.0,38.87,23.2856
25,40,-0.0015,-0.0002,100.0,518.67,642.71,1582.41,1400.78,14.62,21.61,553.31,2388.02,9050.07,1.3,47.36,521.88,2388.02,8130.47,8.4601,0.03,392,2388,100.0,39.13,23.265
25,41,0.0014,-0.0003,100.0,518.67,643.12,1583.39,1404.18,14.62,21.61,553.9,2388.03,9056.78,1.3,47.25,521.7,2388.09,8132.95,8.4223,0.03,392,2388,100.0,38.88,23.4641
25,42,-0.0002,-0.0001,100.0,518.67,642.69,1590.04,1403.64,14.62,21.61,554.15,2388.1,9052.49,1.3,47.4,521.9,2388.07,8131.29,8.4687,0.03,392,2388,100.0,38.9,23.4101
25,43,0.0001,0.0001,100.0,518.67,641.78,1582.64,1402.68,14.62,21.61,554.82,2388.05,9052.75,1.3,47.36,521.85,2388.05,8132.9,8.4059,0.03,392,2388,100.0,39.08,23.3444
25,44,0.0007,-0.0005,100.0,518.67,642.74,1583.07,1411.35,14.62,21.61,553.87,2388.05,9051.99,1.3,47.25,522.13,2388.08,8127.78,8.4432,0.03,392,2388,100.0,38.99,23.2151
25,45,0.0006,-0.0005,100.0,518.67,642.64,1589.94,1401.2,14.62,21.61,553.38,2388.1,9048.79,1.3,47.29,521.34,2388.1,8135.08,8.3908,0.03,392,2388,100.0,38.84,23.3844
25,46,-0.0034,0.0003,100.0,518.67,642.31,1592.85,1403.68,14.62,21.61,553.91,2388.05,9054.94,1.3,47.39,522.5,2388.08,8135.56,8.3981,0.03,392,2388,100.0,38.97,23.3092
25,47,0.0,0.0001,100.0,518.67,642.57,1587.52,1399.33,14.62,21.61,554.52,2388.05,9048.47,1.3,47.26,521.71,2388.06,8132.02,8.3926,0.03,393,2388,100.0,38.99,23.343
25,48,0.0019,-0.0004,100.0,518.67,642.92,1584.08,1403.1,14.62,21.61,553.55,2388.08,9046.2,1.3,47.38,521.75,2388.07,8132.18,8.4422,0.03,394,2388,100.0,38.9,23.3876
33,1,-0.0007,-0.0003,100.0,518.67,642.53,1588.31,1413.64,14.62,21.61,553.33,2388.1,9058.18,1.3,47.71,521.14,2388.12,8135.52,8.4434,0.03,392,2388,100.0,38.76,23.281
33,2,0.0031,0.0004,100.0,518.67,643.2,1595.76,1399.79,14.62,21.61,553.25,2388.1,9056.7,1.3,47.62,521.21,2388.11,8141.75,8.4312,0.03,393,2388,100.0,38.85,23.2111
33,3,-0.0003,0.0001,100.0,518.67,642.65,1595.12,1409.8,14.62,21.61,552.97,2388.14,9057.76,1.3,47.38,521.67,2388.1,8138.62,8.4099,0.03,393,2388,100.0,38.93,23.3368
33,4,-0.0046,-0.0001,100.0,518.67,642.52,1590.77,1412.93,14.62,21.61,553.53,2388.11,9050.4,1.3,47.52,521.53,2388.11,8132.51,8.4282,0.03,395,2388,100.0,38.65,23.3241
33,5,0.0021,0.0003,100.0,518.67,642.83,1590.97,1409.11,14.62,21.61,554.32,2388.16,9057.46,1.3,47.46,521.81,2388.11,8135.87,8.4732,0.03,394,2388,100.0,38.74,23.3345
33,6,0.0021,0.0002,100.0,518.67,642.71,1588.98,1413.46,14.62,21.61,553.06,2388.11,9064.03,1.3,47.54,521.42,2388.11,8132.36,8.4301,0.03,395,2388,100.0,38.67,23.2562
33,7,-0.0002,0.0001,100.0,518.67,642.45,1590.13,1402.86,14.62,21.61,553.55,2388.14,9055.79,1.3,47.53,521.18,2388.13,8138.03,8.4399,0.03,393,2388,100.0,38.69,23.3006
33,8,0.0002,0.0,100.0,518.67,642.65,1589.99,1411.23,14.62,21.61,552.92,2388.13,9059.69,1.3,47.66,520.83,2388.11,8138.6,8.4406,0.03,392,2388,100.0,38.88,23.2973
33,9,-0.0004,0.0002,100.0,518.67,642.4,1589.47,1406.09,14.62,21.61,553.39,2388.07,9053.45,1.3,47.53,521.2,2388.13,8138.11,8.4467,0.03,393,2388,100.0,38.73,23.2534
33,10,-0.0043,0.0005,100.0,518.67,642.88,1581.72,1412.01,14.62,21.61,553.38,2388.14,9063.41,1.3,47.66,521.42,2388.11,8135.89,8.434,0.03,393,2388,100.0,38.81,23.4039
33,11,-0.0017,-0.0004,100.0,518.67,642.61,1591.26,1407.39,14.62,21.61,552.95,2388.15,9060.01,1.3,47.59,520.8,2388.15,8140.49,8.4357,0.03,393,2388,100.0,38.88,23.222
33,12,0.0007,0.0002,100.0,518.67,642.25,1593.93,1412.03,14.62,21.61,552.84,2388.04,9062.83,1.3,47.39,521.19,2388.12,8137.74,8.4848,0.03,393,2388,100.0,38.62,23.3359
33,13,-0.0023,-0.0001,100.0,518.67,643.15,1584.19,1404.72,14.62,21.61,553.35,2388.17,9060.0,1.3,47.51,521.22,2388.11,8137.48,8.4344,0.03,392,2388,100.0,38.73,23.2646
33,14,0.0029,0.0001,100.0,518.67,642.73,1599.19,1408.53,14.62,21.61,553.49,2388.14,9058.53,1.3,47.39,521.63,2388.09,8133.82,8.4277,0.03,393,2388,100.0,38.68,23.2429
33,15,0.002,-0.0001,100.0,518.67,642.24,1584.62,1419.89,14.62,21.61,552.97,2388.05,9061.51,1.3,47.5,521.37,2388.08,8137.49,8.4229,0.03,394,2388,100.0,38.79,23.3324
33,16,0.0008,0.0001,100.0,518.67,642.72,1583.98,1408.3,14.62,21.61,553.11,2388.13,9045.48,1.3,47.58,521.4,2388.12,8135.8,8.4478,0.03,393,2388,100.0,38.77,23.3115
33,17,-0.0005,-0.0001,100.0,518.67,642.22,1586.89,1413.53,14.62,21.61,552.53,2388.13,9047.94,1.3,47.49,521.57,2388.15,8137.73,8.4176,0.03,393,2388,100.0,38.87,23.1591
33,18,0.0003,0.0003,100.0,518.67,642.86,1588.62,1410.55,14.62,21.61,553.14,2388.11,9054.67,1.3,47.85,521.12,2388.1,8138.21,8.4533,0.03,394,2388,100.0,38.86,23.2154
33,19,-0.0,-0.0002,100.0,518.67,642.92,1592.1,1410.89,14.62,21.61,553.08,2388.14,9058.73,1.3,47.59,520.9,2388.14,8138.54,8.4774,0.03,393,2388,100.0,38.92,23.3998
33,20,0.0001,0.0001,100.0,518.67,642.35,1593.57,1404.17,14.62,21.61,553.21,2388.13,9057.1,1.3,47.65,521.39,2388.12,8139.42,8.4271,0.03,391,2388,100.0,38.72,23.0989
33,21,-0.002,-0.0002,100.0,518.67,643.08,1589.77,1413.23,14.62,21.61,553.64,2388.13,9060.84,1.3,47.4,521.52,2388.08,8140.09,8.4476,0.03,391,2388,100.0,38.53,23.199
33,22,0.0016,-0.0,100.0,518.67,642.27,1587.27,1409.71,14.62,21.61,552.35,2388.09,9062.27,1.3,47.68,521.22,2388.14,8141.74,8.4386,0.03,393,2388,100.0,38.85,23.2997
33,23,0.0025,-0.0002,100.0,518.67,643.18,1597.47,1407.61,14.62,21.61,553.14,2388.08,9059.76,1.3,47.57,521.37,2388.13,8137.92,8.4603,0.03,393,2388,100.0,38.61,23.2407
33,24,0.002,-0.0002,100.0,518.67,642.08,1592.99,1407.47,14.62,21.61,553.44,2388.1,9052.79,1.3,47.71,520.93,2388.11,8133.61,8.4522,0.03,393,2388,100.0,38.91,23.1466
33,25,0.0016,0.0001,100.0,518.67,642.84,1594.52,1399.72,14.62,21.61,553.09,2388.08,9059.45,1.3,47.53,521.75,2388.07,8139.25,8.438,0.03,392,2388,100.0,38.84,23.3453
33,26,-0.0003,-0.0002,100.0,518.67,642.71,1586.53,1409.36,14.62,21.61,553.56,2388.15,9068.46,1.3,47.62,520.91,2388.17,8136.38,8.4709,0.03,394,2388,100.0,38.94,23.3311
33,27,-0.0005,-0.0002,100.0,518.67,643.08,1582.19,1416.22,14.62,21.61,553.47,2388.08,9045.94,1.3,47.55,521.8,2388.13,8134.91,8.4323,0.03,394,2388,100.0,38.89,23.4184
33,28,0.0017,-0.0004,100.0,518.67,642.61,1594.8,1409.28,14.62,21.61,553.58,2388.09,9053.07,1.3,47.62,521.42,2388.1,8136.68,8.4782,0.03,392,2388,100.0,38.8,23.2208
33,29,0.0009,-0.0001,100.0,518.67,642.89,1590.97,1403.04,14.62,21.61,553.49,2388.06,9059.11,1.3,47.49,520.99,2388.14,8141.12,8.466,0.03,393,2388,100.0,38.96,23.3545
33,30,-0.0016,-0.0004,100.0,518.67,642.88,1589.59,1411.47,14.62,21.61,553.07,2388.17,9059.22,1.3,47.58,521.16,2388.11,8141.21,8.4471,0.03,394,2388,100.0,38.77,23.2888
33,31,-0.0074,0.0001,100.0,518.67,643.03,1593.97,1409.16,14.62,21.61,552.96,2388.18,9059.93,1.3,47.64,520.85,2388.11,8137.03,8.4568,0.03,393,2388,100.0,38.84,23.3496
33,32,-0.0003,0.0,100.0,518.67,642.68,1585.89,1410.53,14.62,21.61,552.81,2388.11,9049.42,1.3,47.59,520.94,2388.08,8137.63,8.4371,0.03,394,2388,100.0,38.9,23.396
33,33,-0.0015,0.0003,100.0,518.67,642.76,1588.61,1415.82,14.62,21.61,552.77,2388.08,9059.74,1.3,47.57,521.45,2388.1,8136.71,8.4417,0.03,395,2388,100.0,38.76,23.2558
33,34,0.0016,-0.0004,100.0,518.67,642.98,1585.51,1414.99,14.62,21.61,552.75,2388.12,9060.95,1.3,47.55,520.81,2388.12,8135.71,8.3842,0.03,394,2388,100.0,38.68,23.3852
33,35,0.0003,0.0005,100.0,518.67,641.99,1588.87,1405.43,14.62,21.61,553.85,2388.13,9063.12,1.3,47.56,520.9,2388.15,8136.33,8.434,0.03,394,2388,100.0,38.93,23.3954
33,36,-0.0027,0.0003,100.0,518.67,642.98,1590.58,1405.11,14.62,21.61,553.06,2388.08,9057.66,1.3,47.59,521.74,2388.08,8135.07,8.416,0.03,391,2388,100.0,38.92,23.2829
33,37,0.0024,0.0001,100.0,518.67,642.68,1591.97,1414.65,14.62,21.61,553.36,2388.08,9057.39,1.3,47.78,521.38,2388.1,8134.1,8.4625,0.03,394,2388,100.0,38.87,23.2908
33,38,-0.0031,-0.0003,100.0,518.67,643.22,1584.79,1417.73,14.62,21.61,552.96,2388.11,9060.03,1.3,47.58,521.17,2388.09,8136.08,8.4522,0.03,395,2388,100.0,38.73,23.2943
33,39,-0.0018,0.0001,100.0,518.67,642.75,1587.07,1419.1,14.62,21.61,553.14,2388.13,9062.26,1.3,47.68,521.23,2388.07,8137.51,8.451,0.03,393,2388,100.0,38.9,23.3931
33,40,0.0006,-0.0001,100.0,518.67,642.65,1592.86,1408.49,14.62,21.61,552.64,2388.14,9055.83,1.3,47.61,521.6,2388.13,8134.79,8.4172,0.03,393,2388,100.0,38.73,23.2059
33,41,0.0021,0.0002,100.0,518.67,642.37,1603.38,1404.85,14.62,21.61,553.66,2388.11,9058.45,1.3,47.46,521.18,2388.13,8134.88,8.4803,0.03,394,2388,100.0,38.82,23.2397
33,42,0.0015,0.0003,100.0,518.67,643.36,1582.43,1408.21,14.62,21.61,552.19,2388.16,9055.47,1.3,47.75,521.15,2388.1,8136.76,8.4351,0.03,395,2388,100.0,38.81,23.3841
33,43,0.0004,-0.0,100.0,518.67,642.44,1598.15,1415.41,14.62,21.61,553.1,2388.11,9054.61,1.3,47.71,521.05,2388.11,8140.96,8.4513,0.03,394,2388,100.0,39.02,23.3633
33,44,0.0039,0.0004,100.0,518.67,642.25,1601.28,1405.59,14.62,21.61,552.09,2388.11,9054.81,1.3,47.68,521.94,2388.1,8137.13,8.4691,0.03,392,2388,100.0,38.72,23.2673
33,45,0.0021,0.0005,100.0,518.67,643.21,1587.06,1407.8,14.62,21.61,552.92,2388.12,9062.19,1.3,47.54,521.31,2388.07,8137.72,8.4635,0.03,393,2388,100.0,38.75,23.2935
33,46,0.0016,-0.0001,100.0,518.67,642.87,1591.0,1406.01,14.62,21.61,553.22,2388.1,9062.92,1.3,47.71,521.79,2388.08,8136.79,8.4304,0.03,393,2388,100.0,38.95,23.3696
33,47,0.0029,-0.0001,100.0,518.67,642.34,1586.77,1411.89,14.62,21.61,553.46,2388.13,9060.25,1.3,47.54,521.24,2388.1,8137.62,8.4332,0.03,392,2388,100.0,38.73,23.2697
33,48,0.0004,-0.0002,100.0,518.67,642.94,1595.04,1407.84,14.62,21.61,553.28,2388.14,9050.99,1.3,47.58,521.73,2388.16,8142.69,8.4885,0.03,395,2388,100.0,38.64,23.2856
33,49,0.0035,0.0003,100.0,518.67,642.49,1588.3,1405.91,14.62,21.61,552.96,2388.12,9060.38,1.3,47.54,521.48,2388.09,8134.43,8.469,0.03,394,2388,100.0,38.74,23.2763
33,50,0.0005,0.0005,100.0,518.67,642.42,1579.36,1416.53,14.62,21.61,553.56,2388.14,9059.56,1.3,47.61,520.95,2388.11,8134.27,8.4463,0.03,392,2388,100.0,38.73,23.2843
37,1,-0.0004,-0.0002,100.0,518.67,642.06,1591.3,1396.14,14.62,21.61,554.02,2388.01,9051.31,1.3,47.06,522.14,2388.02,8137.78,8.4051,0.03,391,2388,100.0,39.23,23.369
37,2,-0.0048,-0.0001,100.0,518.67,641.9,1591.65,1403.52,14.62,21.61,554.07,2388.08,9059.42,1.3,47.2,522.48,2388.02,8139.34,8.4145,0.03,392,2388,100.0,38.94,23.4242
37,3,0.0016,-0.0,100.0,518.67,642.07,1583.96,1396.24,14.62,21.61,555.17,2388.04,9051.44,1.3,47.14,522.13,2388.01,8137.07,8.3807,0.03,391,2388,100.0,39.09,23.4719
37,4,0.0015,-0.0002,100.0,518.67,642.21,1583.55,1395.22,14.62,21.61,554.39,2388.08,9053.8,1.3,47.07,521.98,2387.99,8132.55,8.4104,0.03,390,2388,100.0,38.99,23.396
37,5,-0.0014,-0.0002,100.0,518.67,641.74,1582.23,1399.03,14.62,21.61,554.27,2388.06,9056.06,1.3,47.11,522.18,2388.04,8137.2,8.43,0.03,391,2388,100.0,39.22,23.4176
37,6,0.0025,-0.0005,100.0,518.67,642.4,1582.01,1397.66,14.62,21.61,554.25,2387.94,9047.3,1.3,47.39,522.27,2388.0,8135.23,8.3807,0.03,390,2388,100.0,39.15,23.3177
37,7,0.0019,-0.0004,100.0,518.67,642.18,1587.33,1402.7,14.62,21.61,554.78,2387.99,9058.07,1.3,46.95,522.48,2388.02,8137.64,8.3847,0.03,390,2388,100.0,39.01,23.3728
37,8,-0.0016,0.0,100.0,518.67,642.3,1577.72,1402.58,14.62,21.61,555.46,2388.02,9055.36,1.3,47.42,522.67,2387.93,8137.77,8.3901,0.03,392,2388,100.0,39.01,23.412
37,9,-0.0036,-0.0,100.0,518.67,641.98,1590.92,1402.35,14.62,21.61,554.52,2388.02,9055.89,1.3,47.25,521.64,2388.07,8140.75,8.3917,0.03,392,2388,100.0,38.95,23.4177
37,10,-0.0028,0.0001,100.0,518.67,642.26,1580.66,1403.01,14.62,21.61,554.21,2387.98,9055.3,1.3,47.35,522.1,2388.07,8136.59,8.4028,0.03,391,2388,100.0,38.97,23.3719
37,11,0.0002,0.0,100.0,518.67,641.86,1583.75,1404.86,14.62,21.61,554.56,2388.06,9061.79,1.3,47.07,522.13,2387.98,8137.01,8.3983,0.03,391,2388,100.0,39.0,23.3974
37,12,0.0016,-0.0004,100.0,518.67,642.08,1584.89,1395.64,14.62,21.61,554.45,2388.06,9047.95,1.3,47.07,522.47,2388.03,8141.54,8.4012,0.03,392,2388,100.0,39.03,23.5037
37,13,0.001,-0.0002,100.0,518.67,642.2,1583.37,1393.55,14.62,21.61,554.86,2388.02,9051.44,1.3,46.95,521.76,2388.0,8141.86,8.4055,0.03,391,2388,100.0,39.18,23.4413
37,14,-0.0011,0.0002,100.0,518.67,641.95,1588.22,1401.05,14.62,21.61,554.06,2388.05,9050.19,1.3,47.23,521.68,2388.03,8137.25,8.3834,0.03,392,2388,100.0,38.97,23.3956
37,15,0.0044,-0.0001,100.0,518.67,642.14,1590.83,1398.13,14.62,21.61,554.69,2388.05,9056.77,1.3,47.29,522.19,2388.02,8138.31,8.352,0.03,391,2388,100.0,38.93,23.4399
37,16,0.0006,-0.0002,100.0,518.67,641.98,1583.34,1393.71,14.62,21.61,554.98,2388.01,9052.93,1.3,47.2,523.21,2388.06,8137.56,8.3905,0.03,392,2388,100.0,38.85,23.3322
37,17,0.0015,-0.0,100.0,518.67,641.4,1585.84,1400.15,14.62,21.61,553.62,2388.06,9058.89,1.3,47.21,522.57,2388.07,8139.37,8.4026,0.03,390,2388,100.0,39.03,23.3788
37,18,0.0017,-0.0004,100.0,518.67,642.04,1585.41,1399.87,14.62,21.61,553.53,2388.03,9051.5,1.3,47.28,521.89,2388.03,8133.73,8.39,0.03,394,2388,100.0,39.03,23.4408
37,19,-0.0057,0.0004,100.0,518.67,641.74,1583.78,1401.99,14.62,21.61,554.31,2388.01,9045.18,1.3,47.33,522.34,2388.02,8138.24,8.4015,0.03,390,2388,100.0,38.97,23.3252
37,20,-0.002,-0.0005,100.0,518.67,642.01,1593.28,1396.74,14.62,21.61,554.49,2388.03,9054.99,1.3,47.07,522.17,2388.05,8138.32,8.4281,0.03,393,2388,100.0,38.95,23.3021
37,21,-0.0055,0.0004,100.0,518.67,641.97,1584.45,1395.26,14.62,21.61,554.63,2388.01,9058.43,1.3,47.38,522.44,2388.03,8137.61,8.3835,0.03,392,2388,100.0,39.01,23.3927
37,22,-0.0003,0.0005,100.0,518.67,642.78,1587.68,1398.8,14.62,21.61,554.55,2388.03,9060.12,1.3,47.42,521.63,2388.06,8136.71,8.3864,0.03,393,2388,100.0,39.22,23.4306
37,23,0.0014,0.0001,100.0,518.67,642.29,1588.4,1402.56,14.62,21.61,554.44,2388.06,9055.97,1.3,47.24,522.04,2388.06,8144.02,8.3769,0.03,392,2388,100.0,38.98,23.3516
37,24,-0.0013,0.0002,100.0,518.67,642.24,1582.78,1403.31,14.62,21.61,554.77,2388.05,9054.96,1.3,47.2,521.77,2388.05,8140.43,8.4138,0.03,391,2388,100.0,39.05,23.5428
37,25,0.0003,-0.0003,100.0,518.67,642.1,1578.3,1396.33,14.62,21.61,554.37,2388.07,9053.75,1.3,47.25,522.1,2388.03,8135.6,8.4048,0.03,392,2388,100.0,39.21,23.3591
37,26,-0.0008,-0.0,100.0,518.67,642.29,1584.69,1406.62,14.62,21.61,554.44,2388.0,9052.01,1.3,47.16,522.46,2388.03,8137.41,8.4273,0.03,392,2388,100.0,39.11,23.439
37,27,0.0024,-0.0004,100.0,518.67,642.68,1581.7,1399.16,14.62,21.61,554.18,2387.99,9055.14,1.3,47.17,521.98,2388.03,8136.95,8.4068,0.03,391,2388,100.0,39.0,23.432
37,28,-0.0046,-0.0003,100.0,518.67,642.08,1588.01,1397.43,14.62,21.61,553.77,2388.03,9054.41,1.3,47.28,522.46,2388.04,8133.17,8.4122,0.03,392,2388,100.0,39.06,23.4547
37,29,-0.0031,-0.0004,100.0,518.67,642.77,1581.92,1399.26,14.62,21.61,554.2,2387.97,9050.75,1.3,47.23,522.19,2388.03,8139.77,8.4234,0.03,392,2388,100.0,39.02,23.4353
37,30,-0.0012,0.0004,100.0,518.67,642.55,1580.22,1395.83,14.62,21.61,554.03,2388.0,9057.98,1.3,47.22,521.8,2388.01,8142.33,8.3988,0.03,391,2388,100.0,39.03,23.3451
37,31,0.0041,0.0002,100.0,518.67,641.97,1586.18,1398.58,14.62,21.61,554.37,2388.03,9059.87,1.3,47.33,522.93,2388.01,8140.79,8.3726,0.03,392,2388,100.0,38.99,23.3655
37,32,-0.0005,0.0004,100.0,518.67,641.92,1577.69,1396.07,14.62,21.61,553.96,2388.05,9054.6,1.3,47.31,522.1,2388.01,8138.06,8.4098,0.03,391,2388,100.0,38.97,23.4243
37,33,-0.0024,0.0003,100.0,518.67,642.34,1583.43,1393.07,14.62,21.61,554.06,2387.97,9059.45,1.3,47.28,522.59,2388.03,8138.54,8.4098,0.03,391,2388,100.0,38.88,23.5001
37,34,0.0003,0.0001,100.0,518.67,642.2,1579.17,1399.68,14.62,21.6,554.13,2387.99,9053.26,1.3,47.11,522.32,2388.02,8135.13,8.418,0.03,391,2388,100.0,39.02,23.4964
37,35,-0.0008,-0.0002,100.0,518.67,641.98,1590.51,1401.82,14.62,21.61,554.19,2388.02,9048.78,1.3,47.38,522.04,2388.05,8137.05,8.3908,0.03,392,2388,100.0,39.01,23.3327
37,36,0.0041,0.0003,100.0,518.67,642.15,1587.01,1389.78,14.62,21.61,554.22,2388.0,9054.38,1.3,47.12,522.01,2387.99,8141.66,8.4101,0.03,393,2388,100.0,38.98,23.3684
37,37,0.0021,0.0002,100.0,518.67,641.83,1585.69,1398.42,14.62,21.61,555.22,2388.06,9064.05,1.3,47.41,522.16,2388.03,8132.49,8.3859,0.03,392,2388,100.0,38.92,23.3162
37,38,0.0029,-0.0,100.0,518.67,642.19,1582.94,1402.13,14.62,21.61,554.2,2388.02,9056.61,1.3,47.37,522.08,2388.03,8139.2,8.4307,0.03,389,2388,100.0,39.14,23.4126
37,39,-0.0008,-0.0003,100.0,518.67,642.03,1576.65,1397.37,14.62,21.61,554.62,2388.06,9055.34,1.3,47.39,522.49,2388.1,8134.81,8.3793,0.03,391,2388,100.0,38.96,23.3238
37,40,-0.0009,-0.0005,100.0,518.67,642.95,1584.56,1390.27,14.62,21.61,553.96,2388.06,9058.52,1.3,47.64,522.48,2388.06,8135.47,8.397,0.03,392,2388,100.0,38.94,23.4281
37,41,-0.0003,-0.0,100.0,518.67,642.46,1579.3,1392.54,14.62,21.61,554.12,2388.01,9063.92,1.3,47.24,522.61,2388.04,8137.18,8.3742,0.03,391,2388,100.0,38.98,23.4247
37,42,0.0009,0.0001,100.0,518.67,642.29,1586.94,1395.28,14.62,21.61,554.34,2388.06,9055.67,1.3,47.21,522.54,2388.02,8141.4,8.3961,0.03,391,2388,100.0,39.06,23.3408
37,43,0.0003,-0.0001,100.0,518.67,642.41,1594.16,1402.13,14.62,21.6,554.35,2388.03,9045.46,1.3,47.3,521.98,2388.05,8144.73,8.3824,0.03,391,2388,100.0,39.04,23.3863
37,44,-0.0002,-0.0002,100.0,518.67,642.36,1582.43,1398.61,14.62,21.61,555.01,2388.01,9054.91,1.3,47.27,522.0,2388.04,8134.01,8.4217,0.03,392,2388,100.0,39.07,23.4415
37,45,0.0005,-0.0003,100.0,518.67,641.89,1583.17,1404.07,14.62,21.61,553.92,2388.0,9056.59,1.3,47.34,522.46,2388.04,8140.11,8.3895,0.03,393,2388,100.0,39.05,23.4098
37,46,0.0003,0.0002,100.0,518.67,642.31,1591.41,1404.38,14.62,21.61,554.21,2388.06,9059.41,1.3,47.3,522.53,2388.05,8139.91,8.3987,0.03,391,2388,100.0,39.03,23.4509
37,47,-0.0043,0.0003,100.0,518.67,642.43,1589.91,1403.21,14.62,21.61,553.99,2388.04,9056.43,1.3,47.2,522.38,2388.07,8140.82,8.4008,0.03,390,2388,100.0,38.95,23.4296
37,48,0.0006,0.0003,100.0,518.67,642.27,1582.59,1404.52,14.62,21.61,554.09,2388.04,9051.79,1.3,47.34,522.21,2388.04,8139.97,8.3865,0.03,391,2388,100.0,38.94,23.3709
37,49,0.0026,0.0001,100.0,518.67,642.18,1584.24,1394.48,14.62,21.61,553.99,2388.01,9054.71,1.3,47.41,522.5,2388.05,8139.54,8.398,0.03,392,2388,100.0,38.88,23.3116
37,50,-0.0004,0.0005,100.0,518.67,642.09,1591.07,1407.56,14.62,21.61,553.95,2388.05,9052.2,1.3,47.25,521.88,2387.98,8136.86,8.3985,0.03,392,2388,100.0,38.95,23.4101
37,51,-0.0005,0.0001,100.0,518.67,642.16,1583.21,1404.79,14.62,21.61,554.14,2388.04,9050.32,1.3,47.19,521.91,2388.01,8136.07,8.367,0.03,391,2388,100.0,39.11,23.3097
37,52,-0.0026,0.0001,100.0,518.67,642.42,1589.2,1400.26,14.62,21.61,554.5,2388.07,9054.55,1.3,47.24,522.07,2387.98,8132.84,8.4224,0.03,391,2388,100.0,39.01,23.3743
37,53,-0.002,-0.0002,100.0,518.67,642.46,1590.95,1402.67,14.62,21.61,554.29,2388.07,9046.41,1.3,47.32,522.72,2388.05,8140.26,8.3696,0.03,392,2388,100.0,38.9,23.3012
37,54,-0.0006,-0.0002,100.0,518.67,642.47,1586.11,1402.9,14.62,21.61,554.78,2388.01,9059.47,1.3,47.36,521.8,2388.01,8138.8,8.4098,0.03,392,2388,100.0,38.95,23.4532
37,55,0.0015,0.0003,100.0,518.67,642.16,1586.0,1409.31,14.62,21.61,553.65,2388.04,9043.31,1.3,47.17,522.37,2388.05,8139.07,8.3949,0.03,392,2388,100.0,38.98,23.3747
37,56,-0.0006,0.0005,100.0,518.67,642.26,1584.82,1401.76,14.62,21.6,555.26,2388.07,9055.47,1.3,47.28,522.13,2388.05,8137.02,8.3665,0.03,394,2388,100.0,38.84,23.4061
37,57,0.0005,0.0002,100.0,518.67,642.44,1584.12,1390.7,14.62,21.61,554.89,2388.04,9056.8,1.3,47.1,522.53,2388.07,8134.06,8.3898,0.03,392,2388,100.0,39.01,23.293
37,58,0.0029,-0.0004,100.0,518.67,642.49,1579.83,1398.62,14.62,21.61,554.17,2388.08,9047.79,1.3,47.29,521.37,2388.03,8133.48,8.4218,0.03,392,2388,100.0,39.08,23.4189
37,59,-0.0025,0.0003,100.0,518.67,642.4,1581.06,1401.43,14.62,21.61,554.45,2388.03,9049.54,1.3,47.23,522.28,2388.05,8136.6,8.4136,0.03,392,2388,100.0,38.99,23.4181
37,60,-0.0009,0.0004,100.0,518.67,642.48,1583.62,1397.69,14.62,21.61,554.34,2388.08,9057.42,1.3,47.41,521.69,2388.09,8135.21,8.392,0.03,392,2388,100.0,38.84,23.4127
37,61,-0.0002,0.0004,100.0,518.67,641.97,1585.43,1397.56,14.62,21.61,553.64,2388.03,9049.06,1.3,47.44,521.88,2388.03,8135.39,8.4259,0.03,392,2388,100.0,39.05,23.3414
37,62,-0.0012,0.0004,100.0,518.67,642.31,1586.13,1402.65,14.62,21.61,553.61,2388.06,9058.7,1.3,47.23,522.65,2388.03,8137.41,8.4045,0.03,391,2388,100.0,38.96,23.4309
37,63,-0.0001,0.0003,100.0,518.67,641.83,1591.5,1397.16,14.62,21.61,554.38,2388.04,9057.45,1.3,47.45,522.16,2388.12,8140.9,8.4125,0.03,390,2388,100.0,39.08,23.3087
37,64,-0.0029,0.0004,100.0,518.67,641.62,1594.86,1391.99,14.62,21.61,553.97,2388.0,9051.94,1.3,47.32,521.77,2388.07,8138.56,8.3864,0.03,392,2388,100.0,38.89,23.3813
37,65,-0.0034,0.0003,100.0,518.67,642.26,1575.79,1406.12,14.62,21.61,553.88,2388.03,9047.66,1.3,47.45,521.48,2388.04,8133.44,8.4024,0.03,392,2388,100.0,38.96,23.3571
37,66,-0.0008,-0.0004,100.0,518.67,642.75,1582.45,1400.26,14.62,21.61,554.22,2388.01,9050.22,1.3,47.27,522.21,2388.05,8132.23,8.4503,0.03,393,2388,100.0,39.04,23.3991
37,67,-0.0028,0.0001,100.0,518.67,642.1,1594.88,1397.44,14.62,21.61,553.94,2388.04,9052.93,1.3,47.3,522.28,2388.07,8140.3,8.4042,0.03,392,2388,100.0,39.17,23.3353
37,68,0.0048,-0.0002,100.0,518.67,642.39,1592.34,1399.43,14.62,21.61,554.11,2387.99,9051.63,1.3,47.17,522.17,2388.07,8135.41,8.4153,0.03,392,2388,100.0,38.84,23.39
37,69,-0.0003,0.0004,100.0,518.67,642.5,1584.39,1400.08,14.62,21.61,553.81,2388.09,9051.71,1.3,47.46,521.84,2388.02,8134.57,8.4025,0.03,393,2388,100.0,39.0,23.3409
37,70,0.0002,0.0004,100.0,518.67,641.92,1584.8,1406.42,14.62,21.61,553.29,2388.08,9049.5,1.3,47.23,521.84,2388.07,8133.99,8.3972,0.03,391,2388,100.0,38.86,23.3189
37,71,-0.0019,-0.0003,100.0,518.67,642.48,1586.13,1401.0,14.62,21.61,553.63,2388.01,9053.29,1.3,47.27,522.28,2388.03,8134.94,8.4027,0.03,393,2388,100.0,39.13,23.4093
37,72,0.0005,0.0002,100.0,518.67,641.94,1585.9,1404.38,14.62,21.61,553.58,2388.04,9046.97,1.3,47.32,521.71,2388.07,8136.85,8.4249,0.03,392,2388,100.0,38.9,23.3092
37,73,0.0029,-0.0003,100.0,518.67,642.62,1586.55,1402.2,14.62,21.61,553.99,2388.01,9053.57,1.3,47.18,522.15,2388.03,8134.82,8.4046,0.03,393,2388,100.0,38.95,23.1964
37,74,0.0007,-0.0001,100.0,518.67,642.36,1580.58,1409.28,14.62,21.61,554.6,2388.12,9042.79,1.3,47.34,522.23,2388.13,8129.95,8.4145,0.03,392,2388,100.0,39.01,23.3954
37,75,0.0044,0.0004,100.0,518.67,643.01,1589.19,1403.62,14.62,21.61,553.95,2388.06,9046.76,1.3,47.31,521.91,2388.09,8127.79,8.4211,0.03,392,2388,100.0,38.91,23.4031
37,76,0.002,-0.0004,100.0,518.67,642.64,1583.69,1405.52,14.62,21.61,554.4,2388.04,9052.06,1.3,47.38,521.99,2388.07,8133.57,8.4196,0.03,391,2388,100.0,38.95,23.3076
37,77,-0.0001,0.0003,100.0,518.67,642.34,1591.25,1396.67,14.62,21.61,553.97,2388.0,9053.47,1.3,47.38,521.64,2388.06,8133.36,8.4197,0.03,392,2388,100.0,39.05,23.3943
37,78,-0.0006,0.0001,100.0,518.67,642.1,1591.3,1410.29,14.62,21.61,553.9,2388.04,9048.48,1.3,47.49,522.09,2388.07,8129.38,8.428,0.03,394,2388,100.0,38.85,23.3258
37,79,0.0043,-0.0001,100.0,518.67,642.11,1583.66,1408.21,14.62,21.61,554.39,2388.11,9053.64,1.3,47.36,522.17,2388.13,8129.34,8.4221,0.03,393,2388,100.0,38.97,23.3945
37,80,0.0004,0.0004,100.0,518.67,642.32,1592.16,1403.96,14.62,21.61,553.32,2388.06,9052.62,1.3,47.28,521.52,2388.06,8132.47,8.4348,0.03,391,2388,100.0,38.79,23.2405
37,81,-0.0018,0.0002,100.0,518.67,642.55,1587.62,1399.98,14.62,21.61,554.03,2388.03,9049.33,1.3,47.35,521.58,2388.03,8131.13,8.4108,0.03,392,2388,100.0,39.04,23.3455
37,82,0.0076,-0.0005,100.0,518.67,642.6,1585.6,1406.37,14.62,21.61,553.11,2388.1,9056.76,1.3,47.38,521.62,2388.1,8128.44,8.4433,0.03,393,2388,100.0,39.06,23.276
37,83,0.0008,-0.0001,100.0,518.67,642.24,1586.98,1396.18,14.62,21.61,553.24,2388.03,9048.41,1.3,47.65,522.44,2388.1,8139.18,8.4324,0.03,394,2388,100.0,38.91,23.3581
37,84,0.0026,0.0003,100.0,518.67,642.44,1586.97,1404.98,14.62,21.61,552.96,2388.12,9051.4,1.3,47.3,521.52,2388.11,8131.24,8.4049,0.03,393,2388,100.0,38.82,23.3696
37,85,-0.0014,-0.0003,100.0,518.67,642.08,1591.03,1399.16,14.62,21.61,553.72,2388.09,9047.62,1.3,47.37,521.56,2388.06,8132.33,8.409,0.03,392,2388,100.0,38.91,23.4138
37,86,-0.0048,-0.0005,100.0,518.67,641.81,1595.61,1406.93,14.62,21.61,553.81,2388.11,9051.49,1.3,47.6,521.82,2388.12,8130.88,8.439,0.03,393,2388,100.0,39.05,23.2926
37,87,-0.002,0.0005,100.0,518.67,642.13,1582.03,1406.93,14.62,21.61,552.86,2388.02,9048.47,1.3,47.41,521.84,2388.05,8129.23,8.403,0.03,392,2388,100.0,38.98,23.3645
37,88,0.0002,-0.0002,100.0,518.67,642.45,1583.43,1398.42,14.62,21.61,553.91,2388.08,9052.79,1.3,47.46,522.07,2388.08,8135.82,8.426,0.03,393,2388,100.0,38.84,23.3866
37,89,0.0022,0.0003,100.0,518.67,642.77,1590.19,1406.2,14.62,21.61,553.53,2388.14,9056.05,1.3,47.5,521.64,2388.11,8134.52,8.431,0.03,392,2388,100.0,38.96,23.3203
37,90,0.0008,0.0003,100.0,518.67,643.01,1588.3,1401.28,14.62,21.61,554.1,2388.11,9052.63,1.3,47.56,521.79,2388.1,8128.1,8.4291,0.03,392,2388,100.0,38.88,23.3377
37,91,-0.0013,-0.0004,100.0,518.67,643.03,1587.53,1409.21,14.62,21.61,553.82,2388.07,9053.14,1.3,47.63,521.42,2388.07,8128.46,8.4367,0.03,392,2388,100.0,38.97,23.4535
37,92,0.0023,-0.0003,100.0,518.67,642.19,1588.62,1405.04,14.62,21.61,553.56,2388.06,9057.1,1.3,47.5,521.12,2388.05,8132.27,8.4229,0.03,392,2388,100.0,38.84,23.2223
37,93,0.002,-0.0002,100.0,518.67,641.91,1587.31,1406.65,14.62,21.61,553.76,2388.08,9050.44,1.3,47.45,521.15,2388.12,8133.11,8.4425,0.03,393,2388,100.0,38.8,23.2824
37,94,-0.0012,-0.0002,100.0,518.67,642.65,1582.51,1410.31,14.62,21.61,553.21,2388.09,9049.45,1.3,47.24,521.31,2388.12,8126.63,8.4253,0.03,394,2388,100.0,38.71,23.2225
37,95,-0.0013,-0.0002,100.0,518.67,642.79,1586.26,1398.06,14.62,21.61,553.96,2388.11,9050.31,1.3,47.46,521.07,2388.0,8132.17,8.4343,0.03,392,2388,100.0,38.92,23.3051
37,96,0.005,0.0004,100.0,518.67,642.67,1584.71,1408.08,14.62,21.61,553.79,2388.16,9047.37,1.3,47.51,521.87,2388.16,8128.53,8.4229,0.03,393,2388,100.0,38.77,23.2779
37,97,0.0008,-0.0001,100.0,518.67,642.78,1592.45,1409.03,14.62,21.61,553.0,2388.12,9047.13,1.3,47.42,521.98,2388.06,8130.28,8.4245,0.03,393,2388,100.0,39.01,23.3268
37,98,0.0028,0.0002,100.0,518.67,642.7,1589.3,1408.88,14.62,21.61,553.15,2388.1,9048.22,1.3,47.41,521.18,2388.1,8129.09,8.4269,0.03,392,2388,100.0,38.8,23.2293
37,99,-0.0027,-0.0003,100.0,518.67,642.23,1595.5,1406.48,14.62,21.61,554.16,2388.11,9051.85,1.3,47.51,521.74,2388.09,8128.02,8.469,0.03,393,2388,100.0,38.79,23.3095
37,100,-0.0008,-0.0001,100.0,518.67,643.14,1595.07,1407.09,14.62,21.61,553.57,2388.08,9037.51,1.3,47.69,521.3,2388.1,8127.71,8.4143,0.03,393,2388,100.0,38.84,23.317
37,101,-0.0012,0.0001,100.0,518.67,642.59,1585.77,1413.95,14.62,21.61,553.68,2388.07,9043.0,1.3,47.35,521.36,2388.19,8124.44,8.423,0.03,394,2388,100.0,38.68,23.2447
37,102,0.0006,0.0003,100.0,518.67,642.91,1584.34,1406.96,14.62,21.61,553.82,2388.13,9048.79,1.3,47.47,520.99,2388.12,8127.97,8.4265,0.03,393,2388,100.0,38.84,23.4072
37,103,-0.0014,0.0002,100.0,518.67,642.66,1584.78,1411.85,14.62,21.61,553.35,2388.08,9044.21,1.3,47.36,521.28,2388.1,8130.32,8.443,0.03,393,2388,100.0,39.02,23.3435
37,104,0.0004,-0.0003,100.0,518.67,642.87,1583.61,1415.18,14.62,21.61,552.89,2388.11,9040.21,1.3,47.61,521.01,2388.12,8127.07,8.4776,0.03,393,2388,100.0,38.95,23.4255
37,105,-0.0008,0.0003,100.0,518.67,642.87,1587.81,1417.97,14.62,21.61,554.1,2388.07,9039.71,1.3,47.63,521.42,2388.13,8130.83,8.4425,0.03,393,2388,100.0,38.85,23.2864
37,106,-0.0001,-0.0002,100.0,518.67,642.13,1585.11,1413.67,14.62,21.61,552.98,2388.13,9049.81,1.3,47.3,521.29,2388.1,8131.31,8.433,0.03,395,2388,100.0,38.79,23.3012
37,107,0.0026,-0.0004,100.0,518.67,642.49,1592.73,1401.65,14.62,21.61,552.98,2388.08,9047.81,1.3,47.65,521.35,2388.11,8129.42,8.4138,0.03,392,2388,100.0,38.67,23.256
37,108,-0.0005,-0.0002,100.0,518.67,642.63,1596.71,1411.33,14.62,21.61,552.35,2388.14,9049.53,1.3,47.72,521.34,2388.17,8121.9,8.4624,0.03,395,2388,100.0,38.83,23.2442
37,109,-0.0002,-0.0002,100.0,518.67,642.83,1590.18,1414.28,14.62,21.61,552.42,2388.05,9044.58,1.3,47.54,520.86,2388.2,8125.96,8.4397,0.03,394,2388,100.0,38.94,23.2611
37,110,0.0012,-0.0002,100.0,518.67,643.01,1592.91,1400.53,14.62,21.61,552.68,2388.09,9049.69,1.3,47.53,520.88,2388.13,8130.57,8.4323,0.03,394,2388,100.0,38.82,23.2097
37,111,-0.0002,0.0,100.0,518.67,643.05,1589.93,1412.63,14.62,21.61,552.91,2388.15,9046.68,1.3,47.69,520.9,2388.17,8118.32,8.4336,0.03,393,2388,100.0,38.73,23.2604
37,112,0.0005,0.0004,100.0,518.67,642.46,1590.77,1408.68,14.62,21.61,552.86,2388.18,9045.16,1.3,47.75,520.98,2388.12,8122.54,8.4662,0.03,394,2388,100.0,38.84,23.2857
37,113,-0.0008,-0.0003,100.0,518.67,642.6,1597.93,1410.0,14.62,21.61,552.86,2388.19,9039.76,1.3,47.53,520.78,2388.18,8123.57,8.4513,0.03,394,2388,100.0,38.88,23.1024
37,114,0.0017,0.0003,100.0,518.67,643.44,1590.06,1409.94,14.62,21.61,553.42,2388.17,9044.06,1.3,47.75,521.25,2388.15,8126.48,8.4516,0.03,393,2388,100.0,38.81,23.2994
37,115,-0.0005,0.0002,100.0,518.67,642.66,1591.46,1411.97,14.62,21.61,552.64,2388.19,9038.86,1.3,47.63,520.94,2388.14,8121.67,8.4847,0.03,395,2388,100.0,38.76,23.1773
37,116,-0.004,0.0001,100.0,518.67,642.99,1582.59,1411.93,14.62,21.61,552.64,2388.16,9037.63,1.3,47.51,521.34,2388.18,8122.04,8.4658,0.03,393,2388,100.0,38.71,23.2501
37,117,-0.0018,-0.0003,100.0,518.67,642.81,1587.82,1412.67,14.62,21.61,552.53,2388.17,9047.96,1.3,47.67,521.06,2388.19,8123.8,8.4725,0.03,393,2388,100.0,38.64,23.126
37,118,0.0,-0.0005,100.0,518.67,643.56,1588.14,1412.48,14.62,21.61,552.68,2388.19,9042.76,1.3,47.71,521.11,2388.2,8122.75,8.4661,0.03,394,2388,100.0,38.81,23.2395
37,119,-0.002,0.0004,100.0,518.67,643.01,1589.82,1414.01,14.62,21.61,553.73,2388.2,9044.43,1.3,47.73,520.97,2388.16,8122.84,8.4718,0.03,395,2388,100.0,38.37,23.315
37,120,0.0003,0.0002,100.0,518.67,642.99,1581.01,1410.43,14.62,21.61,553.22,2388.21,9036.09,1.3,47.77,521.09,2388.19,8117.76,8.4574,0.03,393,2388,100.0,38.57,23.3056
37,121,-0.0006,0.0002,100.0,518.67,643.34,1593.15,1413.38,14.62,21.61,552.56,2388.18,9041.71,1.3,47.69,520.69,2388.15,8119.07,8.4944,0.03,394,2388,100.0,38.76,23.2145
39,1,-0.0005,0.0001,100.0,518.67,642.15,1575.63,1406.59,14.62,21.61,554.15,2388.02,9056.98,1.3,47.11,522.21,2388.03,8140.46,8.3785,0.03,391,2388,100.0,39.01,23.3724
39,2,-0.0008,-0.0004,100.0,518.67,642.01,1581.22,1402.75,14.62,21.61,554.52,2387.98,9052.54,1.3,47.35,521.82,2388.05,8140.92,8.4348,0.03,393,2388,100.0,39.0,23.3282
39,3,0.0008,0.0002,100.0,518.67,642.66,1582.03,1394.79,14.62,21.61,554.09,2387.96,9062.57,1.3,47.12,521.92,2388.0,8142.36,8.4102,0.03,392,2388,100.0,38.97,23.4046
39,4,0.0012,-0.0,100.0,518.67,642.29,1583.27,1403.37,14.62,21.61,553.82,2388.03,9066.79,1.3,47.0,522.02,2388.03,8146.02,8.4149,0.03,391,2388,100.0,38.97,23.3694
39,5,0.0012,-0.0004,100.0,518.67,642.16,1584.07,1401.42,14.62,21.6,554.09,2388.03,9055.32,1.3,47.38,522.07,2388.03,8143.22,8.4093,0.03,394,2388,100.0,39.09,23.3724
39,6,-0.0018,-0.0,100.0,518.67,642.42,1585.72,1400.81,14.62,21.61,554.58,2388.02,9058.4,1.3,47.24,522.11,2388.01,8143.69,8.4023,0.03,392,2388,100.0,39.01,23.4336
39,7,0.0024,0.0003,100.0,518.67,642.92,1582.15,1397.1,14.62,21.61,553.83,2388.1,9052.2,1.3,47.27,522.25,2388.05,8140.26,8.4013,0.03,390,2388,100.0,39.1,23.2914
39,8,0.0014,0.0,100.0,518.67,642.07,1581.01,1396.04,14.62,21.61,553.96,2387.99,9054.94,1.3,47.45,521.29,2388.08,8141.53,8.4257,0.03,393,2388,100.0,39.12,23.4
39,9,0.0007,0.0004,100.0,518.67,642.02,1580.57,1396.06,14.62,21.61,554.24,2388.03,9058.5,1.3,47.3,522.43,2387.98,8139.95,8.4005,0.03,392,2388,100.0,39.04,23.4685
39,10,0.0012,0.0004,100.0,518.67,642.55,1578.58,1397.95,14.62,21.6,554.46,2388.03,9063.03,1.3,47.35,522.25,2387.99,8143.3,8.4167,0.03,391,2388,100.0,38.93,23.3448
39,11,0.0014,-0.0001,100.0,518.67,642.52,1583.48,1401.66,14.62,21.61,554.12,2388.05,9054.49,1.3,47.42,522.52,2388.01,8143.38,8.4034,0.03,392,2388,100.0,38.97,23.3827
39,12,0.0018,0.0,100.0,518.67,642.36,1585.47,1404.74,14.62,21.61,554.3,2388.03,9057.73,1.3,47.0,522.4,2388.05,8142.05,8.4023,0.03,390,2388,100.0,39.19,23.3919
39,13,0.0013,-0.0001,100.0,518.67,642.44,1584.98,1397.27,14.62,21.6,554.29,2388.03,9056.72,1.3,47.12,521.55,2387.96,8143.81,8.3907,0.03,391,2388,100.0,39.11,23.4645
39,14,0.0029,-0.0,100.0,518.67,642.24,1587.53,1401.27,14.62,21.61,554.88,2388.06,9062.65,1.3,47.28,521.58,2388.07,8140.84,8.4179,0.03,392,2388,100.0,38.93,23.3702
39,15,-0.0017,0.0002,100.0,518.67,642.11,1584.56,1398.26,14.62,21.61,554.01,2388.0,9054.1,1.3,47.37,521.93,2388.07,8139.28,8.3992,0.03,392,2388,100.0,38.97,23.3356
39,16,0.0024,0.0005,100.0,518.67,642.27,1591.76,1401.12,14.62,21.61,554.34,2388.0,9054.0,1.3,47.24,522.01,2387.97,8135.73,8.3965,0.03,392,2388,100.0,39.08,23.4613
39,17,-0.0028,-0.0001,100.0,518.67,642.17,1583.71,1402.38,14.62,21.61,554.4,2388.02,9060.35,1.3,47.17,521.94,2388.03,8142.33,8.4244,0.03,392,2388,100.0,39.06,23.3933
39,18,0.0022,0.0002,100.0,518.67,642.18,1588.19,1404.91,14.62,21.61,553.98,2388.02,9055.18,1.3,47.13,522.89,2388.02,8139.47,8.3803,0.03,392,2388,100.0,39.0,23.4028
39,19,-0.0023,-0.0001,100.0,518.67,642.37,1585.07,1402.74,14.62,21.61,554.27,2388.01,9058.16,1.3,47.4,522.5,2387.99,8147.69,8.4075,0.03,391,2388,100.0,39.11,23.2887
39,20,0.0007,-0.0001,100.0,518.67,641.59,1583.65,1399.16,14.62,21.61,554.75,2388.05,9059.51,1.3,47.28,522.7,2388.02,8142.61,8.4062,0.03,391,2388,100.0,38.9,23.5346
39,21,-0.0061,-0.0003,100.0,518.67,642.34,1576.35,1405.31,14.62,21.61,554.18,2388.02,9061.48,1.3,47.33,521.89,2387.94,8141.42,8.4069,0.03,391,2388,100.0,39.07,23.3708
39,22,-0.0016,0.0002,100.0,518.67,642.13,1582.45,1393.49,14.62,21.61,554.44,2388.04,9058.56,1.3,47.33,521.78,2388.03,8141.46,8.3877,0.03,393,2388,100.0,39.15,23.4238
39,23,-0.005,0.0002,100.0,518.67,642.22,1588.57,1400.47,14.62,21.61,554.31,2388.02,9056.56,1.3,47.35,521.91,2388.0,8143.06,8.4251,0.03,393,2388,100.0,39.02,23.3263
39,24,0.0007,0.0004,100.0,518.67,642.17,1583.99,1406.96,14.62,21.61,554.34,2388.01,9058.3,1.3,47.24,522.34,2387.99,8144.29,8.4077,0.03,392,2388,100.0,38.9,23.4303
39,25,-0.0046,0.0001,100.0,518.67,642.29,1587.6,1399.1,14.62,21.61,554.07,2388.07,9064.2,1.3,47.14,522.03,2387.98,8146.52,8.465,0.03,391,2388,100.0,38.93,23.3291
39,26,0.0006,-0.0,100.0,518.67,642.36,1591.05,1404.06,14.62,21.61,553.72,2387.99,9054.87,1.3,47.24,522.8,2388.03,8145.28,8.3973,0.03,391,2388,100.0,39.07,23.4154
39,27,-0.0016,0.0002,100.0,518.67,642.75,1585.95,1391.44,14.62,21.61,554.26,2387.99,9059.17,1.3,47.31,522.19,2388.0,8140.61,8.4154,0.03,392,2388,100.0,38.93,23.4552
39,28,0.001,-0.0003,100.0,518.67,642.01,1581.45,1397.07,14.62,21.61,554.31,2388.04,9058.87,1.3,47.23,522.5,2387.99,8142.38,8.4075,0.03,391,2388,100.0,39.03,23.4185
39,29,-0.0047,-0.0003,100.0,518.67,641.93,1588.2,1395.94,14.62,21.61,554.17,2388.02,9067.66,1.3,47.25,522.67,2388.04,8140.02,8.3858,0.03,391,2388,100.0,38.99,23.3655
39,30,0.0022,-0.0003,100.0,518.67,642.25,1582.57,1393.67,14.62,21.61,553.75,2388.06,9055.89,1.3,47.17,521.92,2388.07,8143.31,8.4056,0.03,392,2388,100.0,39.05,23.3713
39,31,-0.0015,-0.0001,100.0,518.67,642.37,1587.66,1399.21,14.62,21.61,554.36,2388.04,9054.1,1.3,47.13,522.24,2387.99,8142.56,8.3935,0.03,391,2388,100.0,38.8,23.5271
39,32,-0.0019,-0.0002,100.0,518.67,642.41,1587.7,1399.85,14.62,21.61,553.93,2388.02,9066.75,1.3,47.38,521.6,2388.03,8139.53,8.4438,0.03,392,2388,100.0,39.04,23.4283
39,33,-0.0019,-0.0003,100.0,518.67,642.13,1582.6,1402.65,14.62,21.61,554.23,2387.97,9061.88,1.3,47.2,522.16,2387.97,8138.71,8.4139,0.03,391,2388,100.0,39.02,23.4204
39,34,-0.0019,0.0004,100.0,518.67,641.34,1594.43,1396.65,14.62,21.61,554.32,2388.01,9054.01,1.3,47.1,521.92,2388.05,8147.41,8.3664,0.03,392,2388,100.0,39.08,23.3947
39,35,-0.0021,-0.0003,100.0,518.67,641.73,1583.99,1395.17,14.62,21.61,554.15,2388.01,9059.64,1.3,47.24,522.08,2388.02,8142.71,8.4209,0.03,390,2388,100.0,39.05,23.3178
39,36,-0.0044,0.0005,100.0,518.67,641.76,1582.25,1396.64,14.62,21.61,554.23,2388.03,9056.91,1.3,47.32,522.16,2388.07,8142.06,8.4347,0.03,392,2388,100.0,38.88,23.3513
39,37,0.0004,0.0003,100.0,518.67,642.09,1581.58,1402.17,14.62,21.61,554.03,2388.02,9061.91,1.3,47.2,521.94,2388.0,8147.31,8.3904,0.03,393,2388,100.0,38.82,23.3721
43,1,0.0023,-0.0004,100.0,518.67,642.02,1588.76,1402.16,14.62,21.61,553.93,2388.06,9047.72,1.3,47.23,522.3,2388.03,8131.77,8.44,0.03,393,2388,100.0,38.77,23.359
43,2,-0.0017,-0.0001,100.0,518.67,642.28,1579.72,1408.22,14.62,21.61,554.6,2388.09,9049.32,1.3,47.21,522.09,2388.0,8132.44,8.4162,0.03,393,2388,100.0,38.89,23.4174
43,3,0.001,-0.0002,100.0,518.67,642.45,1581.54,1406.98,14.62,21.61,554.36,2388.04,9054.72,1.3,47.12,521.81,2388.04,8132.64,8.411,0.03,392,2388,100.0,38.96,23.396
43,4,0.0008,-0.0004,100.0,518.67,642.13,1595.31,1404.2,14.62,21.61,553.19,2388.07,9048.65,1.3,47.32,522.38,2388.08,8122.75,8.3651,0.03,393,2388,100.0,38.81,23.3342
43,5,0.0022,0.0001,100.0,518.67,642.28,1592.92,1402.68,14.62,21.61,554.12,2388.1,9047.16,1.3,47.27,522.27,2388.05,8129.44,8.4257,0.03,393,2388,100.0,38.84,23.334
43,6,0.0014,-0.0001,100.0,518.67,642.53,1586.97,1402.56,14.62,21.61,554.12,2388.03,9047.84,1.3,47.18,521.13,2388.12,8127.98,8.4041,0.03,392,2388,100.0,39.04,23.3419
43,7,0.0,0.0002,100.0,518.67,642.53,1575.55,1401.31,14.62,21.61,553.73,2388.07,9052.49,1.3,47.26,521.75,2388.09,8131.83,8.4108,0.03,392,2388,100.0,38.92,23.4383
43,8,0.0015,0.0003,100.0,518.67,641.98,1582.09,1404.08,14.62,21.61,554.55,2388.05,9052.95,1.3,47.24,521.59,2388.06,8135.79,8.3942,0.03,394,2388,100.0,38.96,23.4885
43,9,-0.0012,0.0005,100.0,518.67,642.42,1588.91,1400.9,14.62,21.61,553.86,2388.13,9050.86,1.3,47.28,521.81,2388.07,8130.93,8.3921,0.03,392,2388,100.0,38.82,23.3396
43,10,-0.001,-0.0002,100.0,518.67,642.39,1584.44,1401.02,14.62,21.61,554.12,2388.06,9048.53,1.3,47.23,521.39,2388.13,8133.02,8.4059,0.03,393,2388,100.0,38.81,23.3526
43,11,-0.0005,0.0,100.0,518.67,642.19,1584.99,1403.08,14.62,21.61,553.8,2388.06,9058.06,1.3,47.14,520.99,2388.05,8130.78,8.457,0.03,393,2388,100.0,38.79,23.4155
43,12,-0.0059,0.0003,100.0,518.67,642.59,1586.81,1403.6,14.62,21.61,554.14,2388.04,9043.19,1.3,47.21,521.91,2388.08,8131.15,8.4272,0.03,391,2388,100.0,38.94,23.2906
43,13,0.0051,0.0003,100.0,518.67,642.36,1585.39,1392.39,14.62,21.61,553.44,2388.04,9043.57,1.3,47.52,522.19,2388.11,8134.22,8.4198,0.03,391,2388,100.0,38.94,23.3375
43,14,-0.0036,-0.0004,100.0,518.67,642.74,1578.83,1399.83,14.62,21.61,553.98,2388.03,9051.21,1.3,47.27,521.85,2388.08,8133.96,8.4232,0.03,393,2388,100.0,39.01,23.4412
43,15,0.0006,-0.0001,100.0,518.67,642.24,1589.91,1409.58,14.62,21.61,553.72,2388.03,9049.18,1.3,47.14,521.78,2388.07,8131.87,8.4267,0.03,392,2388,100.0,38.89,23.3834
43,16,-0.0006,0.0003,100.0,518.67,642.99,1584.32,1411.25,14.62,21.61,553.99,2388.17,9052.04,1.3,47.52,522.11,2388.03,8134.09,8.4215,0.03,393,2388,100.0,38.87,23.3312
43,17,-0.0011,0.0002,100.0,518.67,642.45,1582.49,1398.27,14.62,21.61,553.51,2388.07,9050.84,1.3,47.48,521.59,2388.04,8128.01,8.377,0.03,393,2388,100.0,39.0,23.4409
43,18,-0.0015,0.0002,100.0,518.67,642.55,1588.29,1402.12,14.62,21.61,553.78,2388.04,9048.82,1.3,47.3,521.89,2388.1,8126.36,8.4029,0.03,393,2388,100.0,38.96,23.4253
43,19,-0.0036,0.0004,100.0,518.67,642.63,1594.79,1396.6,14.62,21.61,554.64,2388.06,9052.12,1.3,47.44,521.84,2388.03,8130.03,8.4407,0.03,392,2388,100.0,39.05,23.3312
43,20,-0.0034,-0.0001,100.0,518.67,642.15,1585.93,1400.63,14.62,21.61,554.41,2388.09,9043.82,1.3,47.35,521.95,2388.09,8126.34,8.4218,0.03,391,2388,100.0,38.8,23.3824
43,21,0.0003,0.0001,100.0,518.67,642.25,1590.23,1400.24,14.62,21.61,553.65,2388.03,9054.91,1.3,47.4,521.18,2388.05,8134.1,8.4526,0.03,393,2388,100.0,38.86,23.3527
43,22,0.0035,0.0001,100.0,518.67,642.92,1588.7,1402.72,14.62,21.61,553.98,2388.09,9047.82,1.3,47.35,522.39,2388.12,8132.26,8.3909,0.03,393,2388,100.0,38.83,23.351
43,23,0.0006,0.0003,100.0,518.67,642.54,1587.57,1398.23,14.62,21.61,553.97,2388.08,9047.95,1.3,47.46,521.04,2388.04,8127.41,8.402,0.03,391,2388,100.0,38.92,23.4463
43,24,-0.0021,-0.0004,100.0,518.67,642.35,1582.49,1405.87,14.62,21.61,553.54,2388.04,9043.18,1.3,47.46,522.02,2388.03,8131.6,8.4363,0.03,392,2388,100.0,38.9,23.4027
43,25,-0.0004,-0.0,100.0,518.67,642.55,1588.32,1404.69,14.62,21.61,553.41,2388.05,9056.63,1.3,47.26,521.66,2388.11,8131.28,8.4478,0.03,391,2388,100.0,38.96,23.3278
43,26,-0.0011,-0.0001,100.0,518.67,642.66,1582.6,1401.83,14.62,21.61,554.2,2388.1,9044.3,1.3,47.25,521.13,2388.13,8133.4,8.3921,0.03,393,2388,100.0,38.96,23.373
43,27,-0.0013,-0.0003,100.0,518.67,642.44,1582.59,1395.68,14.62,21.61,553.71,2388.06,9050.31,1.3,47.52,522.41,2388.0,8129.94,8.4378,0.03,393,2388,100.0,39.04,23.295
43,28,-0.0029,0.0003,100.0,518.67,642.61,1588.44,1403.66,14.62,21.61,554.32,2388.07,9048.85,1.3,47.4,521.5,2388.08,8130.94,8.3939,0.03,392,2388,100.0,38.87,23.2137
43,29,0.0038,-0.0,100.0,518.67,642.49,1583.73,1405.93,14.62,21.61,553.49,2388.06,9037.87,1.3,47.37,522.32,2388.14,8131.56,8.4771,0.03,393,2388,100.0,39.09,23.3727
43,30,0.0015,0.0001,100.0,518.67,642.61,1587.67,1399.67,14.62,21.61,554.46,2388.07,9051.01,1.3,47.33,521.24,2388.08,8126.28,8.4007,0.03,394,2388,100.0,39.02,23.2777
43,31,0.0019,0.0,100.0,518.67,642.07,1594.06,1402.29,14.62,21.61,553.83,2388.04,9049.86,1.3,47.5,522.36,2388.1,8128.82,8.3916,0.03,391,2388,100.0,38.97,23.3877
43,32,0.0004,0.0002,100.0,518.67,642.56,1587.97,1402.61,14.62,21.61,553.76,2388.04,9047.71,1.3,47.36,521.65,2388.09,8127.36,8.431,0.03,393,2388,100.0,39.17,23.276
43,33,0.004,-0.0004,100.0,518.67,642.85,1586.32,1406.42,14.62,21.61,553.84,2388.03,9047.98,1.3,47.33,521.72,2388.07,8130.67,8.4268,0.03,392,2388,100.0,38.85,23.3263
43,34,0.0006,0.0004,100.0,518.67,642.38,1587.83,1405.92,14.62,21.61,554.0,2388.09,9049.43,1.3,47.23,521.93,2388.12,8138.24,8.4307,0.03,392,2388,100.0,38.93,23.2638
43,35,-0.0039,-0.0001,100.0,518.67,642.86,1591.46,1396.64,14.62,21.61,553.51,2388.07,9054.46,1.3,47.3,521.66,2388.12,8131.44,8.4174,0.03,391,2388,100.0,38.91,23.3064
43,36,-0.0037,-0.0001,100.0,518.67,641.96,1586.3,1400.26,14.62,21.61,554.01,2388.08,9049.85,1.3,47.38,521.89,2388.08,8128.07,8.4256,0.03,393,2388,100.0,38.82,23.3288
43,37,-0.001,-0.0001,100.0,518.67,642.5,1593.44,1404.57,14.62,21.61,554.59,2388.02,9045.67,1.3,47.37,521.71,2388.03,8129.77,8.4076,0.03,393,2388,100.0,38.88,23.3522
43,38,0.0015,0.0,100.0,518.67,642.13,1583.65,1406.71,14.62,21.61,554.3,2388.0,9051.1,1.3,47.4,522.05,2388.08,8131.29,8.4472,0.03,392,2388,100.0,38.96,23.3787
43,39,0.0022,-0.0003,100.0,518.67,642.44,1586.22,1405.94,14.62,21.61,554.35,2388.0,9045.8,1.3,47.53,522.01,2388.06,8133.69,8.4046,0.03,392,2388,100.0,38.85,23.3877
43,40,-0.0015,-0.0004,100.0,518.67,642.39,1585.56,1410.92,14.62,21.61,554.28,2388.1,9053.58,1.3,47.41,522.04,2388.06,8132.57,8.4363,0.03,392,2388,100.0,39.13,23.2686
43,41,-0.0012,-0.0002,100.0,518.67,642.82,1577.67,1412.89,14.62,21.61,554.33,2388.09,9052.23,1.3,47.46,522.13,2388.04,8139.48,8.4069,0.03,393,2388,100.0,39.04,23.4119
43,42,0.0012,-0.0,100.0,518.67,642.35,1589.89,1397.94,14.62,21.61,554.37,2388.07,9052.43,1.3,47.15,522.03,2388.11,8135.5,8.397,0.03,392,2388,100.0,39.02,23.3855
43,43,-0.0007,0.0004,100.0,518.67,642.59,1594.65,1404.09,14.62,21.61,554.64,2388.04,9045.02,1.3,47.37,521.78,2388.06,8127.06,8.3652,0.03,391,2388,100.0,38.97,23.3721
43,44,-0.0022,-0.0002,100.0,518.67,641.86,1588.3,1401.53,14.62,21.61,553.68,2388.04,9052.74,1.3,47.44,521.44,2388.07,8134.97,8.427,0.03,391,2388,100.0,38.81,23.389
43,45,-0.0001,-0.0005,100.0,518.67,642.39,1586.97,1400.68,14.62,21.61,553.63,2388.12,9048.92,1.3,47.54,521.33,2388.09,8130.45,8.4452,0.03,392,2388,100.0,38.98,23.3524
43,46,0.0003,-0.0004,100.0,518.67,642.49,1597.59,1393.43,14.62,21.61,553.69,2388.12,9054.95,1.3,47.23,521.26,2387.99,8132.11,8.4095,0.03,393,2388,100.0,38.84,23.3946
43,47,0.0039,0.0004,100.0,518.67,642.34,1585.22,1409.17,14.62,21.61,553.93,2388.01,9049.44,1.3,47.31,522.16,2388.1,8127.51,8.4078,0.03,392,2388,100.0,38.99,23.3445
43,48,0.0004,0.0,100.0,518.67,642.7,1589.7,1402.98,14.62,21.61,553.87,2388.03,9047.41,1.3,47.33,522.01,2388.04,8129.22,8.4132,0.03,392,2388,100.0,38.95,23.3149
43,49,-0.0004,0.0003,100.0,518.67,642.09,1579.16,1396.47,14.62,21.61,553.8,2388.04,9050.7,1.3,47.42,522.15,2388.07,8132.7,8.4046,0.03,392,2388,100.0,38.91,23.3215
43,50,-0.0023,0.0003,100.0,518.67,641.94,1593.54,1399.21,14.62,21.61,554.01,2388.06,9054.58,1.3,47.53,521.76,2388.03,8132.47,8.4154,0.03,392,2388,100.0,38.86,23.3202
43,51,0.0002,-0.0001,100.0,518.67,642.61,1590.72,1407.23,14.62,21.61,553.32,2388.04,9052.25,1.3,47.29,521.38,2388.04,8132.57,8.4317,0.03,393,2388,100.0,38.74,23.2764
43,52,0.0004,-0.0001,100.0,518.67,642.55,1591.57,1398.28,14.62,21.61,554.01,2388.08,9045.53,1.3,47.42,521.77,2388.11,8134.48,8.4177,0.03,393,2388,100.0,38.82,23.3819
43,53,0.0003,0.0003,100.0,518.67,642.53,1587.08,1399.69,14.62,21.61,554.07,2388.19,9049.58,1.3,47.44,521.84,2388.12,8130.02,8.3976,0.03,392,2388,100.0,38.89,23.2721
43,54,0.001,0.0004,100.0,518.67,642.61,1589.23,1402.69,14.62,21.61,554.33,2388.08,9046.88,1.3,47.34,521.01,2388.07,8124.38,8.4196,0.03,395,2388,100.0,38.91,23.4166
43,55,-0.0017,-0.0001,100.0,518.67,642.82,1588.42,1405.21,14.62,21.61,553.33,2388.05,9047.36,1.3,47.29,521.6,2388.06,8129.9,8.427,0.03,393,2388,100.0,38.92,23.2905
43,56,0.001,0.0003,100.0,518.67,642.2,1587.27,1401.83,14.62,21.61,553.79,2388.11,9046.07,1.3,47.42,521.62,2388.06,8133.06,8.4299,0.03,393,2388,100.0,38.93,23.3249
43,57,-0.0016,0.0003,100.0,518.67,642.61,1586.35,1409.18,14.62,21.61,553.71,2388.15,9054.95,1.3,47.36,521.49,2388.09,8132.62,8.3823,0.03,393,2388,100.0,39.0,23.3542
43,58,-0.0026,-0.0001,100.0,518.67,642.33,1583.9,1409.54,14.62,21.61,554.3,2388.11,9048.35,1.3,47.14,521.83,2388.06,8130.14,8.3985,0.03,393,2388,100.0,38.85,23.4725
43,59,-0.0001,-0.0005,100.0,518.67,642.55,1582.56,1398.67,14.62,21.61,553.63,2388.08,9049.17,1.3,47.43,521.97,2388.07,8130.54,8.3986,0.03,392,2388,100.0,38.87,23.4133
43,60,-0.0004,0.0,100.0,518.67,642.59,1585.09,1402.09,14.62,21.61,553.59,2388.05,9053.14,1.3,47.4,521.84,2388.09,8130.6,8.4148,0.03,392,2388,100.0,38.96,23.4305
43,61,0.0006,0.0004,100.0,518.67,642.46,1575.4,1398.57,14.62,21.61,554.77,2388.1,9044.12,1.3,47.19,521.56,2388.06,8132.54,8.428,0.03,392,2388,100.0,38.93,23.2794
43,62,-0.002,0.0004,100.0,518.67,642.71,1593.92,1402.96,14.62,21.61,554.32,2388.05,9048.79,1.3,47.6,522.12,2388.14,8128.0,8.4626,0.03,393,2388,100.0,38.91,23.3922
43,63,0.0007,0.0004,100.0,518.67,642.48,1589.56,1398.86,14.62,21.61,553.46,2388.06,9053.07,1.3,47.41,521.61,2388.13,8132.06,8.432,0.03,393,2388,100.0,38.99,23.2923
43,64,-0.0007,0.0003,100.0,518.67,642.29,1585.82,1412.3,14.62,21.61,553.87,2388.09,9050.4,1.3,47.42,522.25,2388.09,8129.24,8.4298,0.03,393,2388,100.0,39.08,23.4149
43,65,-0.0031,-0.0004,100.0,518.67,642.91,1582.45,1404.99,14.62,21.61,554.2,2388.12,9050.76,1.3,47.46,522.02,2388.08,8131.93,8.4185,0.03,392,2388,100.0,38.89,23.3323
43,66,-0.0012,-0.0001,100.0,518.67,642.38,1587.16,1398.52,14.62,21.61,552.98,2388.08,9033.3,1.3,47.42,522.47,2388.07,8127.11,8.4293,0.03,393,2388,100.0,39.05,23.315
43,67,0.0024,-0.0,100.0,518.67,642.49,1588.12,1401.36,14.62,21.61,553.78,2388.06,9044.25,1.3,47.54,521.71,2388.09,8128.42,8.3968,0.03,392,2388,100.0,38.96,23.3584
43,68,-0.0016,0.0002,100.0,518.67,641.98,1591.09,1409.99,14.62,21.61,554.11,2388.11,9044.78,1.3,47.3,522.03,2388.07,8137.45,8.442,0.03,393,2388,100.0,38.96,23.3299
43,69,0.0003,0.0001,100.0,518.67,642.99,1586.39,1406.6,14.62,21.61,554.04,2388.09,9053.2,1.3,47.35,521.38,2388.1,8124.73,8.4503,0.03,392,2388,100.0,38.89,23.2764
43,70,0.0002,-0.0,100.0,518.67,642.72,1591.51,1405.0,14.62,21.61,553.78,2388.11,9055.8,1.3,47.32,521.98,2388.1,8129.51,8.417,0.03,393,2388,100.0,38.94,23.3448
43,71,0.0022,-0.0003,100.0,518.67,642.51,1582.38,1408.47,14.62,21.61,554.02,2388.11,9045.5,1.3,47.35,521.64,2388.07,8134.54,8.4283,0.03,394,2388,100.0,38.83,23.3262
43,72,0.0041,-0.0005,100.0,518.67,642.47,1586.81,1405.15,14.62,21.61,553.21,2388.1,9051.85,1.3,47.35,521.6,2388.05,8134.71,8.4159,0.03,392,2388,100.0,38.92,23.4257
43,73,-0.0011,0.0004,100.0,518.67,642.49,1590.9,1406.95,14.62,21.61,554.06,2388.1,9051.31,1.3,47.53,521.64,2388.13,8131.22,8.415,0.03,392,2388,100.0,38.8,23.273
43,74,0.0064,0.0003,100.0,518.67,642.31,1600.44,1407.56,14.62,21.61,553.91,2388.1,9053.48,1.3,47.42,521.31,2388.13,8130.3,8.4243,0.03,393,2388,100.0,39.01,23.2903
43,75,-0.0025,-0.0001,100.0,518.67,642.33,1586.78,1407.69,14.62,21.61,553.4,2388.07,9047.55,1.3,47.45,521.99,2388.09,8125.31,8.3813,0.03,391,2388,100.0,38.8,23.3541
43,76,0.002,0.0004,100.0,518.67,641.7,1579.59,1392.82,14.62,21.61,554.24,2388.07,9048.55,1.3,47.34,521.74,2388.13,8132.11,8.4545,0.03,393,2388,100.0,39.07,23.4084
43,77,0.0046,-0.0001,100.0,518.67,642.39,1584.33,1405.01,14.62,21.61,553.64,2388.01,9055.89,1.3,47.57,521.86,2388.07,8129.24,8.4256,0.03,393,2388,100.0,39.07,23.3796
43,78,0.0008,-0.0002,100.0,518.67,642.41,1582.18,1410.4,14.62,21.61,553.65,2388.07,9052.53,1.3,47.21,522.05,2388.07,8133.28,8.3884,0.03,393,2388,100.0,38.94,23.3128
43,79,-0.0009,0.0003,100.0,518.67,642.63,1588.36,1409.07,14.62,21.61,553.33,2388.04,9054.11,1.3,47.31,521.67,2388.11,8131.25,8.4626,0.03,392,2388,100.0,38.85,23.4826
43,80,0.0034,0.0003,100.0,518.67,642.4,1589.76,1394.93,14.62,21.61,553.49,2388.07,9051.94,1.3,47.45,521.65,2388.07,8135.4,8.4432,0.03,393,2388,100.0,38.89,23.2114
43,81,0.0023,0.0,100.0,518.67,642.56,1584.73,1399.77,14.62,21.61,554.41,2388.06,9053.07,1.3,47.42,522.03,2388.08,8132.82,8.4161,0.03,394,2388,100.0,38.74,23.4513
43,82,-0.0018,-0.0001,100.0,518.67,642.28,1581.99,1402.67,14.62,21.61,554.1,2388.1,9054.12,1.3,47.35,521.73,2388.06,8126.36,8.4282,0.03,394,2388,100.0,38.76,23.352
43,83,0.0022,0.0,100.0,518.67,642.59,1595.34,1404.09,14.62,21.61,553.24,2388.08,9047.14,1.3,47.32,521.94,2388.08,8130.2,8.4529,0.03,394,2388,100.0,38.88,23.4189
43,84,-0.0007,-0.0005,100.0,518.67,642.38,1589.8,1409.68,14.62,21.61,554.26,2388.1,9051.5,1.3,47.2,521.87,2388.03,8124.96,8.4365,0.03,391,2388,100.0,38.89,23.2843
43,85,-0.0018,0.0001,100.0,518.67,642.68,1591.37,1401.49,14.62,21.61,553.92,2388.11,9046.55,1.3,47.48,522.32,2388.05,8130.9,8.4193,0.03,392,2388,100.0,39.08,23.3718
43,86,-0.0042,-0.0004,100.0,518.67,642.64,1591.86,1409.14,14.62,21.61,554.17,2388.09,9051.2,1.3,47.45,521.65,2388.08,8128.42,8.3989,0.03,393,2388,100.0,38.86,23.3798
43,87,0.0024,0.0002,100.0,518.67,642.45,1591.45,1402.32,14.62,21.61,553.31,2388.1,9053.0,1.3,47.09,521.58,2388.09,8133.36,8.4468,0.03,392,2388,100.0,39.02,23.3246
43,88,-0.0027,0.0005,100.0,518.67,642.45,1589.24,1406.76,14.62,21.61,554.12,2388.1,9046.51,1.3,47.45,521.74,2388.08,8135.26,8.4219,0.03,394,2388,100.0,39.09,23.4039
43,89,0.0006,0.0002,100.0,518.67,642.54,1589.25,1407.27,14.62,21.61,554.62,2388.07,9050.63,1.3,47.27,521.74,2388.1,8135.9,8.4367,0.03,394,2388,100.0,39.01,23.2713
43,90,-0.0006,-0.0002,100.0,518.67,642.21,1587.01,1409.14,14.62,21.61,554.18,2388.1,9045.01,1.3,47.49,521.88,2388.12,8130.38,8.4299,0.03,394,2388,100.0,38.75,23.3884
43,91,0.0026,-0.0002,100.0,518.67,642.33,1585.89,1406.63,14.62,21.61,553.51,2388.07,9054.55,1.3,47.42,521.45,2388.09,8132.97,8.4599,0.03,392,2388,100.0,38.68,23.3396
43,92,-0.0007,0.0002,100.0,518.67,643.02,1592.73,1399.17,14.62,21.61,553.42,2388.08,9048.94,1.3,47.49,521.68,2388.1,8127.33,8.4078,0.03,394,2388,100.0,38.83,23.2953
43,93,0.0002,-0.0003,100.0,518.67,642.21,1584.63,1409.32,14.62,21.61,554.28,2388.06,9053.57,1.3,47.49,521.72,2388.05,8127.37,8.4171,0.03,394,2388,100.0,38.92,23.4092
43,94,-0.0009,-0.0,100.0,518.67,642.29,1587.88,1408.96,14.62,21.61,553.41,2388.14,9054.55,1.3,47.43,521.75,2388.04,8136.17,8.4191,0.03,393,2388,100.0,38.87,23.3273
43,95,0.0011,-0.0001,100.0,518.67,642.51,1585.33,1405.59,14.62,21.61,552.62,2388.06,9057.75,1.3,47.38,521.69,2388.08,8131.86,8.4562,0.03,394,2388,100.0,38.96,23.3519
43,96,-0.0035,0.0001,100.0,518.67,641.97,1579.26,1409.93,14.62,21.61,553.64,2388.09,9055.63,1.3,47.55,521.53,2388.09,8129.71,8.3779,0.03,393,2388,100.0,38.77,23.26
43,97,-0.0022,-0.0003,100.0,518.67,642.41,1579.74,1404.79,14.62,21.61,554.31,2388.08,9053.79,1.3,47.44,521.85,2388.12,8129.38,8.4108,0.03,392,2388,100.0,38.69,23.3387
43,98,-0.0006,-0.0,100.0,518.67,642.51,1584.28,1401.16,14.62,21.61,553.8,2388.1,9048.1,1.3,47.44,521.56,2388.05,8133.0,8.4289,0.03,393,2388,100.0,38.94,23.2946
43,99,0.0018,0.0,100.0,518.67,642.07,1580.08,1403.65,14.62,21.61,554.08,2388.07,9056.29,1.3,47.43,521.68,2388.09,8123.08,8.4339,0.03,392,2388,100.0,38.93,23.2399
43,100,0.0007,-0.0004,100.0,518.67,642.8,1586.64,1405.83,14.62,21.61,553.57,2388.14,9046.32,1.3,47.36,521.93,2388.12,8134.54,8.4361,0.03,392,2388,100.0,38.85,23.2836
43,101,0.0009,0.0002,100.0,518.67,642.46,1593.88,1401.71,14.62,21.61,553.43,2388.08,9058.61,1.3,47.46,521.6,2388.06,8127.9,8.4485,0.03,393,2388,100.0,38.77,23.364
43,102,-0.0009,-0.0001,100.0,518.67,642.32,1590.23,1401.13,14.62,21.61,553.06,2388.08,9049.63,1.3,47.5,521.36,2388.11,8135.83,8.4547,0.03,394,2388,100.0,38.78,23.4054
43,103,0.0035,-0.0002,100.0,518.67,642.19,1589.2,1401.35,14.62,21.61,554.36,2388.11,9054.96,1.3,47.33,521.66,2388.06,8138.47,8.4168,0.03,392,2388,100.0,38.89,23.3525
43,104,0.0024,-0.0001,100.0,518.67,643.29,1594.23,1403.16,14.62,21.61,553.34,2388.06,9053.62,1.3,47.58,521.39,2388.04,8129.03,8.4147,0.03,393,2388,100.0,38.83,23.3182
43,105,-0.0011,0.0004,100.0,518.67,642.15,1592.22,1413.42,14.62,21.61,554.36,2388.13,9046.58,1.3,47.59,521.03,2388.09,8130.42,8.4203,0.03,392,2388,100.0,38.84,23.2668
43,106,0.0002,0.0001,100.0,518.67,642.64,1592.11,1407.08,14.62,21.61,554.12,2388.14,9054.27,1.3,47.62,521.21,2388.11,8130.73,8.4749,0.03,395,2388,100.0,38.75,23.3831
43,107,-0.0024,-0.0005,100.0,518.67,642.24,1592.74,1407.38,14.62,21.61,553.45,2388.08,9046.87,1.3,47.49,521.08,2388.11,8128.97,8.4213,0.03,391,2388,100.0,38.8,23.3519
43,108,0.0019,-0.0002,100.0,518.67,642.5,1583.13,1403.49,14.62,21.61,554.18,2388.06,9049.12,1.3,47.58,522.09,2388.08,8132.43,8.4188,0.03,393,2388,100.0,38.89,23.3483
43,109,0.0014,0.0003,100.0,518.67,642.45,1586.97,1410.99,14.62,21.61,553.63,2388.09,9051.37,1.3,47.28,521.94,2388.15,8130.16,8.4246,0.03,392,2388,100.0,38.69,23.2118
43,110,-0.0016,-0.0001,100.0,518.67,642.77,1591.48,1404.81,14.62,21.61,553.25,2388.12,9049.42,1.3,47.53,520.85,2388.04,8132.09,8.4017,0.03,393,2388,100.0,38.86,23.2726
43,111,0.0018,-0.0001,100.0,518.67,642.32,1585.88,1408.7,14.62,21.61,554.15,2388.05,9049.48,1.3,47.51,521.3,2388.12,8128.02,8.4757,0.03,393,2388,100.0,38.74,23.2983
43,112,0.003,0.0001,100.0,518.67,642.27,1594.21,1402.75,14.62,21.61,552.98,2388.12,9058.92,1.3,47.43,522.11,2388.03,8130.76,8.4401,0.03,392,2388,100.0,38.85,23.3339
43,113,0.0001,-0.0,100.0,518.67,642.48,1590.7,1406.21,14.62,21.61,553.64,2388.08,9057.1,1.3,47.45,521.79,2388.1,8132.78,8.4494,0.03,393,2388,100.0,38.91,23.4055
43,114,-0.0021,-0.0005,100.0,518.67,642.94,1589.83,1401.74,14.62,21.61,553.66,2388.08,9044.68,1.3,47.56,521.53,2388.11,8128.8,8.446,0.03,392,2388,100.0,38.9,23.3111
43,115,-0.0006,-0.0001,100.0,518.67,642.82,1585.7,1401.79,14.62,21.61,553.29,2388.07,9051.3,1.3,47.5,521.52,2388.09,8139.16,8.4273,0.03,392,2388,100.0,38.84,23.3612
43,116,0.0007,0.0004,100.0,518.67,642.24,1592.33,1413.06,14.62,21.61,553.52,2388.06,9053.03,1.3,47.37,521.35,2388.08,8134.18,8.4495,0.03,393,2388,100.0,38.81,23.3781
43,117,-0.0008,0.0002,100.0,518.67,642.19,1594.95,1410.53,14.62,21.61,554.16,2388.06,9054.29,1.3,47.57,521.48,2388.14,8134.33,8.4186,0.03,395,2388,100.0,38.85,23.3177
43,118,0.0078,-0.0004,100.0,518.67,642.42,1584.52,1407.51,14.62,21.61,552.85,2388.16,9057.33,1.3,47.43,521.98,2388.14,8132.76,8.4039,0.03,392,2388,100.0,38.71,23.3501
43,119,0.0005,0.0002,100.0,518.67,642.55,1590.51,1401.01,14.62,21.61,553.43,2388.08,9054.84,1.3,47.61,521.24,2388.05,8132.18,8.4638,0.03,392,2388,100.0,38.76,23.2745
43,120,0.0024,0.0004,100.0,518.67,641.94,1587.19,1400.88,14.62,21.61,553.83,2388.03,9047.58,1.3,47.35,521.31,2388.09,8133.44,8.4201,0.03,393,2388,100.0,38.97,23.3945
43,121,0.0006,-0.0004,100.0,518.67,642.53,1582.2,1409.97,14.62,21.61,554.14,2388.12,9053.32,1.3,47.52,521.57,2388.1,8129.49,8.4389,0.03,394,2388,100.0,39.08,23.3275
43,122,-0.0007,-0.0002,100.0,518.67,643.27,1580.94,1402.87,14.62,21.61,552.94,2388.09,9052.8,1.3,47.46,521.61,2388.1,8134.59,8.4581,0.03,393,2388,100.0,38.88,23.3346
43,123,0.0026,0.0001,100.0,518.67,642.66,1582.44,1409.75,14.62,21.61,553.75,2388.1,9056.6,1.3,47.5,521.78,2388.04,8131.67,8.4149,0.03,393,2388,100.0,38.9,23.3282
43,124,-0.0008,-0.0002,100.0,518.67,642.46,1592.26,1408.55,14.62,21.61,553.16,2388.04,9050.12,1.3,47.55,521.99,2388.12,8133.77,8.4517,0.03,392,2388,100.0,38.78,23.3143
43,125,-0.0002,-0.0003,100.0,518.67,642.3,1594.65,1392.55,14.62,21.61,554.38,2388.08,9049.4,1.3,47.4,521.46,2388.09,8135.32,8.4247,0.03,393,2388,100.0,38.91,23.3787
43,126,0.0011,0.0003,100.0,518.67,642.34,1584.0,1410.71,14.62,21.61,553.43,2388.08,9047.76,1.3,47.58,521.36,2388.1,8130.35,8.4307,0.03,393,2388,100.0,38.92,23.3102
43,127,-0.0007,0.0005,100.0,518.67,642.8,1595.01,1411.56,14.62,21.61,553.86,2388.12,9049.55,1.3,47.63,521.21,2388.1,8134.49,8.4496,0.03,394,2388,100.0,38.9,23.392
43,128,0.0034,-0.0003,100.0,518.67,641.93,1589.66,1408.21,14.62,21.61,552.85,2388.1,9066.41,1.3,47.38,521.69,2388.06,8132.92,8.4398,0.03,394,2388,100.0,38.93,23.2156
43,129,-0.0006,-0.0004,100.0,518.67,642.93,1589.55,1408.38,14.62,21.61,553.23,2388.05,9052.88,1.3,47.52,521.82,2388.15,8139.8,8.4567,0.03,393,2388,100.0,38.73,23.2462
43,130,0.0001,-0.0003,100.0,518.67,642.35,1593.86,1409.65,14.62,21.61,553.59,2388.13,9062.96,1.3,47.53,521.63,2388.12,8132.5,8.4405,0.03,395,2388,100.0,38.77,23.3241
43,131,0.0007,-0.0003,100.0,518.67,642.38,1590.73,1409.61,14.62,21.61,553.93,2388.12,9049.77,1.3,47.33,521.33,2388.14,8130.52,8.4604,0.03,393,2388,100.0,38.96,23.3518
43,132,0.0021,0.0004,100.0,518.67,642.54,1589.22,1400.81,14.62,21.61,553.61,2388.1,9063.11,1.3,47.47,521.68,2388.12,8131.14,8.4272,0.03,392,2388,100.0,38.85,23.2343
43,133,-0.0031,0.0004,100.0,518.67,641.94,1597.81,1409.19,14.62,21.61,553.8,2388.06,9052.11,1.3,47.54,521.24,2388.1,8131.23,8.3971,0.03,394,2388,100.0,38.95,23.3345
43,134,-0.0002,-0.0001,100.0,518.67,642.67,1592.21,1403.24,14.62,21.61,553.64,2388.09,9056.68,1.3,47.46,520.72,2388.07,8133.03,8.4359,0.03,394,2388,100.0,38.84,23.3169
43,135,-0.0027,0.0001,100.0,518.67,642.15,1590.4,1410.3,14.62,21.61,553.29,2388.13,9053.5,1.3,47.57,521.6,2388.19,8128.11,8.3986,0.03,392,2388,100.0,38.8,23.3243
43,136,0.0029,0.0001,100.0,518.67,642.78,1591.55,1407.1,14.62,21.61,553.51,2388.09,9059.57,1.3,47.31,521.35,2388.13,8133.89,8.443,0.03,392,2388,100.0,38.86,23.3048
43,137,-0.0018,0.0001,100.0,518.67,643.12,1583.96,1399.11,14.62,21.61,553.54,2388.1,9052.91,1.3,47.39,521.72,2388.1,8138.42,8.398,0.03,393,2388,100.0,38.73,23.4351
43,138,-0.0008,0.0002,100.0,518.67,642.51,1591.85,1408.56,14.62,21.61,554.07,2388.08,9057.97,1.3,47.61,521.52,2388.09,8129.39,8.4623,0.03,393,2388,100.0,38.92,23.2904
43,139,-0.0029,-0.0004,100.0,518.67,642.88,1586.83,1406.16,14.62,21.61,553.49,2388.09,9056.16,1.3,47.66,521.51,2388.13,8134.56,8.4653,0.03,395,2388,100.0,38.8,23.326
43,140,0.0018,-0.0002,100.0,518.67,642.26,1595.19,1412.4,14.62,21.61,552.96,2388.09,9050.46,1.3,47.54,521.15,2388.11,8130.75,8.4243,0.03,391,2388,100.0,38.83,23.1952
43,141,0.002,0.0004,100.0,518.67,642.24,1591.42,1410.22,14.62,21.61,553.51,2388.07,9057.93,1.3,47.58,521.1,2388.07,8131.65,8.4668,0.03,394,2388,100.0,38.8,23.3572
43,142,-0.0009,-0.0001,100.0,518.67,642.24,1585.12,1408.07,14.62,21.61,553.29,2388.07,9055.28,1.3,47.44,521.54,2388.06,8131.34,8.4533,0.03,392,2388,100.0,38.97,23.3138
43,143,-0.0016,-0.0002,100.0,518.67,642.89,1587.23,1408.64,14.62,21.61,553.69,2388.1,9056.82,1.3,47.53,521.15,2388.12,8136.48,8.4329,0.03,393,2388,100.0,38.86,23.1779
43,144,0.0001,-0.0001,100.0,518.67,642.87,1593.68,1404.02,14.62,21.61,553.29,2388.09,9050.72,1.3,47.71,521.28,2388.1,8135.38,8.429,0.03,394,2388,100.0,38.91,23.3796
43,145,0.0001,-0.0003,100.0,518.67,642.43,1587.21,1408.13,14.62,21.61,552.56,2388.13,9052.17,1.3,47.6,521.43,2388.14,8137.42,8.4496,0.03,394,2388,100.0,38.8,23.2779
43,146,-0.0018,0.0,100.0,518.67,642.16,1589.06,1413.38,14.62,21.61,553.42,2388.1,9063.72,1.3,47.47,521.75,2388.1,8134.4,8.4209,0.03,394,2388,100.0,38.67,23.2789
43,147,0.0006,0.0002,100.0,518.67,642.41,1589.88,1402.31,14.62,21.61,553.57,2388.14,9050.75,1.3,47.55,521.18,2388.08,8137.25,8.4421,0.03,394,2388,100.0,38.92,23.2672
43,148,-0.0013,-0.0004,100.0,518.67,642.87,1591.92,1408.33,14.62,21.61,553.09,2388.11,9052.92,1.3,47.66,521.37,2388.15,8138.46,8.4339,0.03,392,2388,100.0,38.72,23.217
43,149,0.0016,-0.0003,100.0,518.67,642.96,1590.2,1417.0,14.62,21.61,553.73,2388.11,9049.3,1.3,47.59,521.77,2388.05,8137.74,8.4181,0.03,394,2388,100.0,38.77,23.2416
43,150,-0.0008,0.0004,100.0,518.67,642.84,1589.07,1411.31,14.62,21.61,552.83,2388.15,9047.24,1.3,47.2,521.27,2388.16,8129.38,8.4379,0.03,394,2388,100.0,39.01,23.3172
43,151,0.0034,-0.0004,100.0,518.67,643.13,1591.29,1406.72,14.62,21.61,553.56,2388.07,9059.19,1.3,47.5,521.4,2388.12,8134.68,8.4664,0.03,393,2388,100.0,38.86,23.2073
43,152,0.0,0.0004,100.0,518.67,642.38,1590.98,1403.62,14.62,21.61,553.62,2388.12,9058.22,1.3,47.48,521.67,2388.15,8133.15,8.4255,0.03,394,2388,100.0,38.85,23.3006
43,153,0.0019,-0.0004,100.0,518.67,642.35,1590.84,1408.4,14.62,21.61,552.69,2388.13,9050.65,1.3,47.6,521.06,2388.1,8133.45,8.4627,0.03,394,2388,100.0,38.75,23.3893
43,154,0.0004,-0.0001,100.0,518.67,642.86,1585.13,1407.06,14.62,21.61,553.2,2388.12,9057.35,1.3,47.5,521.16,2388.13,8131.46,8.4521,0.03,393,2388,100.0,38.7,23.2727
43,155,0.0022,0.0005,100.0,518.67,642.67,1582.28,1408.94,14.62,21.61,553.54,2388.15,9046.63,1.3,47.34,521.17,2388.14,8134.67,8.4698,0.03,393,2388,100.0,38.85,23.3014
43,156,0.0025,-0.0004,100.0,518.67,642.88,1598.63,1416.14,14.62,21.61,553.92,2388.14,9054.07,1.3,47.51,520.64,2388.17,8130.56,8.4592,0.03,393,2388,100.0,38.9,23.3084
43,157,-0.0015,-0.0005,100.0,518.67,642.8,1590.06,1407.9,14.62,21.61,552.9,2388.12,9052.38,1.3,47.55,521.51,2388.12,8141.74,8.4437,0.03,393,2388,100.0,38.73,23.3416
43,158,-0.0027,0.0002,100.0,518.67,642.41,1592.22,1405.54,14.62,21.61,553.17,2388.17,9049.71,1.3,47.65,521.59,2388.12,8136.31,8.4276,0.03,392,2388,100.0,38.75,23.2063
43,159,-0.0044,0.0003,100.0,518.67,643.03,1588.75,1412.97,14.62,21.61,552.78,2388.16,9055.62,1.3,47.51,521.31,2388.1,8135.42,8.4238,0.03,394,2388,100.0,38.79,23.2225
43,160,-0.0037,-0.0004,100.0,518.67,642.78,1592.88,1405.77,14.62,21.61,553.5,2388.12,9058.75,1.3,47.57,521.41,2388.11,8127.83,8.479,0.03,395,2388,100.0,38.96,23.3252
43,161,-0.0014,-0.0001,100.0,518.67,642.92,1599.12,1405.52,14.62,21.61,553.98,2388.07,9058.41,1.3,47.51,521.64,2388.12,8131.49,8.4622,0.03,393,2388,100.0,38.76,23.3485
43,162,-0.003,-0.0003,100.0,518.67,642.77,1590.87,1415.71,14.62,21.61,552.93,2388.15,9062.54,1.3,47.64,520.99,2388.15,8132.94,8.4504,0.03,393,2388,100.0,38.75,23.3531
43,163,-0.002,-0.0001,100.0,518.67,643.01,1591.54,1413.37,14.62,21.61,552.9,2388.16,9053.15,1.3,47.47,521.25,2388.15,8137.78,8.4236,0.03,392,2388,100.0,38.86,23.3307
43,164,-0.0019,-0.0002,100.0,518.67,642.61,1589.14,1405.83,14.62,21.61,552.99,2388.1,9058.89,1.3,47.62,520.95,2388.14,8133.73,8.4577,0.03,394,2388,100.0,38.96,23.2173
43,165,-0.005,-0.0002,100.0,518.67,642.52,1591.44,1414.62,14.62,21.61,553.19,2388.15,9052.18,1.3,47.62,521.26,2388.08,8139.34,8.4471,0.03,394,2388,100.0,38.77,23.2884
43,166,-0.0005,0.0004,100.0,518.67,642.99,1589.7,1411.24,14.62,21.61,553.71,2388.12,9064.03,1.3,47.5,521.06,2388.13,8133.04,8.4417,0.03,395,2388,100.0,38.75,23.2113
43,167,-0.0009,0.0004,100.0,518.67,642.77,1589.09,1404.36,14.62,21.61,553.04,2388.1,9058.64,1.3,47.77,520.74,2388.19,8134.36,8.4827,0.03,393,2388,100.0,38.75,23.2543
43,168,0.0044,-0.0004,100.0,518.67,642.69,1592.9,1416.12,14.62,21.61,552.61,2388.11,9056.6,1.3,47.63,521.36,2388.09,8131.3,8.4421,0.03,395,2388,100.0,38.98,23.2656
43,169,0.0032,0.0002,100.0,518.67,643.72,1593.02,1413.12,14.62,21.61,553.82,2388.16,9059.07,1.3,47.67,521.36,2388.13,8136.22,8.4464,0.03,394,2388,100.0,38.75,23.3574
43,170,0.0025,-0.0002,100.0,518.67,643.08,1590.23,1407.72,14.62,21.61,552.91,2388.12,9057.01,1.3,47.85,521.09,2388.12,8134.67,8.4296,0.03,394,2388,100.0,38.7,23.2871
43,171,0.001,-0.0004,100.0,518.67,642.93,1588.66,1407.78,14.62,21.61,553.42,2388.1,9054.36,1.3,47.64,521.51,2388.15,8133.83,8.4709,0.03,395,2388,100.0,38.84,23.1554
43,172,-0.003,0.0003,100.0,518.67,642.77,1594.19,1418.4,14.62,21.61,552.25,2388.13,9052.93,1.3,47.6,520.86,2388.16,8135.46,8.4456,0.03,394,2388,100.0,38.63,23.2379
48,1,-0.0023,0.0002,100.0,518.67,642.64,1584.29,1404.3,14.62,21.61,553.73,2388.08,9056.86,1.3,47.45,522.54,2388.07,8134.35,8.4238,0.03,394,2388,100.0,38.96,23.3472
48,2,-0.0004,0.0004,100.0,518.67,642.41,1590.02,1403.17,14.62,21.61,554.15,2388.07,9064.37,1.3,47.35,521.93,2388.06,8133.06,8.425,0.03,392,2388,100.0,38.93,23.3789
48,3,-0.0042,-0.0003,100.0,518.67,642.29,1593.27,1406.17,14.62,21.61,553.86,2388.09,9061.27,1.3,47.42,522.0,2388.03,8134.4,8.4084,0.03,393,2388,100.0,39.1,23.2441
48,4,0.0028,0.0001,100.0,518.67,641.99,1594.32,1406.59,14.62,21.61,553.93,2388.05,9056.84,1.3,47.34,521.86,2388.08,8132.38,8.4248,0.03,395,2388,100.0,38.91,23.353
48,5,0.0002,0.0002,100.0,518.67,642.69,1584.04,1400.93,14.62,21.61,554.04,2388.09,9055.16,1.3,47.43,521.78,2388.09,8134.0,8.4027,0.03,392,2388,100.0,38.81,23.3257
48,6,-0.0001,-0.0003,100.0,518.67,642.66,1579.22,1403.14,14.62,21.61,553.77,2388.06,9055.81,1.3,47.35,522.06,2388.1,8136.23,8.3915,0.03,393,2388,100.0,38.89,23.4511
48,7,0.0017,0.0004,100.0,518.67,642.52,1592.32,1404.96,14.62,21.61,553.85,2388.01,9063.83,1.3,47.47,521.52,2388.08,8138.2,8.4353,0.03,393,2388,100.0,39.1,23.3918
48,8,0.0007,-0.0003,100.0,518.67,642.62,1583.91,1397.0,14.62,21.61,553.56,2388.11,9055.04,1.3,47.36,521.85,2387.99,8135.3,8.3874,0.03,393,2388,100.0,39.0,23.3677
48,9,-0.0048,0.0003,100.0,518.67,641.87,1589.65,1403.68,14.62,21.61,553.11,2388.11,9053.04,1.3,47.42,521.92,2388.06,8136.55,8.4063,0.03,392,2388,100.0,38.93,23.2057
48,10,0.0017,0.0001,100.0,518.67,642.5,1593.23,1398.93,14.62,21.61,553.5,2388.06,9049.98,1.3,47.18,521.66,2388.08,8136.13,8.4177,0.03,393,2388,100.0,38.82,23.3852
48,11,0.0021,-0.0003,100.0,518.67,642.87,1595.33,1403.94,14.62,21.61,553.6,2388.09,9056.0,1.3,47.35,521.56,2388.12,8134.82,8.4082,0.03,392,2388,100.0,38.9,23.4065
48,12,-0.0002,-0.0003,100.0,518.67,642.51,1592.88,1408.64,14.62,21.61,554.22,2388.06,9053.82,1.3,47.42,521.63,2388.08,8134.89,8.4677,0.03,393,2388,100.0,39.1,23.289
48,13,-0.0012,-0.0001,100.0,518.67,642.41,1583.51,1400.81,14.62,21.61,553.69,2388.1,9052.17,1.3,47.5,521.91,2388.06,8132.04,8.4268,0.03,393,2388,100.0,38.82,23.3648
48,14,-0.0019,-0.0003,100.0,518.67,642.38,1589.72,1401.37,14.62,21.61,553.38,2388.06,9052.25,1.3,47.46,521.49,2388.09,8134.22,8.4141,0.03,392,2388,100.0,39.04,23.3559
48,15,-0.0016,0.0003,100.0,518.67,642.84,1593.81,1404.57,14.62,21.61,553.45,2388.02,9057.83,1.3,47.41,521.71,2388.01,8140.42,8.3994,0.03,392,2388,100.0,38.84,23.2912
48,16,0.0004,0.0004,100.0,518.67,642.8,1589.76,1406.32,14.62,21.61,554.52,2388.05,9055.04,1.3,47.34,521.78,2388.04,8137.03,8.4377,0.03,393,2388,100.0,38.75,23.31
48,17,-0.0024,-0.0,100.0,518.67,642.15,1585.75,1405.0,14.62,21.61,553.37,2388.1,9048.11,1.3,47.28,522.04,2388.07,8136.2,8.4521,0.03,391,2388,100.0,39.16,23.2695
48,18,0.0021,0.0,100.0,518.67,642.36,1585.19,1398.17,14.62,21.61,553.41,2388.09,9052.96,1.3,47.46,521.28,2388.07,8128.84,8.4452,0.03,393,2388,100.0,38.92,23.4756
48,19,-0.0024,-0.0002,100.0,518.67,642.32,1586.7,1407.42,14.62,21.61,553.66,2388.08,9049.37,1.3,47.58,521.2,2388.07,8138.18,8.4218,0.03,394,2388,100.0,38.92,23.3748
48,20,-0.0019,0.0,100.0,518.67,642.53,1590.69,1402.93,14.62,21.6,554.48,2388.04,9060.67,1.3,47.48,522.33,2388.01,8137.39,8.4429,0.03,392,2388,100.0,38.77,23.3584
48,21,-0.0021,-0.0002,100.0,518.67,642.19,1588.9,1393.37,14.62,21.61,554.05,2388.13,9056.29,1.3,47.31,521.94,2388.0,8138.85,8.409,0.03,392,2388,100.0,39.04,23.3345
48,22,-0.0035,-0.0004,100.0,518.67,642.72,1588.08,1407.04,14.62,21.61,553.68,2388.1,9056.93,1.3,47.43,522.13,2388.09,8136.74,8.4049,0.03,393,2388,100.0,38.95,23.2762
48,23,0.0007,0.0004,100.0,518.67,642.46,1587.75,1408.8,14.62,21.61,554.07,2388.12,9054.72,1.3,47.49,522.12,2388.1,8134.89,8.4413,0.03,391,2388,100.0,38.79,23.2027
48,24,0.0048,-0.0002,100.0,518.67,642.76,1591.94,1407.39,14.62,21.61,553.51,2388.05,9056.45,1.3,47.51,522.14,2388.07,8136.47,8.3649,0.03,391,2388,100.0,38.86,23.2807
48,25,-0.0037,-0.0003,100.0,518.67,642.24,1588.27,1403.64,14.62,21.61,554.57,2388.12,9063.7,1.3,47.32,521.84,2388.1,8131.97,8.4173,0.03,393,2388,100.0,38.93,23.2765
48,26,0.0006,0.0004,100.0,518.67,642.5,1586.68,1406.8,14.62,21.61,554.13,2388.12,9049.97,1.3,47.38,521.71,2388.08,8135.25,8.4536,0.03,393,2388,100.0,38.88,23.3801
48,27,0.0004,0.0002,100.0,518.67,642.43,1585.33,1405.66,14.62,21.61,554.02,2388.06,9058.98,1.3,47.38,521.59,2388.1,8138.7,8.4146,0.03,393,2388,100.0,38.98,23.3419
48,28,0.0017,-0.0,100.0,518.67,642.81,1585.06,1403.7,14.62,21.61,554.13,2388.03,9057.42,1.3,47.44,521.66,2388.07,8140.63,8.4034,0.03,392,2388,100.0,39.02,23.3019
48,29,-0.0019,0.0002,100.0,518.67,642.98,1596.13,1404.19,14.62,21.61,553.33,2388.08,9059.96,1.3,47.5,521.63,2388.04,8139.6,8.4082,0.03,393,2388,100.0,38.96,23.3752
48,30,0.0011,0.0002,100.0,518.67,643.12,1588.65,1407.93,14.62,21.61,553.58,2388.06,9054.66,1.3,47.54,521.89,2388.05,8139.22,8.4117,0.03,394,2388,100.0,39.08,23.3202
48,31,0.0011,0.0003,100.0,518.67,642.64,1591.06,1407.07,14.62,21.61,554.29,2388.06,9051.78,1.3,47.38,521.83,2388.04,8135.27,8.445,0.03,391,2388,100.0,38.83,23.4902
48,32,0.0014,0.0002,100.0,518.67,641.88,1584.64,1407.36,14.62,21.61,553.85,2388.09,9057.71,1.3,47.41,521.43,2388.05,8142.41,8.405,0.03,393,2388,100.0,38.82,23.3166
48,33,-0.0004,-0.0004,100.0,518.67,641.99,1595.06,1403.77,14.62,21.61,554.0,2388.04,9054.72,1.3,47.47,522.0,2388.11,8137.01,8.4199,0.03,391,2388,100.0,38.83,23.3629
48,34,0.0023,0.0002,100.0,518.67,642.54,1585.8,1402.38,14.62,21.61,553.5,2388.08,9053.18,1.3,47.36,521.58,2388.12,8137.87,8.4262,0.03,392,2388,100.0,38.91,23.4422
48,35,0.0014,0.0003,100.0,518.67,642.91,1592.72,1402.18,14.62,21.61,553.94,2388.06,9055.26,1.3,47.55,521.24,2388.04,8125.43,8.4111,0.03,395,2388,100.0,39.08,23.3606
48,36,0.0013,-0.0004,100.0,518.67,642.56,1587.79,1400.04,14.62,21.61,553.8,2388.1,9053.24,1.3,47.47,522.15,2388.1,8136.09,8.4232,0.03,394,2388,100.0,38.73,23.2003
48,37,-0.0027,0.0003,100.0,518.67,642.55,1582.37,1404.21,14.62,21.61,553.03,2388.09,9062.1,1.3,47.48,521.64,2388.04,8133.31,8.4275,0.03,394,2388,100.0,39.02,23.3643
48,38,0.0022,0.0004,100.0,518.67,642.78,1587.41,1410.8,14.62,21.61,554.54,2388.03,9050.95,1.3,47.39,522.01,2388.13,8140.44,8.4244,0.03,393,2388,100.0,38.9,23.2974
48,39,-0.0,-0.0002,100.0,518.67,642.58,1582.37,1404.16,14.62,21.61,554.43,2388.07,9055.41,1.3,47.29,521.59,2388.05,8142.1,8.4286,0.03,392,2388,100.0,38.83,23.343
48,40,0.0,-0.0001,100.0,518.67,642.43,1594.55,1401.18,14.62,21.61,553.21,2388.1,9048.45,1.3,47.43,522.16,2388.07,8133.9,8.414,0.03,394,2388,100.0,38.6,23.3014
48,41,-0.0016,-0.0001,100.0,518.67,642.34,1588.42,1405.34,14.62,21.61,553.45,2388.05,9056.64,1.3,47.43,521.79,2388.12,8134.6,8.406,0.03,392,2388,100.0,39.08,23.3228
48,42,0.0014,0.0004,100.0,518.67,642.12,1584.35,1400.72,14.62,21.61,553.94,2388.06,9057.34,1.3,47.18,521.73,2388.1,8135.83,8.4066,0.03,393,2388,100.0,38.85,23.2769
48,43,0.0023,0.0001,100.0,518.67,642.82,1590.39,1404.84,14.62,21.61,553.7,2388.06,9050.49,1.3,47.43,521.64,2388.01,8138.39,8.4043,0.03,395,2388,100.0,39.02,23.2479
48,44,0.0031,-0.0002,100.0,518.67,643.25,1586.22,1407.48,14.62,21.61,553.14,2388.05,9062.75,1.3,47.46,521.67,2388.08,8143.32,8.4216,0.03,392,2388,100.0,38.86,23.2615
48,45,0.0006,-0.0001,100.0,518.67,642.31,1584.61,1407.13,14.62,21.61,553.9,2388.08,9047.61,1.3,47.33,521.75,2388.05,8134.98,8.443,0.03,392,2388,100.0,38.76,23.4069
48,46,-0.0029,-0.0002,100.0,518.67,642.66,1588.16,1406.7,14.62,21.61,554.11,2388.05,9053.53,1.3,47.33,521.66,2388.06,8145.5,8.4064,0.03,390,2388,100.0,38.82,23.31
48,47,0.0015,-0.0002,100.0,518.67,642.4,1586.28,1406.16,14.62,21.61,553.44,2388.04,9052.58,1.3,47.55,522.28,2388.05,8137.26,8.4376,0.03,391,2388,100.0,39.0,23.2732
48,48,0.0005,-0.0002,100.0,518.67,642.67,1594.55,1406.85,14.62,21.61,553.48,2388.1,9062.2,1.3,47.3,521.7,2388.11,8138.96,8.4298,0.03,392,2388,100.0,38.86,23.2956
48,49,0.0001,-0.0004,100.0,518.67,642.21,1591.39,1406.0,14.62,21.61,553.54,2388.09,9053.94,1.3,47.43,521.5,2388.06,8138.84,8.4461,0.03,392,2388,100.0,38.72,23.4505
48,50,0.0013,-0.0002,100.0,518.67,642.29,1592.83,1407.24,14.62,21.61,553.77,2388.12,9054.9,1.3,47.65,521.33,2388.08,8138.56,8.4397,0.03,392,2388,100.0,38.94,23.2928
48,51,-0.0013,-0.0,100.0,518.67,642.42,1583.16,1407.0,14.62,21.61,553.27,2388.11,9050.16,1.3,47.33,521.29,2388.1,8136.13,8.4205,0.03,392,2388,100.0,38.85,23.389
48,52,0.0004,0.0004,100.0,518.67,641.77,1586.08,1407.04,14.62,21.61,553.66,2388.04,9054.56,1.3,47.4,521.94,2388.05,8139.22,8.4256,0.03,394,2388,100.0,38.83,23.4232
48,53,0.0002,0.0002,100.0,518.67,642.66,1584.54,1408.85,14.62,21.61,553.0,2388.06,9050.28,1.3,47.33,521.51,2388.04,8139.55,8.4352,0.03,394,2388,100.0,38.79,23.399
48,54,0.0019,-0.0002,100.0,518.67,642.18,1586.17,1404.8,14.62,21.61,552.92,2388.08,9051.41,1.3,47.47,521.51,2388.07,8139.24,8.3946,0.03,391,2388,100.0,38.89,23.4212
48,55,-0.0026,-0.0003,100.0,518.67,642.42,1593.08,1410.78,14.62,21.61,553.89,2388.08,9053.83,1.3,47.32,521.72,2388.03,8135.52,8.423,0.03,393,2388,100.0,38.89,23.2939
48,56,-0.0013,0.0001,100.0,518.67,642.5,1588.68,1410.95,14.62,21.61,553.78,2388.07,9057.9,1.3,47.35,521.38,2388.06,8134.14,8.4301,0.03,392,2388,100.0,38.9,23.3984
48,57,-0.0023,0.0002,100.0,518.67,642.37,1589.5,1407.9,14.62,21.61,553.45,2388.06,9057.96,1.3,47.32,522.05,2388.15,8131.19,8.3991,0.03,394,2388,100.0,38.98,23.3791
48,58,0.0004,0.0003,100.0,518.67,642.44,1591.27,1404.88,14.62,21.61,553.64,2388.1,9058.02,1.3,47.3,521.45,2388.09,8140.93,8.3684,0.03,394,2388,100.0,39.02,23.3422
48,59,0.0019,-0.0001,100.0,518.67,642.92,1585.81,1410.44,14.62,21.61,553.79,2388.06,9058.44,1.3,47.43,521.95,2388.04,8138.94,8.4472,0.03,394,2388,100.0,38.86,23.366
48,60,-0.0024,0.0004,100.0,518.67,642.41,1586.31,1405.1,14.62,21.61,553.28,2388.01,9060.0,1.3,47.58,521.64,2388.05,8134.87,8.3773,0.03,391,2388,100.0,38.88,23.3861
48,61,0.0014,0.0003,100.0,518.67,642.54,1586.01,1405.09,14.62,21.61,553.49,2388.09,9055.16,1.3,47.41,521.57,2388.09,8135.16,8.4593,0.03,394,2388,100.0,38.74,23.3934
48,62,0.0023,0.0001,100.0,518.67,643.09,1590.19,1403.01,14.62,21.61,554.02,2388.09,9056.19,1.3,47.47,521.61,2388.04,8139.61,8.4535,0.03,392,2388,100.0,38.78,23.3195
48,63,-0.0027,0.0003,100.0,518.67,642.65,1585.89,1405.99,14.62,21.61,553.98,2388.08,9057.77,1.3,47.57,521.55,2388.01,8140.69,8.3886,0.03,393,2388,100.0,38.65,23.3864
48,64,-0.0022,0.0005,100.0,518.67,642.52,1583.73,1408.19,14.62,21.61,553.75,2388.07,9053.67,1.3,47.53,521.5,2388.12,8135.33,8.4498,0.03,391,2388,100.0,38.85,23.3288
48,65,-0.0002,0.0003,100.0,518.67,643.09,1593.91,1414.12,14.62,21.61,553.18,2388.12,9057.04,1.3,47.34,521.92,2388.11,8134.39,8.4043,0.03,392,2388,100.0,38.8,23.3316
48,66,-0.0006,-0.0003,100.0,518.67,642.47,1592.37,1405.26,14.62,21.61,554.38,2388.04,9049.97,1.3,47.5,521.57,2388.07,8140.69,8.4072,0.03,391,2388,100.0,38.86,23.3349
48,67,0.0017,-0.0001,100.0,518.67,642.55,1592.18,1404.71,14.62,21.61,554.16,2388.1,9057.36,1.3,47.22,521.82,2388.04,8132.87,8.4335,0.03,392,2388,100.0,38.78,23.356
48,68,-0.001,-0.0003,100.0,518.67,642.64,1594.42,1402.34,14.62,21.61,553.99,2388.1,9063.1,1.3,47.41,521.8,2388.11,8139.92,8.4273,0.03,393,2388,100.0,38.87,23.2789
48,69,0.0026,0.0001,100.0,518.67,642.68,1587.9,1409.07,14.62,21.61,553.63,2388.1,9048.97,1.3,47.4,521.61,2388.05,8131.1,8.4515,0.03,393,2388,100.0,38.97,23.3753
48,70,0.0012,0.0005,100.0,518.67,641.9,1585.6,1407.27,14.62,21.61,554.01,2388.1,9057.48,1.3,47.5,521.87,2388.09,8132.41,8.4278,0.03,392,2388,100.0,38.8,23.2931
48,71,-0.0014,-0.0005,100.0,518.67,642.93,1585.8,1402.32,14.62,21.61,553.79,2388.08,9055.47,1.3,47.41,521.3,2388.09,8136.82,8.4382,0.03,394,2388,100.0,38.94,23.3035
48,72,0.0021,0.0001,100.0,518.67,642.52,1595.11,1408.87,14.62,21.61,553.82,2388.1,9055.32,1.3,47.59,520.92,2388.08,8136.08,8.431,0.03,393,2388,100.0,38.75,23.383
48,73,-0.0006,-0.0003,100.0,518.67,642.46,1588.51,1413.54,14.62,21.61,553.58,2388.12,9057.65,1.3,47.45,521.37,2388.08,8134.63,8.4399,0.03,392,2388,100.0,38.9,23.2727
48,74,0.0023,-0.0005,100.0,518.67,642.68,1591.85,1407.58,14.62,21.61,553.39,2388.07,9063.23,1.3,47.43,521.36,2388.11,8137.41,8.4324,0.03,393,2388,100.0,38.95,23.4046
48,75,-0.0019,0.0003,100.0,518.67,642.07,1591.2,1408.45,14.62,21.61,554.22,2388.08,9056.32,1.3,47.57,521.84,2388.12,8133.02,8.419,0.03,394,2388,100.0,38.87,23.2121
48,76,-0.0016,-0.0003,100.0,518.67,642.6,1590.31,1408.32,14.62,21.61,553.26,2388.07,9058.31,1.3,47.64,521.55,2388.04,8136.96,8.421,0.03,392,2388,100.0,38.95,23.3351
48,77,0.0019,0.0003,100.0,518.67,642.54,1590.89,1401.12,14.62,21.61,553.66,2388.09,9061.19,1.3,47.41,521.6,2388.12,8136.61,8.4311,0.03,392,2388,100.0,38.78,23.2713
48,78,0.0022,-0.0003,100.0,518.67,642.77,1591.34,1402.73,14.62,21.61,553.83,2388.1,9054.14,1.3,47.7,522.03,2388.15,8137.24,8.4515,0.03,393,2388,100.0,38.8,23.3238
50,1,0.0043,-0.0001,100.0,518.67,642.47,1578.98,1397.59,14.62,21.61,553.83,2388.02,9061.18,1.3,47.37,522.04,2388.07,8143.03,8.4187,0.03,392,2388,100.0,38.98,23.4162
50,2,0.0031,0.0002,100.0,518.67,642.38,1585.08,1400.74,14.62,21.61,554.26,2388.05,9059.53,1.3,47.35,521.45,2388.07,8139.32,8.4194,0.03,392,2388,100.0,39.02,23.4525
50,3,0.0041,-0.0,100.0,518.67,642.38,1585.41,1400.76,14.62,21.61,553.68,2388.05,9059.73,1.3,47.24,522.2,2388.03,8142.16,8.4061,0.03,392,2388,100.0,39.09,23.4031
50,4,0.0014,-0.0001,100.0,518.67,642.3,1580.2,1400.59,14.62,21.61,554.39,2388.02,9053.63,1.3,47.17,521.9,2388.02,8151.05,8.3833,0.03,392,2388,100.0,38.96,23.4181
50,5,-0.0016,-0.0001,100.0,518.67,642.36,1588.59,1407.71,14.62,21.61,554.44,2388.05,9066.96,1.3,47.33,522.47,2388.05,8144.06,8.4044,0.03,391,2388,100.0,38.9,23.4468
50,6,-0.0017,-0.0002,100.0,518.67,642.51,1583.83,1402.52,14.62,21.61,554.02,2388.05,9056.23,1.3,47.1,522.6,2388.04,8144.9,8.449,0.03,391,2388,100.0,38.8,23.4769
50,7,-0.0008,-0.0003,100.0,518.67,642.22,1588.01,1405.22,14.62,21.61,554.09,2388.04,9053.85,1.3,47.49,521.81,2388.01,8142.96,8.3957,0.03,392,2388,100.0,38.88,23.3837
50,8,-0.0006,-0.0005,100.0,518.67,642.33,1592.55,1403.43,14.62,21.61,553.43,2388.01,9066.11,1.3,47.18,521.59,2388.07,8141.55,8.4246,0.03,391,2388,100.0,39.03,23.487
50,9,0.0003,0.0001,100.0,518.67,642.22,1583.92,1397.45,14.62,21.61,554.24,2388.09,9063.28,1.3,47.34,522.35,2388.04,8144.34,8.4344,0.03,393,2388,100.0,39.02,23.333
50,10,-0.0005,-0.0001,100.0,518.67,642.66,1586.17,1399.06,14.62,21.61,554.04,2388.04,9064.25,1.3,47.26,522.23,2388.02,8134.78,8.416,0.03,392,2388,100.0,38.65,23.2422
50,11,0.0001,-0.0003,100.0,518.67,641.96,1586.29,1402.12,14.62,21.61,553.57,2388.06,9057.86,1.3,47.09,521.95,2388.09,8139.39,8.3931,0.03,390,2388,100.0,38.82,23.3623
50,12,-0.0013,0.0004,100.0,518.67,642.07,1586.38,1397.28,14.62,21.61,554.25,2388.05,9055.93,1.3,47.23,522.38,2388.06,8139.71,8.4012,0.03,392,2388,100.0,39.04,23.3816
50,13,0.0029,0.0001,100.0,518.67,642.51,1586.29,1399.29,14.62,21.61,554.21,2388.08,9062.61,1.3,47.25,522.54,2387.96,8144.37,8.4527,0.03,392,2388,100.0,38.88,23.4276
50,14,-0.0012,0.0005,100.0,518.67,642.51,1586.38,1397.17,14.62,21.61,553.43,2388.01,9058.31,1.3,47.24,521.98,2387.97,8141.79,8.4224,0.03,392,2388,100.0,38.93,23.4435
50,15,-0.0024,-0.0001,100.0,518.67,642.71,1593.17,1396.7,14.62,21.61,554.51,2388.01,9064.63,1.3,47.48,522.51,2388.02,8139.61,8.4344,0.03,391,2388,100.0,39.09,23.2253
50,16,-0.0003,0.0003,100.0,518.67,642.64,1585.93,1396.54,14.62,21.61,554.12,2387.99,9058.33,1.3,47.38,521.99,2388.02,8143.54,8.3911,0.03,394,2388,100.0,38.95,23.4107
50,17,-0.0026,0.0004,100.0,518.67,642.58,1590.88,1407.87,14.62,21.61,553.34,2388.07,9057.35,1.3,47.3,521.83,2388.04,8139.16,8.4093,0.03,393,2388,100.0,39.05,23.4338
50,18,0.0014,-0.0,100.0,518.67,641.91,1579.45,1400.7,14.62,21.61,554.63,2388.02,9066.21,1.3,47.25,521.94,2388.01,8143.97,8.4008,0.03,392,2388,100.0,39.14,23.2716
50,19,-0.0023,0.0,100.0,518.67,641.98,1584.54,1397.19,14.62,21.61,553.9,2388.03,9056.97,1.3,47.2,522.02,2388.04,8139.83,8.3948,0.03,392,2388,100.0,38.82,23.3901
50,20,0.0004,-0.0003,100.0,518.67,642.07,1588.84,1400.93,14.62,21.61,554.58,2388.05,9061.59,1.3,47.5,521.94,2388.07,8145.57,8.4021,0.03,392,2388,100.0,39.05,23.3668
50,21,-0.0001,-0.0001,100.0,518.67,642.4,1583.29,1399.73,14.62,21.61,554.35,2388.0,9063.07,1.3,47.24,522.18,2388.03,8137.98,8.4052,0.03,392,2388,100.0,38.99,23.3196
50,22,0.0037,0.0005,100.0,518.67,642.28,1588.64,1400.9,14.62,21.61,554.78,2387.96,9056.84,1.3,47.33,522.34,2388.09,8146.93,8.4136,0.03,392,2388,100.0,38.91,23.458
50,23,0.0003,-0.0004,100.0,518.67,641.86,1585.99,1401.4,14.62,21.61,554.1,2388.09,9062.48,1.3,47.32,521.86,2388.04,8141.75,8.387,0.03,395,2388,100.0,39.01,23.3527
50,24,0.0016,-0.0004,100.0,518.67,642.85,1586.54,1397.71,14.62,21.61,554.16,2388.08,9059.26,1.3,47.15,521.54,2388.07,8141.0,8.43,0.03,393,2388,100.0,39.03,23.3563
50,25,-0.0026,-0.0005,100.0,518.67,642.33,1585.13,1394.92,14.62,21.61,554.24,2388.0,9063.0,1.3,47.32,521.97,2387.98,8139.29,8.442,0.03,391,2388,100.0,39.02,23.3517
50,26,-0.0014,0.0002,100.0,518.67,642.1,1583.61,1407.72,14.62,21.61,553.85,2388.1,9063.89,1.3,47.41,521.75,2388.02,8138.02,8.4177,0.03,390,2388,100.0,38.78,23.4633
50,27,-0.0005,-0.0,100.0,518.67,642.19,1582.36,1396.93,14.62,21.61,553.96,2388.03,9072.1,1.3,47.32,522.4,2388.01,8144.11,8.37,0.03,392,2388,100.0,39.17,23.3401
50,28,-0.0025,0.0001,100.0,518.67,642.0,1592.18,1395.18,14.62,21.61,554.35,2388.06,9065.05,1.3,47.22,522.09,2388.05,8145.06,8.4309,0.03,391,2388,100.0,39.07,23.2861
50,29,0.0002,-0.0004,100.0,518.67,642.13,1583.12,1396.99,14.62,21.61,554.0,2388.04,9062.35,1.3,47.25,522.27,2388.04,8140.76,8.3952,0.03,392,2388,100.0,39.01,23.4819
50,30,-0.0026,-0.0001,100.0,518.67,642.09,1582.91,1401.13,14.62,21.6,554.75,2387.99,9061.83,1.3,47.4,522.27,2388.09,8144.11,8.4225,0.03,391,2388,100.0,39.15,23.4271
50,31,0.0018,-0.0005,100.0,518.67,642.12,1584.57,1403.92,14.62,21.61,554.31,2388.01,9056.77,1.3,47.35,522.34,2388.11,8132.69,8.4439,0.03,393,2388,100.0,39.02,23.3939
50,32,-0.0045,0.0001,100.0,518.67,642.34,1586.82,1402.18,14.62,21.61,554.0,2388.04,9059.1,1.3,47.19,521.94,2388.06,8143.77,8.417,0.03,393,2388,100.0,38.96,23.3867
50,33,0.0023,-0.0003,100.0,518.67,642.71,1586.27,1402.83,14.62,21.61,554.13,2388.03,9066.61,1.3,47.32,521.89,2388.02,8139.11,8.4321,0.03,392,2388,100.0,38.97,23.3958
50,34,-0.0001,-0.0003,100.0,518.67,642.63,1585.11,1403.19,14.62,21.61,554.16,2388.04,9062.78,1.3,47.18,522.49,2388.03,8141.03,8.3771,0.03,393,2388,100.0,39.13,23.2652
50,35,0.0017,-0.0001,100.0,518.67,642.47,1590.44,1411.23,14.62,21.61,554.18,2388.01,9060.48,1.3,47.37,522.2,2388.1,8142.87,8.4344,0.03,392,2388,100.0,38.88,23.3426
50,36,-0.0005,-0.0001,100.0,518.67,641.72,1584.22,1401.21,14.62,21.6,554.82,2388.03,9057.43,1.3,47.15,522.27,2388.07,8143.13,8.4204,0.03,392,2388,100.0,39.08,23.3219
50,37,-0.0015,0.0004,100.0,518.67,642.39,1585.25,1403.55,14.62,21.61,554.26,2388.01,9067.82,1.3,47.25,522.09,2388.03,8143.28,8.3966,0.03,392,2388,100.0,39.06,23.4185
50,38,-0.0033,-0.0003,100.0,518.67,642.23,1590.93,1401.07,14.62,21.61,554.33,2388.04,9057.11,1.3,47.25,522.03,2388.03,8145.01,8.4015,0.03,392,2388,100.0,38.92,23.385
50,39,0.0019,-0.0001,100.0,518.67,642.1,1586.44,1401.98,14.62,21.61,554.43,2388.01,9057.15,1.3,47.33,522.42,2388.04,8141.98,8.4109,0.03,392,2388,100.0,39.08,23.3453
50,40,0.001,0.0003,100.0,518.67,642.28,1584.86,1401.52,14.62,21.61,554.41,2388.05,9059.98,1.3,47.22,521.55,2388.0,8142.2,8.3983,0.03,392,2388,100.0,38.8,23.3339
50,41,-0.0001,-0.0004,100.0,518.67,642.24,1587.36,1404.48,14.62,21.61,553.7,2388.03,9060.64,1.3,47.35,522.41,2388.07,8139.05,8.4343,0.03,392,2388,100.0,38.98,23.3305
50,42,-0.0008,0.0003,100.0,518.67,641.53,1581.76,1400.1,14.62,21.61,554.17,2388.0,9062.28,1.3,47.23,521.69,2388.04,8148.51,8.4231,0.03,393,2388,100.0,38.96,23.3633
50,43,-0.0021,-0.0003,100.0,518.67,642.16,1586.54,1396.27,14.62,21.61,553.41,2388.04,9061.74,1.3,47.32,522.0,2388.03,8145.75,8.427,0.03,391,2388,100.0,38.81,23.4788
50,44,0.0041,0.0003,100.0,518.67,642.13,1589.21,1403.12,14.62,21.61,554.07,2388.05,9060.62,1.3,47.41,521.78,2388.1,8138.96,8.4199,0.03,392,2388,100.0,38.98,23.4039
50,45,0.0027,0.0003,100.0,518.67,642.28,1588.6,1399.9,14.62,21.61,554.07,2388.07,9060.43,1.3,47.33,521.81,2388.05,8142.84,8.3939,0.03,395,2388,100.0,38.88,23.3042
50,46,0.0037,-0.0005,100.0,518.67,642.25,1583.73,1408.95,14.62,21.61,553.8,2388.02,9061.61,1.3,47.35,521.96,2388.06,8139.98,8.4164,0.03,393,2388,100.0,38.82,23.2834
50,47,0.0041,-0.0004,100.0,518.67,642.45,1585.7,1403.86,14.62,21.61,553.6,2388.08,9058.95,1.3,47.46,522.36,2388.04,8145.48,8.4038,0.03,392,2388,100.0,38.88,23.3904
50,48,0.0033,0.0005,100.0,518.67,642.14,1593.28,1401.08,14.62,21.61,553.84,2388.03,9053.22,1.3,47.32,522.04,2388.02,8138.94,8.4087,0.03,393,2388,100.0,38.82,23.4099
50,49,-0.0008,0.0004,100.0,518.67,642.46,1580.99,1401.39,14.62,21.61,553.6,2388.01,9060.56,1.3,47.38,521.35,2388.05,8145.82,8.4147,0.03,394,2388,100.0,39.0,23.3408
50,50,-0.0005,0.0004,100.0,518.67,641.89,1588.4,1409.56,14.62,21.61,554.23,2388.03,9061.33,1.3,47.5,522.32,2388.06,8137.98,8.4524,0.03,392,2388,100.0,38.98,23.3591
50,51,0.0026,-0.0001,100.0,518.67,642.78,1583.57,1398.59,14.62,21.61,553.63,2388.01,9062.37,1.3,47.29,521.96,2388.04,8146.11,8.4256,0.03,392,2388,100.0,38.86,23.3916
50,52,-0.0013,0.0,100.0,518.67,642.29,1579.31,1397.33,14.62,21.61,554.43,2388.01,9057.5,1.3,47.21,522.16,2388.05,8145.81,8.4112,0.03,393,2388,100.0,38.91,23.421
50,53,0.0003,0.0002,100.0,518.67,642.61,1581.29,1395.46,14.62,21.61,554.45,2388.03,9066.97,1.3,47.41,522.16,2388.05,8140.46,8.4088,0.03,392,2388,100.0,39.0,23.359
50,54,-0.0002,0.0001,100.0,518.67,642.53,1584.72,1404.62,14.62,21.6,554.74,2388.08,9063.4,1.3,47.26,522.65,2388.06,8145.25,8.4164,0.03,392,2388,100.0,38.98,23.4393
50,55,-0.0011,0.0003,100.0,518.67,642.65,1584.5,1399.8,14.62,21.61,553.68,2388.05,9063.57,1.3,47.16,522.02,2388.03,8145.34,8.4268,0.03,391,2388,100.0,39.07,23.3071
50,56,-0.0038,0.0001,100.0,518.67,642.0,1588.09,1404.45,14.62,21.61,554.25,2388.04,9059.68,1.3,47.13,522.39,2388.02,8145.68,8.4206,0.03,391,2388,100.0,38.94,23.4444
50,57,-0.0013,0.0003,100.0,518.67,642.84,1586.88,1398.35,14.62,21.61,553.69,2388.01,9066.5,1.3,47.19,521.85,2388.07,8146.23,8.4272,0.03,391,2388,100.0,38.88,23.4114
50,58,0.0005,-0.0,100.0,518.67,642.29,1585.08,1405.76,14.62,21.61,553.82,2388.06,9064.42,1.3,47.4,521.36,2388.09,8143.28,8.414,0.03,393,2388,100.0,39.01,23.3222
50,59,0.0052,-0.0001,100.0,518.67,642.57,1592.43,1405.48,14.62,21.61,553.24,2388.03,9060.81,1.3,47.5,522.22,2388.1,8140.55,8.4049,0.03,392,2388,100.0,38.86,23.3664
50,60,0.0014,0.0004,100.0,518.67,642.73,1578.67,1401.41,14.62,21.61,554.35,2388.07,9058.58,1.3,47.42,521.6,2388.03,8144.45,8.4045,0.03,393,2388,100.0,38.9,23.3851
50,61,0.0003,-0.0002,100.0,518.67,642.78,1593.24,1408.42,14.62,21.6,553.88,2388.1,9060.71,1.3,47.5,522.01,2388.07,8140.97,8.4307,0.03,390,2388,100.0,38.81,23.4578
50,62,-0.0016,0.0003,100.0,518.67,642.98,1591.14,1406.52,14.62,21.61,554.27,2388.06,9061.37,1.3,47.36,521.95,2388.04,8147.52,8.4035,0.03,391,2388,100.0,38.97,23.3549
50,63,0.0019,0.0002,100.0,518.67,642.67,1591.58,1400.76,14.62,21.61,553.48,2388.01,9065.39,1.3,47.32,522.16,2388.03,8143.66,8.455,0.03,393,2388,100.0,38.92,23.4667
50,64,-0.0049,0.0003,100.0,518.67,642.12,1587.08,1402.86,14.62,21.61,554.38,2388.07,9062.63,1.3,47.34,521.93,2387.97,8134.81,8.3941,0.03,393,2388,100.0,39.02,23.3518
50,65,-0.0017,-0.0004,100.0,518.67,642.51,1579.77,1403.35,14.62,21.61,553.69,2388.04,9062.4,1.3,47.36,521.6,2388.06,8144.89,8.4212,0.03,393,2388,100.0,38.78,23.3711
50,66,0.0031,-0.0,100.0,518.67,642.74,1590.87,1402.81,14.62,21.61,554.05,2388.06,9063.81,1.3,47.48,521.75,2388.07,8137.64,8.4402,0.03,392,2388,100.0,38.94,23.3372
50,67,0.0001,0.0004,100.0,518.67,642.48,1582.51,1395.77,14.62,21.61,553.93,2388.04,9058.17,1.3,47.24,522.33,2388.03,8138.59,8.3996,0.03,393,2388,100.0,39.0,23.2895
50,68,0.0008,-0.0003,100.0,518.67,642.68,1588.17,1399.62,14.62,21.61,554.1,2388.08,9065.19,1.3,47.32,521.86,2388.07,8143.67,8.4067,0.03,393,2388,100.0,38.93,23.3323
50,69,0.0014,-0.0004,100.0,518.67,642.53,1590.4,1411.01,14.62,21.61,554.04,2388.07,9056.88,1.3,47.29,521.94,2388.1,8142.54,8.4176,0.03,392,2388,100.0,38.87,23.1767
50,70,-0.0006,0.0005,100.0,518.67,642.38,1592.99,1407.13,14.62,21.61,554.19,2388.05,9058.83,1.3,47.53,522.33,2388.09,8140.06,8.441,0.03,392,2388,100.0,38.92,23.2425
50,71,-0.0003,-0.0002,100.0,518.67,642.27,1583.24,1406.01,14.62,21.61,554.32,2388.04,9066.55,1.3,47.3,522.34,2388.06,8143.99,8.4311,0.03,394,2388,100.0,38.88,23.2445
50,72,0.0034,-0.0001,100.0,518.67,642.58,1582.81,1402.11,14.62,21.61,554.03,2388.04,9059.56,1.3,47.7,521.65,2388.04,8147.38,8.4488,0.03,391,2388,100.0,38.83,23.3836
50,73,-0.0001,-0.0002,100.0,518.67,642.52,1583.05,1403.49,14.62,21.61,554.08,2388.03,9067.44,1.3,47.48,522.31,2388.09,8142.86,8.435,0.03,393,2388,100.0,38.95,23.2755
50,74,0.0,0.0004,100.0,518.67,642.66,1582.59,1397.65,14.62,21.61,553.18,2388.05,9066.84,1.3,47.5,521.91,2388.06,8142.07,8.4719,0.03,393,2388,100.0,38.98,23.291
54,1,-0.0004,0.0003,100.0,518.67,642.03,1585.17,1396.49,14.62,21.61,555.03,2387.98,9055.12,1.3,47.2,522.61,2388.02,8137.36,8.4264,0.03,392,2388,100.0,38.92,23.4404
54,2,-0.0023,-0.0002,100.0,518.67,641.95,1588.3,1394.65,14.62,21.61,554.9,2387.98,9058.15,1.3,47.08,522.09,2388.02,8134.59,8.3552,0.03,392,2388,100.0,39.08,23.3722
54,3,0.0008,0.0004,100.0,518.67,641.93,1583.81,1395.96,14.62,21.61,554.04,2388.01,9057.89,1.3,46.96,522.69,2388.02,8138.93,8.3943,0.03,393,2388,100.0,38.97,23.4086
54,4,-0.002,0.0,100.0,518.67,642.03,1587.43,1389.98,14.62,21.6,555.1,2387.91,9052.18,1.3,47.19,523.17,2387.98,8133.55,8.3708,0.03,391,2388,100.0,39.26,23.3482
54,5,-0.0016,0.0002,100.0,518.67,641.79,1590.47,1395.87,14.62,21.61,554.46,2388.02,9057.84,1.3,47.13,523.0,2387.99,8138.47,8.3943,0.03,391,2388,100.0,38.89,23.4871
54,6,0.0004,-0.0005,100.0,518.67,642.16,1587.62,1392.08,14.62,21.61,554.73,2388.01,9051.22,1.3,47.09,522.63,2387.98,8139.18,8.3954,0.03,392,2388,100.0,39.06,23.4257
54,7,-0.0026,-0.0,100.0,518.67,642.32,1582.28,1390.74,14.62,21.61,554.24,2388.03,9048.4,1.3,47.16,522.45,2387.98,8136.16,8.4035,0.03,392,2388,100.0,38.91,23.3825
54,8,0.0005,0.0,100.0,518.67,641.71,1574.99,1396.17,14.62,21.61,554.69,2388.01,9056.76,1.3,46.92,522.67,2388.0,8137.72,8.3864,0.03,393,2388,100.0,39.07,23.4822
54,9,0.0036,-0.0003,100.0,518.67,642.41,1583.23,1402.84,14.62,21.61,555.45,2388.02,9057.39,1.3,47.22,522.03,2387.98,8134.97,8.4083,0.03,392,2388,100.0,39.18,23.4323
54,10,-0.0016,0.0002,100.0,518.67,641.84,1586.39,1387.83,14.62,21.61,554.63,2387.96,9044.91,1.3,47.1,522.55,2388.0,8138.48,8.3789,0.03,391,2388,100.0,39.12,23.4637
54,11,0.0008,-0.0001,100.0,518.67,641.78,1581.88,1389.43,14.62,21.6,555.0,2388.01,9053.73,1.3,47.17,523.44,2387.96,8136.49,8.3643,0.03,391,2388,100.0,38.99,23.4346
54,12,-0.0013,0.0004,100.0,518.67,641.67,1580.42,1394.0,14.62,21.61,554.09,2388.05,9058.17,1.3,47.2,522.56,2388.06,8134.98,8.3751,0.03,389,2388,100.0,38.94,23.4419
54,13,-0.0015,0.0004,100.0,518.67,642.06,1581.44,1390.36,14.62,21.61,555.65,2388.02,9051.09,1.3,47.18,522.88,2388.0,8143.14,8.4093,0.03,391,2388,100.0,39.09,23.4167
54,14,0.0002,-0.0004,100.0,518.67,642.26,1587.14,1394.46,14.62,21.61,554.55,2387.95,9058.76,1.3,47.27,522.95,2387.96,8144.18,8.434,0.03,390,2388,100.0,38.97,23.3229
54,15,-0.0029,-0.0001,100.0,518.67,641.15,1585.74,1393.67,14.62,21.61,555.11,2388.03,9054.29,1.3,47.14,522.42,2387.99,8139.32,8.3987,0.03,389,2388,100.0,39.16,23.4685
54,16,-0.0042,-0.0002,100.0,518.67,642.18,1583.38,1400.84,14.62,21.61,554.93,2387.99,9050.13,1.3,46.87,522.9,2387.95,8141.46,8.3783,0.03,390,2388,100.0,38.97,23.3684
54,17,0.0002,-0.0,100.0,518.67,642.38,1577.48,1397.44,14.62,21.61,554.57,2388.0,9051.33,1.3,47.19,522.45,2387.99,8133.38,8.4006,0.03,391,2388,100.0,39.15,23.442
54,18,0.001,0.0001,100.0,518.67,642.13,1582.37,1391.32,14.62,21.61,555.16,2387.96,9052.5,1.3,46.99,522.64,2388.01,8133.89,8.4208,0.03,393,2388,100.0,39.08,23.4307
54,19,-0.0028,-0.0004,100.0,518.67,641.75,1583.83,1401.65,14.62,21.61,555.26,2388.02,9051.74,1.3,47.19,522.11,2388.02,8138.98,8.4004,0.03,392,2388,100.0,39.05,23.3863
54,20,0.0001,-0.0003,100.0,518.67,641.63,1573.63,1390.95,14.62,21.61,554.07,2388.0,9054.22,1.3,47.22,522.84,2387.99,8139.81,8.3862,0.03,391,2388,100.0,38.91,23.4716
54,21,0.0018,0.0001,100.0,518.67,642.02,1586.79,1392.02,14.62,21.6,555.28,2388.04,9057.08,1.3,47.14,522.9,2387.99,8130.57,8.3969,0.03,393,2388,100.0,39.05,23.4844
54,22,0.0061,0.0003,100.0,518.67,641.66,1583.49,1400.42,14.62,21.61,554.47,2387.97,9056.02,1.3,47.29,522.58,2388.06,8137.94,8.406,0.03,391,2388,100.0,39.05,23.5635
54,23,-0.0026,-0.0,100.0,518.67,642.97,1577.79,1392.14,14.62,21.61,555.36,2387.96,9056.54,1.3,47.21,522.78,2388.04,8138.46,8.3822,0.03,391,2388,100.0,39.17,23.3763
54,24,-0.0007,0.0003,100.0,518.67,641.78,1580.96,1395.35,14.62,21.61,554.93,2387.98,9053.96,1.3,47.3,522.81,2387.94,8139.83,8.3937,0.03,390,2388,100.0,38.96,23.4607
54,25,-0.0005,-0.0003,100.0,518.67,641.74,1585.42,1395.67,14.62,21.6,554.78,2388.03,9055.97,1.3,47.22,523.42,2388.04,8139.18,8.3994,0.03,392,2388,100.0,39.01,23.4615
54,26,0.0016,0.0003,100.0,518.67,641.55,1576.1,1400.96,14.62,21.61,554.74,2387.96,9053.24,1.3,47.11,522.65,2388.01,8136.3,8.3682,0.03,391,2388,100.0,39.26,23.4433
54,27,-0.0024,-0.0003,100.0,518.67,641.78,1581.22,1396.55,14.62,21.6,554.38,2388.06,9057.29,1.3,47.08,522.52,2388.04,8136.03,8.3903,0.03,391,2388,100.0,39.1,23.4962
54,28,0.0003,0.0,100.0,518.67,642.5,1586.42,1396.56,14.62,21.61,555.0,2388.04,9053.66,1.3,47.18,522.38,2387.98,8139.75,8.3703,0.03,392,2388,100.0,39.18,23.4834
54,29,-0.0027,0.0005,100.0,518.67,642.41,1575.42,1398.43,14.62,21.6,554.63,2387.98,9052.75,1.3,47.07,522.52,2388.06,8139.47,8.4069,0.03,392,2388,100.0,39.15,23.5073
54,30,0.0009,0.0004,100.0,518.67,642.08,1583.83,1390.81,14.62,21.61,554.54,2388.03,9054.78,1.3,47.23,522.0,2387.99,8141.95,8.3965,0.03,391,2388,100.0,38.97,23.3108
54,31,0.0002,0.0001,100.0,518.67,641.98,1579.85,1389.37,14.62,21.61,555.11,2387.98,9054.7,1.3,47.22,522.41,2387.98,8141.93,8.4083,0.03,391,2388,100.0,38.99,23.4219
54,32,0.0006,0.0001,100.0,518.67,642.12,1584.34,1399.36,14.62,21.61,554.94,2387.99,9058.53,1.3,47.2,522.35,2387.96,8140.41,8.3872,0.03,394,2388,100.0,39.07,23.352
54,33,-0.0011,-0.0002,100.0,518.67,641.54,1582.93,1391.06,14.62,21.61,554.71,2388.0,9055.24,1.3,47.11,522.15,2388.03,8137.26,8.3918,0.03,391,2388,100.0,39.1,23.486
54,34,-0.0,-0.0001,100.0,518.67,642.0,1579.6,1392.48,14.62,21.61,554.59,2388.0,9051.0,1.3,47.2,522.67,2388.0,8137.42,8.3701,0.03,391,2388,100.0,39.18,23.4446
54,35,-0.0011,0.0,100.0,518.67,642.25,1593.63,1398.17,14.62,21.61,554.48,2387.94,9056.55,1.3,47.11,522.62,2387.99,8136.4,8.4318,0.03,392,2388,100.0,39.11,23.4946
54,36,-0.0009,0.0001,100.0,518.67,641.89,1585.18,1404.98,14.62,21.61,553.45,2388.04,9053.67,1.3,47.08,522.42,2388.04,8142.91,8.3925,0.03,394,2388,100.0,39.02,23.3522
54,37,-0.0006,-0.0,100.0,518.67,641.95,1584.2,1397.7,14.62,21.61,554.97,2387.98,9058.05,1.3,47.07,522.49,2387.95,8140.39,8.3962,0.03,391,2388,100.0,39.08,23.4519
54,38,0.0,-0.0001,100.0,518.67,642.34,1582.07,1399.16,14.62,21.61,554.4,2388.02,9063.35,1.3,47.27,522.12,2388.01,8137.51,8.3837,0.03,391,2388,100.0,39.05,23.5012
54,39,0.0011,-0.0002,100.0,518.67,641.64,1584.37,1402.66,14.62,21.61,554.5,2387.94,9051.42,1.3,47.15,522.57,2388.01,8138.08,8.4121,0.03,391,2388,100.0,39.15,23.4491
54,40,-0.0011,0.0003,100.0,518.67,642.12,1580.32,1401.47,14.62,21.61,554.22,2388.02,9048.49,1.3,47.17,522.47,2387.97,8136.51,8.3878,0.03,391,2388,100.0,39.12,23.3888
54,41,-0.0005,0.0005,100.0,518.67,641.71,1586.59,1393.12,14.62,21.61,553.65,2388.04,9059.87,1.3,47.06,522.27,2387.98,8141.35,8.3759,0.03,390,2388,100.0,38.92,23.4077
54,42,0.001,0.0002,100.0,518.67,642.13,1584.5,1399.95,14.62,21.61,554.89,2387.98,9056.43,1.3,47.03,522.44,2388.03,8136.8,8.38,0.03,392,2388,100.0,38.99,23.4318
54,43,-0.0001,-0.0002,100.0,518.67,641.82,1580.08,1399.52,14.62,21.61,554.62,2388.01,9054.34,1.3,47.11,523.14,2387.97,8142.5,8.3875,0.03,389,2388,100.0,39.04,23.4448
54,44,-0.0004,-0.0005,100.0,518.67,642.62,1573.28,1393.0,14.62,21.61,554.76,2388.0,9052.88,1.3,47.07,522.61,2388.0,8138.08,8.4387,0.03,392,2388,100.0,38.98,23.4226
54,45,-0.0026,0.0003,100.0,518.67,642.6,1580.87,1399.54,14.62,21.61,554.59,2388.01,9052.35,1.3,47.04,522.52,2388.04,8140.01,8.3909,0.03,391,2388,100.0,38.94,23.5258
54,46,0.0043,-0.0003,100.0,518.67,641.68,1578.9,1395.65,14.62,21.61,555.44,2387.98,9060.47,1.3,47.09,523.33,2388.03,8142.66,8.3541,0.03,391,2388,100.0,38.96,23.4031
54,47,0.0021,-0.0002,100.0,518.67,641.91,1581.79,1397.19,14.62,21.61,555.03,2388.03,9059.04,1.3,47.32,522.13,2387.96,8137.7,8.377,0.03,391,2388,100.0,39.17,23.4697
54,48,-0.0001,-0.0,100.0,518.67,642.49,1584.13,1398.08,14.62,21.61,554.54,2388.01,9059.47,1.3,47.19,522.32,2387.99,8135.73,8.4135,0.03,391,2388,100.0,39.02,23.3828
54,49,0.0005,0.0003,100.0,518.67,642.31,1587.79,1397.61,14.62,21.61,553.9,2387.96,9055.96,1.3,47.09,522.15,2388.0,8141.2,8.3988,0.03,391,2388,100.0,39.09,23.3698
54,50,0.0,-0.0003,100.0,518.67,641.89,1595.13,1394.36,14.62,21.61,554.25,2387.98,9060.16,1.3,47.15,522.68,2388.0,8132.5,8.4006,0.03,392,2388,100.0,39.1,23.3909
54,51,-0.0038,0.0002,100.0,518.67,642.18,1584.28,1392.65,14.62,21.61,554.3,2387.97,9055.47,1.3,47.08,522.68,2388.02,8139.43,8.3673,0.03,392,2388,100.0,39.0,23.4469
54,52,-0.0004,-0.0001,100.0,518.67,641.85,1587.37,1399.88,14.62,21.61,554.42,2388.06,9056.54,1.3,47.16,522.56,2387.95,8138.57,8.4288,0.03,391,2388,100.0,39.11,23.351
54,53,-0.0037,-0.0003,100.0,518.67,641.83,1582.0,1388.9,14.62,21.61,554.65,2387.99,9059.75,1.3,47.26,522.31,2388.02,8141.82,8.4167,0.03,393,2388,100.0,38.99,23.4688
54,54,0.0012,-0.0004,100.0,518.67,642.33,1582.84,1393.27,14.62,21.61,554.67,2388.06,9047.04,1.3,47.16,522.74,2387.99,8137.97,8.3727,0.03,391,2388,100.0,39.14,23.3081
54,55,-0.0016,-0.0005,100.0,518.67,641.97,1581.5,1396.76,14.62,21.61,554.83,2387.97,9058.95,1.3,47.26,523.04,2388.0,8137.44,8.3801,0.03,391,2388,100.0,38.95,23.4137
54,56,-0.0003,-0.0003,100.0,518.67,642.34,1579.26,1396.19,14.62,21.61,554.44,2388.01,9055.15,1.3,46.8,522.12,2387.98,8138.61,8.4007,0.03,392,2388,100.0,38.93,23.4182
54,57,-0.0028,-0.0003,100.0,518.67,642.07,1578.28,1395.99,14.62,21.61,554.54,2387.98,9059.47,1.3,47.25,522.58,2388.0,8143.36,8.3818,0.03,392,2388,100.0,39.06,23.3723
54,58,0.0025,0.0002,100.0,518.67,641.9,1579.29,1398.89,14.62,21.61,555.11,2388.01,9056.44,1.3,47.08,522.92,2388.01,8137.53,8.4249,0.03,391,2388,100.0,39.04,23.4178
54,59,0.0006,0.0003,100.0,518.67,642.47,1587.95,1396.36,14.62,21.61,554.62,2387.97,9057.33,1.3,47.23,522.68,2388.06,8140.4,8.3905,0.03,391,2388,100.0,38.97,23.3418
54,60,0.0,0.0001,100.0,518.67,642.09,1582.23,1388.15,14.62,21.61,553.95,2388.02,9063.71,1.3,47.33,522.24,2388.0,8142.06,8.37,0.03,392,2388,100.0,39.14,23.4268
54,61,0.001,-0.0002,100.0,518.67,642.34,1578.65,1399.23,14.62,21.61,553.74,2388.01,9060.37,1.3,47.2,522.04,2388.05,8135.38,8.3359,0.03,392,2388,100.0,39.14,23.4677
54,62,-0.0027,0.0001,100.0,518.67,642.59,1580.22,1394.69,14.62,21.61,555.0,2388.02,9049.29,1.3,47.05,522.47,2387.99,8141.02,8.3857,0.03,390,2388,100.0,38.97,23.4509
54,63,-0.0009,0.0004,100.0,518.67,642.03,1578.84,1394.22,14.62,21.6,554.94,2388.08,9058.87,1.3,47.06,522.52,2387.99,8138.19,8.4174,0.03,392,2388,100.0,38.97,23.356
54,64,0.0,0.0003,100.0,518.67,642.84,1583.99,1396.0,14.62,21.61,554.29,2388.0,9056.52,1.3,47.11,522.0,2388.07,8137.76,8.3973,0.03,391,2388,100.0,39.03,23.453
54,65,0.0011,0.0004,100.0,518.67,641.92,1581.31,1399.58,14.62,21.61,553.92,2387.97,9055.52,1.3,47.06,522.76,2388.03,8140.22,8.378,0.03,392,2388,100.0,39.01,23.3295
54,66,0.0022,0.0004,100.0,518.67,642.05,1578.89,1397.86,14.62,21.61,554.48,2388.0,9059.22,1.3,47.18,522.77,2388.01,8142.26,8.3914,0.03,392,2388,100.0,39.11,23.4131
54,67,-0.0003,0.0001,100.0,518.67,641.68,1582.7,1399.94,14.62,21.61,555.04,2387.99,9054.48,1.3,47.03,522.51,2388.05,8136.95,8.3451,0.03,392,2388,100.0,39.18,23.4155
54,68,-0.0011,-0.0003,100.0,518.67,642.46,1583.88,1393.6,14.62,21.61,554.43,2388.02,9050.36,1.3,47.09,522.71,2387.96,8138.65,8.4036,0.03,391,2388,100.0,39.1,23.4336
54,69,0.0023,-0.0003,100.0,518.67,642.18,1594.37,1402.27,14.62,21.61,554.23,2388.03,9058.71,1.3,47.17,521.95,2388.01,8144.17,8.3823,0.03,391,2388,100.0,38.95,23.4914
54,70,-0.0015,0.0002,100.0,518.67,642.21,1587.7,1392.59,14.62,21.61,554.01,2387.98,9058.59,1.3,47.18,522.24,2388.02,8140.1,8.376,0.03,391,2388,100.0,39.07,23.4194
54,71,0.0051,0.0001,100.0,518.67,642.58,1583.85,1396.41,14.62,21.61,554.83,2387.94,9058.79,1.3,47.28,522.66,2388.06,8138.18,8.4088,0.03,391,2388,100.0,39.09,23.3553
54,72,0.001,0.0002,100.0,518.67,642.18,1586.34,1398.57,14.62,21.61,554.59,2388.02,9057.41,1.3,47.1,521.58,2387.94,8138.44,8.403,0.03,392,2388,100.0,39.06,23.4136
54,73,-0.0027,-0.0003,100.0,518.67,641.84,1585.11,1403.97,14.62,21.61,553.82,2388.04,9057.84,1.3,47.24,522.61,2388.05,8138.61,8.3821,0.03,391,2388,100.0,38.93,23.3978
54,74,0.0033,-0.0003,100.0,518.67,642.67,1585.03,1393.48,14.62,21.61,554.78,2387.98,9059.03,1.3,47.23,522.85,2387.98,8138.21,8.4199,0.03,391,2388,100.0,39.05,23.5454
54,75,-0.003,0.0003,100.0,518.67,641.91,1574.0,1396.89,14.62,21.61,554.75,2388.03,9058.31,1.3,47.34,522.69,2388.02,8147.5,8.3809,0.03,391,2388,100.0,38.98,23.4929
54,76,-0.0003,-0.0001,100.0,518.67,641.99,1583.69,1400.77,14.62,21.61,555.12,2388.04,9061.7,1.3,47.16,522.59,2388.03,8143.1,8.4087,0.03,391,2388,100.0,39.21,23.3389
54,77,-0.0008,0.0,100.0,518.67,642.37,1581.56,1405.45,14.62,21.61,554.19,2387.99,9066.3,1.3,47.25,522.59,2388.03,8143.33,8.3549,0.03,391,2388,100.0,38.93,23.3168
54,78,-0.0037,-0.0,100.0,518.67,642.16,1582.42,1397.89,14.62,21.61,554.76,2388.04,9057.34,1.3,47.14,522.11,2388.05,8140.99,8.4294,0.03,393,2388,100.0,38.95,23.4205
54,79,0.0009,-0.0002,100.0,518.67,642.04,1583.72,1396.23,14.62,21.61,554.29,2387.97,9058.82,1.3,47.13,522.26,2388.06,8136.97,8.3827,0.03,392,2388,100.0,39.06,23.3951
54,80,-0.0011,0.0005,100.0,518.67,641.82,1584.01,1395.27,14.62,21.61,555.27,2387.99,9061.93,1.3,47.09,522.36,2388.02,8140.81,8.3842,0.03,392,2388,100.0,38.96,23.3903
54,81,-0.0007,0.0004,100.0,518.67,642.24,1582.28,1387.99,14.62,21.61,554.88,2387.99,9049.93,1.3,47.08,522.57,2388.0,8139.76,8.3696,0.03,390,2388,100.0,39.22,23.4702
54,82,0.0026,-0.0003,100.0,518.67,641.96,1580.25,1403.37,14.62,21.61,554.48,2388.0,9057.22,1.3,47.1,522.7,2387.98,8140.58,8.4019,0.03,391,2388,100.0,39.02,23.436
54,83,-0.0005,0.0001,100.0,518.67,642.07,1583.79,1396.1,14.62,21.61,554.82,2388.03,9052.48,1.3,47.08,522.34,2388.02,8144.01,8.3803,0.03,392,2388,100.0,39.01,23.4112
54,84,0.0004,0.0004,100.0,518.67,642.32,1586.1,1403.46,14.62,21.61,554.38,2387.99,9056.17,1.3,47.1,522.5,2387.98,8142.43,8.3674,0.03,392,2388,100.0,38.98,23.4557
54,85,-0.0019,-0.0005,100.0,518.67,642.6,1588.79,1399.2,14.62,21.61,554.47,2388.04,9062.68,1.3,47.26,522.16,2388.0,8137.47,8.4578,0.03,391,2388,100.0,38.98,23.3966
54,86,-0.004,-0.0003,100.0,518.67,642.02,1590.36,1393.17,14.62,21.61,554.57,2388.04,9057.33,1.3,47.13,521.9,2388.02,8140.3,8.4067,0.03,392,2388,100.0,39.01,23.5522
54,87,-0.0027,-0.0002,100.0,518.67,642.54,1583.78,1394.4,14.62,21.61,554.88,2388.0,9059.8,1.3,47.09,522.21,2388.03,8138.71,8.3935,0.03,392,2388,100.0,38.96,23.4595
54,88,0.0003,0.0002,100.0,518.67,641.6,1582.48,1395.62,14.62,21.61,554.52,2388.03,9059.02,1.3,47.28,522.19,2387.97,8141.57,8.4,0.03,391,2388,100.0,39.11,23.4571
54,89,0.0014,-0.0005,100.0,518.67,642.54,1586.68,1399.68,14.62,21.61,554.16,2388.05,9060.88,1.3,47.34,522.89,2387.99,8140.04,8.3715,0.03,391,2388,100.0,38.99,23.4099
54,90,0.001,-0.0005,100.0,518.67,642.68,1582.12,1389.3,14.62,21.61,554.02,2387.98,9060.98,1.3,47.19,522.45,2387.93,8134.7,8.4213,0.03,391,2388,100.0,38.93,23.4266
54,91,0.0001,-0.0,100.0,518.67,642.13,1581.71,1395.38,14.62,21.61,554.61,2388.04,9053.71,1.3,47.24,521.97,2388.04,8139.87,8.4045,0.03,391,2388,100.0,38.99,23.39
54,92,0.0016,-0.0003,100.0,518.67,642.5,1587.17,1402.88,14.62,21.61,555.16,2388.07,9059.84,1.3,47.16,521.92,2388.03,8138.65,8.37,0.03,392,2388,100.0,39.05,23.3802
54,93,-0.0002,-0.0002,100.0,518.67,641.76,1581.82,1393.73,14.62,21.6,555.12,2388.04,9056.61,1.3,47.23,522.28,2388.03,8143.77,8.4013,0.03,391,2388,100.0,38.84,23.4426
54,94,-0.0031,0.0,100.0,518.67,641.45,1586.96,1398.36,14.62,21.61,553.97,2387.99,9062.25,1.3,46.97,522.58,2388.04,8141.11,8.3728,0.03,392,2388,100.0,38.79,23.3621
54,95,0.0007,-0.0003,100.0,518.67,642.15,1581.45,1402.28,14.62,21.61,554.0,2387.97,9052.96,1.3,47.15,522.44,2388.01,8146.61,8.3832,0.03,392,2388,100.0,39.1,23.4502
54,96,0.0001,0.0002,100.0,518.67,642.39,1582.74,1395.31,14.62,21.61,554.58,2388.02,9055.28,1.3,47.25,522.37,2387.98,8144.52,8.4049,0.03,391,2388,100.0,38.97,23.3852
54,97,0.0028,0.0,100.0,518.67,642.07,1578.65,1398.88,14.62,21.61,555.22,2388.0,9065.92,1.3,47.19,521.98,2388.01,8142.75,8.416,0.03,392,2388,100.0,39.11,23.3863
54,98,0.0,-0.0002,100.0,518.67,641.93,1584.31,1400.71,14.62,21.61,553.96,2388.02,9056.53,1.3,47.35,522.45,2387.98,8138.33,8.396,0.03,391,2388,100.0,39.04,23.3908
54,99,-0.0003,-0.0,100.0,518.67,642.54,1589.28,1398.4,14.62,21.6,554.72,2387.98,9054.12,1.3,47.17,522.38,2387.96,8143.29,8.4026,0.03,391,2388,100.0,38.96,23.355
54,100,-0.0001,0.0001,100.0,518.67,642.24,1589.5,1402.74,14.62,21.61,554.75,2388.01,9060.16,1.3,47.07,522.44,2388.09,8145.21,8.3746,0.03,392,2388,100.0,39.05,23.3282
54,101,0.0014,-0.0001,100.0,518.67,642.09,1578.09,1405.82,14.62,21.61,554.02,2388.03,9067.43,1.3,47.4,522.58,2388.01,8142.46,8.399,0.03,392,2388,100.0,39.04,23.3907
54,102,0.0017,0.0001,100.0,518.67,641.89,1585.1,1409.27,14.62,21.61,554.67,2387.98,9061.0,1.3,47.17,522.36,2388.04,8143.32,8.4408,0.03,392,2388,100.0,39.02,23.4259
54,103,0.0018,-0.0,100.0,518.67,642.38,1592.82,1399.89,14.62,21.61,554.65,2388.03,9055.35,1.3,47.17,522.08,2387.99,8143.07,8.4594,0.03,391,2388,100.0,38.86,23.441
54,104,0.0042,-0.0002,100.0,518.67,642.5,1586.97,1398.64,14.62,21.61,554.02,2388.01,9059.52,1.3,47.12,522.18,2388.05,8150.23,8.3879,0.03,392,2388,100.0,39.04,23.3891
54,105,0.0008,0.0001,100.0,518.67,641.77,1594.58,1395.18,14.62,21.61,554.49,2388.0,9055.69,1.3,47.24,522.6,2387.96,8141.64,8.3841,0.03,391,2388,100.0,39.13,23.3826
54,106,0.001,0.0001,100.0,518.67,642.35,1591.36,1399.75,14.62,21.61,555.12,2388.04,9069.37,1.3,47.42,522.22,2388.01,8152.44,8.417,0.03,392,2388,100.0,38.95,23.4015
54,107,-0.0,-0.0004,100.0,518.67,642.17,1580.75,1389.71,14.62,21.6,554.74,2388.04,9057.98,1.3,47.33,522.47,2387.96,8147.05,8.3754,0.03,392,2388,100.0,39.13,23.3544
54,108,0.0009,0.0,100.0,518.67,642.0,1591.11,1400.95,14.62,21.61,554.18,2388.03,9057.98,1.3,47.13,522.2,2387.99,8146.13,8.4164,0.03,392,2388,100.0,39.25,23.2908
54,109,0.001,-0.0004,100.0,518.67,641.59,1586.11,1410.36,14.62,21.61,554.25,2388.02,9058.69,1.3,47.29,521.5,2388.02,8149.39,8.404,0.03,391,2388,100.0,39.07,23.3484
54,110,0.0002,0.0004,100.0,518.67,642.03,1590.9,1409.3,14.62,21.61,553.92,2388.04,9061.21,1.3,47.26,521.86,2388.02,8144.02,8.39,0.03,393,2388,100.0,38.96,23.3738
54,111,0.0013,-0.0003,100.0,518.67,642.17,1586.55,1403.3,14.62,21.61,553.48,2388.0,9061.11,1.3,47.31,522.16,2387.96,8143.49,8.3867,0.03,392,2388,100.0,38.8,23.3866
54,112,-0.0014,-0.0002,100.0,518.67,642.15,1592.43,1394.3,14.62,21.61,553.95,2388.01,9058.76,1.3,47.38,522.31,2388.01,8143.77,8.4096,0.03,392,2388,100.0,39.12,23.3786
54,113,-0.0011,0.0003,100.0,518.67,642.07,1582.33,1402.55,14.62,21.6,554.68,2387.95,9061.04,1.3,47.12,522.47,2388.03,8144.14,8.4049,0.03,392,2388,100.0,38.92,23.306
54,114,0.0008,0.0,100.0,518.67,642.29,1584.63,1396.95,14.62,21.61,554.89,2388.0,9066.57,1.3,47.29,522.52,2388.03,8139.63,8.4112,0.03,391,2388,100.0,38.86,23.4259
54,115,-0.0031,0.0001,100.0,518.67,642.1,1586.74,1403.27,14.62,21.61,554.64,2388.04,9058.77,1.3,47.29,522.4,2387.98,8142.4,8.4222,0.03,392,2388,100.0,38.97,23.3976
54,116,-0.0036,-0.0005,100.0,518.67,642.03,1591.23,1400.24,14.62,21.61,554.37,2388.0,9066.97,1.3,47.15,522.07,2387.96,8139.16,8.3874,0.03,391,2388,100.0,39.01,23.3934
54,117,-0.0003,-0.0002,100.0,518.67,642.53,1579.24,1403.96,14.62,21.6,553.79,2388.06,9058.51,1.3,47.18,521.97,2387.98,8143.95,8.4383,0.03,393,2388,100.0,39.11,23.4436
54,118,-0.0025,-0.0,100.0,518.67,642.8,1594.26,1400.41,14.62,21.61,554.21,2388.0,9062.45,1.3,47.26,522.42,2388.01,8148.03,8.4294,0.03,392,2388,100.0,38.96,23.4076
54,119,-0.0022,-0.0001,100.0,518.67,642.42,1588.5,1403.54,14.62,21.61,554.26,2388.0,9064.36,1.3,47.3,521.99,2387.98,8146.6,8.4248,0.03,394,2388,100.0,39.18,23.4534
54,120,0.0029,0.0,100.0,518.67,641.94,1582.75,1404.11,14.62,21.61,554.11,2387.98,9063.33,1.3,47.3,522.15,2388.02,8145.96,8.4113,0.03,390,2388,100.0,39.02,23.4724
54,121,-0.0019,0.0,100.0,518.67,642.43,1580.89,1399.84,14.62,21.61,555.07,2388.05,9064.43,1.3,47.34,522.28,2387.97,8143.64,8.3926,0.03,392,2388,100.0,38.95,23.4385
55,1,-0.0017,-0.0001,100.0,518.67,642.47,1587.07,1404.41,14.62,21.61,553.54,2388.03,9054.97,1.3,47.36,521.66,2388.04,8137.44,8.4182,0.03,392,2388,100.0,38.92,23.4867
55,2,0.0012,-0.0004,100.0,518.67,642.46,1586.43,1402.26,14.62,21.61,553.23,2388.07,9051.28,1.3,47.39,521.91,2388.01,8141.07,8.3971,0.03,392,2388,100.0,38.93,23.3573
55,3,-0.0025,-0.0003,100.0,518.67,642.18,1584.86,1397.3,14.62,21.61,555.37,2388.0,9055.64,1.3,47.21,522.21,2388.07,8138.13,8.3802,0.03,392,2388,100.0,38.98,23.3401
55,4,-0.0008,0.0004,100.0,518.67,642.52,1588.69,1398.24,14.62,21.61,554.06,2388.05,9060.66,1.3,47.23,522.07,2387.97,8129.54,8.4315,0.03,392,2388,100.0,39.12,23.3567
55,5,-0.0016,-0.0003,100.0,518.67,641.84,1587.5,1398.65,14.62,21.61,553.93,2388.0,9061.33,1.3,47.28,521.74,2388.02,8139.33,8.4147,0.03,392,2388,100.0,39.04,23.4153
55,6,0.0007,-0.0003,100.0,518.67,641.72,1582.23,1403.85,14.62,21.61,554.41,2388.05,9051.14,1.3,47.32,521.83,2388.03,8136.48,8.3843,0.03,391,2388,100.0,38.89,23.3396
55,7,0.0013,0.0003,100.0,518.67,642.04,1584.43,1394.94,14.62,21.61,554.18,2388.1,9056.73,1.3,47.26,522.17,2388.03,8132.11,8.3889,0.03,392,2388,100.0,38.81,23.3233
55,8,-0.0044,-0.0002,100.0,518.67,642.71,1590.21,1399.9,14.62,21.61,553.39,2388.05,9050.65,1.3,47.21,521.85,2388.02,8134.06,8.4086,0.03,392,2388,100.0,38.85,23.4352
55,9,-0.0047,0.0002,100.0,518.67,642.38,1587.07,1405.51,14.62,21.61,554.78,2388.03,9051.7,1.3,47.25,522.12,2388.03,8140.18,8.4351,0.03,393,2388,100.0,39.05,23.3281
55,10,0.0022,-0.0005,100.0,518.67,642.28,1582.65,1400.99,14.62,21.61,554.06,2388.07,9059.46,1.3,47.32,522.0,2388.02,8137.89,8.3907,0.03,393,2388,100.0,39.08,23.294
55,11,0.0018,-0.0001,100.0,518.67,642.15,1587.89,1400.92,14.62,21.61,553.73,2388.03,9051.5,1.3,47.08,522.34,2388.01,8135.49,8.4036,0.03,392,2388,100.0,39.04,23.4947
55,12,-0.0003,0.0003,100.0,518.67,642.93,1590.84,1400.16,14.62,21.61,554.4,2388.02,9053.54,1.3,47.4,522.47,2388.06,8136.1,8.4235,0.03,392,2388,100.0,38.98,23.3509
55,13,0.0018,-0.0003,100.0,518.67,642.34,1583.11,1407.44,14.62,21.61,554.51,2388.05,9047.12,1.3,47.37,522.02,2388.01,8133.32,8.4268,0.03,393,2388,100.0,38.94,23.3787
55,14,0.0011,0.0004,100.0,518.67,642.74,1584.48,1399.25,14.62,21.61,554.39,2387.99,9047.88,1.3,47.36,521.93,2388.03,8131.63,8.4263,0.03,392,2388,100.0,38.86,23.3601
55,15,-0.0004,0.0005,100.0,518.67,642.81,1579.48,1403.0,14.62,21.61,554.19,2388.02,9055.38,1.3,47.25,522.11,2388.04,8143.0,8.412,0.03,392,2388,100.0,38.97,23.3404
55,16,-0.0032,0.0004,100.0,518.67,642.51,1585.22,1397.03,14.62,21.61,554.58,2388.02,9049.32,1.3,47.16,522.11,2388.01,8134.94,8.4375,0.03,391,2388,100.0,38.95,23.2439
55,17,0.0027,-0.0003,100.0,518.67,642.39,1583.71,1404.53,14.62,21.61,554.25,2388.04,9049.06,1.3,47.26,522.05,2388.06,8140.56,8.4072,0.03,391,2388,100.0,38.97,23.3268
55,18,-0.0037,0.0004,100.0,518.67,642.77,1591.87,1403.65,14.62,21.61,554.5,2388.08,9055.39,1.3,47.41,522.09,2388.01,8139.18,8.4171,0.03,394,2388,100.0,39.09,23.4777
55,19,0.0012,-0.0001,100.0,518.67,642.23,1579.01,1403.19,14.62,21.61,554.17,2388.07,9055.29,1.3,47.45,521.83,2388.05,8138.77,8.4172,0.03,392,2388,100.0,38.83,23.4409
55,20,0.0018,0.0002,100.0,518.67,642.21,1594.66,1399.54,14.62,21.61,554.53,2388.07,9055.07,1.3,47.46,522.08,2388.04,8138.61,8.401,0.03,392,2388,100.0,38.99,23.3772
55,21,0.0032,-0.0001,100.0,518.67,642.49,1583.28,1404.65,14.62,21.61,554.64,2387.98,9044.42,1.3,47.22,522.15,2388.08,8135.74,8.3825,0.03,392,2388,100.0,39.04,23.3357
55,22,0.0002,0.0002,100.0,518.67,641.86,1584.18,1401.37,14.62,21.61,554.79,2388.05,9053.77,1.3,47.24,522.02,2388.0,8137.14,8.4401,0.03,391,2388,100.0,38.94,23.3752
55,23,-0.0033,0.0002,100.0,518.67,642.56,1584.2,1406.85,14.62,21.61,554.25,2388.04,9054.6,1.3,47.37,521.53,2388.03,8139.63,8.3747,0.03,391,2388,100.0,38.83,23.3058
55,24,-0.0032,0.0,100.0,518.67,642.26,1583.2,1402.52,14.62,21.61,553.83,2388.03,9057.49,1.3,47.18,522.31,2388.04,8130.78,8.4064,0.03,391,2388,100.0,38.85,23.4231
55,25,-0.0012,0.0001,100.0,518.67,642.42,1587.28,1398.82,14.62,21.61,553.9,2388.02,9059.99,1.3,47.25,522.53,2388.06,8133.92,8.4385,0.03,392,2388,100.0,39.09,23.329
55,26,-0.0015,-0.0002,100.0,518.67,642.47,1584.37,1403.13,14.62,21.61,554.22,2388.03,9052.65,1.3,47.33,522.29,2388.07,8135.72,8.3852,0.03,392,2388,100.0,38.9,23.4673
55,27,0.0013,0.0,100.0,518.67,642.03,1587.39,1401.74,14.62,21.61,554.1,2388.07,9055.31,1.3,47.23,522.57,2388.06,8135.7,8.4396,0.03,393,2388,100.0,38.96,23.4078
55,28,-0.0005,0.0003,100.0,518.67,642.58,1585.46,1398.19,14.62,21.61,553.84,2388.1,9051.09,1.3,47.3,521.98,2388.08,8142.16,8.3807,0.03,393,2388,100.0,38.88,23.361
55,29,0.0015,0.0005,100.0,518.67,642.1,1588.0,1398.38,14.62,21.61,554.55,2388.0,9049.05,1.3,47.52,522.24,2388.01,8137.19,8.4233,0.03,391,2388,100.0,38.93,23.3537
55,30,-0.0024,0.0003,100.0,518.67,642.39,1584.22,1399.33,14.62,21.61,554.34,2388.07,9051.17,1.3,47.36,522.18,2388.04,8134.31,8.3977,0.03,393,2388,100.0,38.84,23.3927
55,31,-0.0002,-0.0001,100.0,518.67,642.15,1586.14,1399.55,14.62,21.6,554.34,2388.04,9052.62,1.3,47.32,521.88,2388.01,8133.82,8.4097,0.03,392,2388,100.0,39.1,23.3404
55,32,0.0012,-0.0005,100.0,518.67,641.95,1587.26,1399.95,14.62,21.61,554.87,2388.04,9060.9,1.3,47.28,522.01,2388.08,8135.32,8.4056,0.03,393,2388,100.0,39.04,23.3892
55,33,-0.0039,-0.0004,100.0,518.67,642.74,1581.77,1407.13,14.62,21.61,553.67,2388.01,9054.54,1.3,47.49,521.98,2388.09,8136.48,8.4225,0.03,391,2388,100.0,38.95,23.3799
55,34,0.0005,0.0003,100.0,518.67,642.43,1588.56,1407.33,14.62,21.61,554.99,2388.09,9055.29,1.3,47.2,521.89,2388.04,8134.63,8.4416,0.03,391,2388,100.0,39.07,23.4482
55,35,0.0012,-0.0,100.0,518.67,642.18,1584.59,1402.1,14.62,21.61,554.4,2387.99,9061.12,1.3,47.42,521.99,2388.03,8130.01,8.3641,0.03,393,2388,100.0,38.89,23.4082
55,36,-0.0016,0.0003,100.0,518.67,642.72,1579.69,1402.45,14.62,21.61,553.65,2388.08,9055.38,1.3,47.43,522.06,2388.04,8127.64,8.3798,0.03,391,2388,100.0,38.82,23.3425
55,37,-0.0017,-0.0003,100.0,518.67,642.49,1584.61,1400.02,14.62,21.61,554.85,2388.05,9051.24,1.3,47.32,521.76,2388.05,8136.14,8.3942,0.03,392,2388,100.0,38.93,23.3458
55,38,0.0048,0.0005,100.0,518.67,642.29,1589.88,1398.37,14.62,21.61,554.74,2388.03,9059.22,1.3,47.13,521.82,2388.04,8131.53,8.4358,0.03,394,2388,100.0,38.98,23.3565
55,39,0.0023,0.0004,100.0,518.67,642.68,1590.72,1411.1,14.62,21.61,553.64,2388.06,9049.75,1.3,47.33,521.52,2388.02,8136.2,8.3817,0.03,392,2388,100.0,38.79,23.4723
55,40,0.0037,0.0,100.0,518.67,642.22,1582.93,1399.87,14.62,21.61,553.61,2388.04,9056.2,1.3,47.48,522.11,2388.09,8130.97,8.3995,0.03,393,2388,100.0,38.75,23.3337
55,41,-0.0007,-0.0005,100.0,518.67,642.5,1583.07,1408.83,14.62,21.61,553.52,2388.05,9055.55,1.3,47.47,522.33,2388.05,8132.83,8.4103,0.03,392,2388,100.0,38.92,23.2751
55,42,-0.0056,0.0003,100.0,518.67,642.53,1584.45,1400.58,14.62,21.61,554.51,2388.04,9049.53,1.3,47.39,522.55,2388.05,8137.18,8.3818,0.03,392,2388,100.0,38.92,23.3995
55,43,-0.0011,-0.0004,100.0,518.67,642.3,1584.1,1401.21,14.62,21.61,553.81,2388.06,9056.41,1.3,47.36,521.89,2388.07,8138.09,8.4398,0.03,391,2388,100.0,39.06,23.3426
55,44,-0.0014,-0.0004,100.0,518.67,641.85,1587.92,1402.12,14.62,21.61,554.16,2388.07,9050.83,1.3,47.22,522.09,2388.06,8140.32,8.3822,0.03,392,2388,100.0,38.73,23.3789
55,45,-0.0005,-0.0003,100.0,518.67,642.26,1587.08,1400.64,14.62,21.61,554.24,2388.05,9056.52,1.3,47.25,522.27,2388.07,8137.18,8.398,0.03,392,2388,100.0,39.28,23.3698
55,46,-0.0042,0.0,100.0,518.67,642.37,1588.5,1395.55,14.62,21.61,554.22,2388.07,9055.45,1.3,47.3,521.86,2388.03,8137.14,8.4461,0.03,392,2388,100.0,38.87,23.3756
55,47,0.0006,-0.0002,100.0,518.67,642.82,1584.67,1403.15,14.62,21.61,554.34,2388.07,9054.08,1.3,47.37,521.46,2388.04,8135.94,8.4415,0.03,393,2388,100.0,38.82,23.4026
55,48,0.0004,-0.0005,100.0,518.67,642.31,1586.48,1398.31,14.62,21.61,554.16,2388.06,9052.48,1.3,47.3,521.61,2388.04,8137.7,8.369,0.03,392,2388,100.0,39.0,23.3002
55,49,0.0022,0.0002,100.0,518.67,642.09,1587.52,1400.12,14.62,21.61,554.85,2388.06,9062.17,1.3,47.44,522.09,2387.98,8136.45,8.4125,0.03,393,2388,100.0,38.89,23.3712
55,50,0.004,-0.0002,100.0,518.67,642.32,1586.66,1399.22,14.62,21.61,554.42,2388.0,9055.63,1.3,47.29,522.5,2388.07,8139.78,8.4407,0.03,391,2388,100.0,39.05,23.5159
55,51,-0.0013,-0.0005,100.0,518.67,641.79,1589.28,1400.35,14.62,21.61,553.58,2388.06,9058.93,1.3,47.48,522.59,2388.07,8131.13,8.4123,0.03,392,2388,100.0,38.96,23.3026
55,52,0.0015,0.0004,100.0,518.67,642.51,1585.44,1401.34,14.62,21.61,554.16,2388.12,9059.35,1.3,47.37,522.11,2388.02,8137.33,8.4379,0.03,392,2388,100.0,38.78,23.3548
55,53,0.0022,-0.0002,100.0,518.67,642.55,1586.57,1395.25,14.62,21.61,554.43,2388.02,9055.65,1.3,47.47,521.58,2388.03,8136.31,8.4221,0.03,392,2388,100.0,38.95,23.3451
55,54,0.0005,-0.0003,100.0,518.67,642.29,1584.69,1399.77,14.62,21.61,554.17,2388.06,9064.22,1.3,47.43,522.56,2388.08,8134.53,8.4561,0.03,390,2388,100.0,38.98,23.3626
55,55,-0.0006,0.0002,100.0,518.67,642.43,1587.06,1408.83,14.62,21.61,554.28,2387.97,9056.91,1.3,47.29,522.21,2388.04,8135.58,8.4517,0.03,393,2388,100.0,38.91,23.4031
55,56,-0.0018,-0.0001,100.0,518.67,641.8,1580.48,1397.81,14.62,21.61,553.64,2388.08,9053.1,1.3,47.47,521.31,2388.05,8137.66,8.404,0.03,392,2388,100.0,38.91,23.3606
55,57,-0.0031,-0.0001,100.0,518.67,642.49,1590.28,1396.13,14.62,21.61,554.31,2388.06,9056.22,1.3,47.35,522.22,2388.06,8141.4,8.4495,0.03,391,2388,100.0,38.86,23.2916
55,58,0.0021,-0.0001,100.0,518.67,642.19,1583.36,1402.65,14.62,21.61,553.84,2388.09,9044.92,1.3,47.39,521.72,2388.01,8137.53,8.4216,0.03,393,2388,100.0,38.94,23.3531
55,59,0.0026,0.0002,100.0,518.67,642.34,1580.94,1401.32,14.62,21.61,553.65,2388.04,9055.65,1.3,47.26,522.09,2388.02,8139.47,8.3754,0.03,393,2388,100.0,38.91,23.3855
55,60,0.0021,-0.0003,100.0,518.67,642.14,1586.35,1405.35,14.62,21.61,554.23,2388.12,9051.6,1.3,47.26,521.62,2388.06,8138.35,8.4181,0.03,392,2388,100.0,39.04,23.3875
55,61,-0.0007,0.0004,100.0,518.67,641.99,1590.75,1398.74,14.62,21.61,553.44,2388.08,9052.68,1.3,47.49,521.58,2388.04,8136.47,8.4024,0.03,393,2388,100.0,39.05,23.3444
55,62,-0.0014,0.0002,100.0,518.67,642.09,1586.77,1398.37,14.62,21.61,553.52,2388.02,9060.17,1.3,47.28,521.53,2388.0,8136.15,8.3974,0.03,393,2388,100.0,39.04,23.3378
55,63,-0.0004,0.0,100.0,518.67,642.91,1584.48,1398.32,14.62,21.61,554.99,2388.03,9050.61,1.3,47.5,522.27,2388.02,8140.97,8.4266,0.03,391,2388,100.0,39.16,23.351
55,64,0.0005,-0.0005,100.0,518.67,641.76,1583.55,1401.16,14.62,21.61,554.38,2388.09,9055.48,1.3,47.33,522.07,2388.05,8133.8,8.4027,0.03,391,2388,100.0,39.08,23.3387
55,65,0.005,-0.0003,100.0,518.67,642.15,1589.17,1404.81,14.62,21.61,553.71,2388.06,9058.94,1.3,47.23,521.48,2388.06,8135.68,8.413,0.03,391,2388,100.0,39.03,23.3642
55,66,-0.0006,-0.0003,100.0,518.67,642.36,1586.16,1398.15,14.62,21.61,554.65,2388.02,9052.72,1.3,47.53,521.63,2388.07,8134.31,8.4385,0.03,393,2388,100.0,38.91,23.4435
55,67,0.0001,0.0002,100.0,518.67,641.98,1586.05,1394.57,14.62,21.61,553.52,2388.01,9051.13,1.3,47.21,521.85,2388.05,8139.94,8.3953,0.03,391,2388,100.0,38.85,23.4023
55,68,0.0038,-0.0004,100.0,518.67,642.3,1584.89,1403.01,14.62,21.61,553.81,2388.05,9055.17,1.3,47.41,521.67,2388.07,8137.75,8.3799,0.03,391,2388,100.0,38.85,23.3762
55,69,0.0032,-0.0003,100.0,518.67,642.1,1578.89,1403.39,14.62,21.61,553.84,2388.07,9056.9,1.3,47.56,521.78,2388.05,8136.36,8.4121,0.03,392,2388,100.0,38.91,23.3332
55,70,0.0009,0.0004,100.0,518.67,642.54,1589.52,1404.53,14.62,21.61,554.18,2388.11,9056.13,1.3,47.36,522.44,2388.07,8137.11,8.4697,0.03,393,2388,100.0,39.08,23.4076
55,71,0.0022,-0.0004,100.0,518.67,642.2,1584.94,1400.36,14.62,21.61,554.02,2388.14,9054.58,1.3,47.45,521.6,2388.08,8139.25,8.4103,0.03,392,2388,100.0,38.91,23.3662
55,72,-0.0015,-0.0005,100.0,518.67,642.14,1594.9,1404.98,14.62,21.61,553.96,2388.12,9056.42,1.3,47.54,521.87,2388.04,8135.51,8.4496,0.03,393,2388,100.0,39.11,23.2666
55,73,0.0031,-0.0004,100.0,518.67,642.01,1590.05,1410.95,14.62,21.61,553.7,2388.05,9053.3,1.3,47.2,522.12,2388.05,8140.02,8.3764,0.03,391,2388,100.0,38.78,23.3501
55,74,-0.002,0.0002,100.0,518.67,642.02,1581.51,1405.26,14.62,21.61,554.39,2388.03,9063.91,1.3,47.31,522.18,2388.07,8139.32,8.4185,0.03,393,2388,100.0,38.78,23.3417
55,75,0.0027,-0.0003,100.0,518.67,642.36,1589.08,1402.64,14.62,21.61,554.15,2388.08,9056.97,1.3,47.39,522.17,2388.14,8138.88,8.4272,0.03,393,2388,100.0,38.92,23.3202
55,76,-0.0014,0.0001,100.0,518.67,642.54,1589.55,1400.6,14.62,21.61,553.32,2388.13,9052.94,1.3,47.28,521.98,2388.05,8139.02,8.3924,0.03,392,2388,100.0,38.84,23.3365
55,77,-0.0002,0.0003,100.0,518.67,642.65,1587.49,1403.46,14.62,21.61,554.12,2388.07,9062.13,1.3,47.16,522.07,2388.07,8146.46,8.4225,0.03,391,2388,100.0,38.9,23.425
55,78,-0.0018,0.0003,100.0,518.67,642.67,1586.58,1401.69,14.62,21.61,553.6,2387.98,9062.27,1.3,47.37,522.04,2388.07,8139.61,8.4021,0.03,391,2388,100.0,39.03,23.3981
55,79,0.0,0.0004,100.0,518.67,642.4,1585.71,1399.39,14.62,21.61,554.27,2388.07,9055.39,1.3,47.23,522.19,2388.01,8138.84,8.4147,0.03,391,2388,100.0,38.94,23.2508
55,80,-0.0004,-0.0001,100.0,518.67,642.18,1581.82,1408.51,14.62,21.61,554.02,2388.0,9061.62,1.3,47.32,522.19,2388.07,8137.35,8.4017,0.03,392,2388,100.0,38.79,23.3509
55,81,-0.0016,-0.0002,100.0,518.67,642.43,1590.58,1406.15,14.62,21.61,553.81,2388.07,9061.35,1.3,47.27,522.16,2388.07,8137.93,8.4021,0.03,391,2388,100.0,38.95,23.3384
55,82,0.0016,-0.0003,100.0,518.67,642.36,1590.08,1396.39,14.62,21.61,554.51,2388.07,9059.8,1.3,47.58,521.86,2388.1,8134.8,8.4098,0.03,394,2388,100.0,38.97,23.3499
55,83,0.0044,0.0004,100.0,518.67,642.71,1585.09,1399.32,14.62,21.61,553.89,2388.03,9059.44,1.3,47.39,522.09,2388.05,8142.45,8.4156,0.03,393,2388,100.0,38.94,23.3481
55,84,0.0026,0.0003,100.0,518.67,642.29,1585.42,1408.86,14.62,21.61,553.82,2388.03,9054.63,1.3,47.33,521.67,2388.08,8142.28,8.4175,0.03,392,2388,100.0,38.9,23.317
55,85,0.001,-0.0005,100.0,518.67,641.9,1584.48,1403.52,14.62,21.61,554.09,2388.12,9051.94,1.3,47.48,521.96,2388.01,8138.07,8.4237,0.03,393,2388,100.0,39.03,23.4496
55,86,-0.0001,0.0003,100.0,518.67,642.1,1593.63,1402.73,14.62,21.61,553.63,2387.96,9054.09,1.3,47.39,522.23,2388.06,8136.75,8.4127,0.03,391,2388,100.0,39.07,23.3984
55,87,-0.0013,0.0001,100.0,518.67,642.37,1587.98,1396.39,14.62,21.61,553.54,2388.04,9050.89,1.3,47.44,521.76,2388.07,8135.68,8.4187,0.03,392,2388,100.0,38.93,23.2761
55,88,-0.0037,0.0,100.0,518.67,642.2,1590.61,1402.31,14.62,21.61,554.91,2388.05,9056.26,1.3,47.52,521.94,2388.08,8142.28,8.4246,0.03,393,2388,100.0,39.05,23.3084
55,89,0.0011,-0.0005,100.0,518.67,642.43,1591.09,1409.58,14.62,21.61,554.37,2388.07,9056.19,1.3,47.39,521.92,2388.09,8138.69,8.3782,0.03,392,2388,100.0,38.88,23.3421
55,90,0.0005,-0.0002,100.0,518.67,642.75,1592.06,1407.15,14.62,21.61,554.22,2388.01,9053.33,1.3,47.32,522.1,2388.11,8136.85,8.4169,0.03,394,2388,100.0,39.08,23.3576
55,91,0.0007,-0.0005,100.0,518.67,642.27,1586.01,1406.28,14.62,21.61,554.81,2388.04,9056.94,1.3,47.35,521.91,2388.05,8136.32,8.463,0.03,392,2388,100.0,38.86,23.3133
55,92,-0.0045,-0.0004,100.0,518.67,642.92,1587.43,1404.0,14.62,21.61,554.34,2388.05,9051.57,1.3,47.38,521.9,2388.12,8136.9,8.437,0.03,394,2388,100.0,38.71,23.3643
55,93,0.0014,-0.0003,100.0,518.67,642.77,1589.42,1404.49,14.62,21.61,553.92,2388.09,9059.46,1.3,47.31,521.95,2388.05,8138.61,8.4222,0.03,393,2388,100.0,38.9,23.3349
55,94,0.0007,-0.0005,100.0,518.67,641.76,1589.51,1403.37,14.62,21.61,554.55,2388.1,9055.19,1.3,47.53,521.99,2388.01,8133.88,8.4071,0.03,392,2388,100.0,38.8,23.4209
55,95,-0.0021,0.0002,100.0,518.67,642.21,1588.01,1405.86,14.62,21.61,554.78,2388.05,9058.17,1.3,47.34,522.08,2388.11,8143.22,8.4275,0.03,392,2388,100.0,39.03,23.3128
55,96,-0.0001,-0.0003,100.0,518.67,641.88,1594.2,1407.98,14.62,21.61,553.4,2388.05,9051.24,1.3,47.39,522.02,2388.06,8136.93,8.4086,0.03,391,2388,100.0,39.13,23.4102
55,97,0.0018,-0.0002,100.0,518.67,641.99,1589.59,1414.57,14.62,21.61,553.29,2388.04,9062.08,1.3,47.18,521.78,2388.06,8136.47,8.3887,0.03,394,2388,100.0,38.96,23.3039
55,98,0.0037,-0.0,100.0,518.67,641.53,1585.91,1398.76,14.62,21.61,554.74,2388.06,9050.85,1.3,47.4,522.03,2388.08,8136.21,8.4153,0.03,393,2388,100.0,39.07,23.3312
55,99,0.0019,0.0001,100.0,518.67,642.74,1592.87,1396.69,14.62,21.61,554.06,2388.02,9052.43,1.3,47.35,521.94,2388.06,8137.31,8.3986,0.03,394,2388,100.0,39.01,23.3296
55,100,-0.0017,-0.0003,100.0,518.67,642.54,1593.52,1406.86,14.62,21.61,553.79,2388.05,9055.87,1.3,47.29,522.71,2387.99,8138.58,8.4108,0.03,392,2388,100.0,39.11,23.2991
55,101,0.0002,-0.0,100.0,518.67,642.28,1589.69,1404.93,14.62,21.61,553.52,2388.06,9062.84,1.3,47.26,521.72,2388.07,8139.58,8.4278,0.03,393,2388,100.0,38.88,23.4026
55,102,0.0014,-0.0003,100.0,518.67,642.3,1588.41,1408.25,14.62,21.61,553.06,2388.09,9061.42,1.3,47.38,521.78,2388.02,8133.2,8.4404,0.03,393,2388,100.0,38.92,23.2589
55,103,0.0007,0.0003,100.0,518.67,642.5,1582.19,1407.58,14.62,21.61,553.89,2388.04,9067.11,1.3,47.53,521.61,2388.03,8138.24,8.4196,0.03,392,2388,100.0,38.96,23.2507
55,104,0.0023,-0.0004,100.0,518.67,642.12,1585.5,1403.37,14.62,21.61,554.33,2388.05,9053.9,1.3,47.36,521.88,2388.06,8143.93,8.4269,0.03,391,2388,100.0,39.11,23.4648
55,105,-0.0027,-0.0003,100.0,518.67,642.67,1582.19,1401.9,14.62,21.61,553.86,2388.07,9063.23,1.3,47.46,521.91,2388.06,8134.86,8.4281,0.03,393,2388,100.0,38.85,23.3015
55,106,0.0036,0.0002,100.0,518.67,641.86,1584.46,1401.5,14.62,21.61,553.88,2388.12,9056.32,1.3,47.3,521.83,2388.06,8134.95,8.4487,0.03,392,2388,100.0,38.82,23.4042
55,107,-0.0043,-0.0005,100.0,518.67,642.48,1586.67,1407.53,14.62,21.61,554.21,2388.06,9062.19,1.3,47.19,521.35,2388.08,8142.65,8.4148,0.03,393,2388,100.0,38.9,23.2909
55,108,0.0007,-0.0001,100.0,518.67,642.23,1590.47,1397.91,14.62,21.61,553.85,2388.09,9048.66,1.3,47.27,522.48,2388.04,8141.2,8.4189,0.03,392,2388,100.0,39.0,23.3853
55,109,-0.0024,0.0004,100.0,518.67,642.52,1592.76,1400.69,14.62,21.61,553.93,2388.05,9056.84,1.3,47.25,522.51,2388.09,8142.52,8.3962,0.03,392,2388,100.0,38.95,23.3802
55,110,-0.0005,0.0,100.0,518.67,642.12,1591.76,1408.29,14.62,21.61,554.02,2388.1,9060.63,1.3,47.28,521.86,2388.08,8140.48,8.4586,0.03,393,2388,100.0,39.03,23.2399
55,111,-0.0012,0.0001,100.0,518.67,642.77,1585.58,1412.97,14.62,21.61,553.72,2388.05,9054.48,1.3,47.46,521.82,2388.07,8140.77,8.4367,0.03,393,2388,100.0,39.05,23.453
55,112,0.0015,-0.0002,100.0,518.67,642.63,1583.04,1402.3,14.62,21.61,553.96,2388.05,9064.52,1.3,47.5,522.58,2388.11,8142.05,8.4096,0.03,393,2388,100.0,39.02,23.2973
55,113,-0.0059,0.0002,100.0,518.67,642.2,1585.68,1399.63,14.62,21.61,553.37,2388.09,9056.16,1.3,47.5,521.92,2388.04,8135.62,8.4276,0.03,393,2388,100.0,38.93,23.3438
58,1,0.0019,0.0003,100.0,518.67,641.93,1589.01,1397.36,14.62,21.61,553.8,2388.03,9052.53,1.3,47.15,521.89,2388.07,8127.61,8.4338,0.03,392,2388,100.0,39.01,23.2973
58,2,0.0017,0.0002,100.0,518.67,642.42,1584.33,1404.24,14.62,21.61,554.2,2388.03,9042.78,1.3,47.13,522.06,2388.09,8128.56,8.3838,0.03,391,2388,100.0,38.93,23.4624
58,3,-0.0015,0.0003,100.0,518.67,642.18,1582.82,1408.29,14.62,21.61,554.08,2388.07,9046.81,1.3,47.35,521.73,2388.04,8132.41,8.4208,0.03,393,2388,100.0,38.99,23.3679
58,4,0.0002,0.0003,100.0,518.67,642.63,1587.91,1400.01,14.62,21.61,554.05,2388.08,9046.29,1.3,47.32,522.1,2388.04,8121.94,8.3918,0.03,393,2388,100.0,39.07,23.4623
58,5,-0.0007,-0.0002,100.0,518.67,642.06,1581.15,1404.09,14.62,21.61,554.6,2388.08,9048.29,1.3,47.17,521.62,2388.03,8132.82,8.4224,0.03,393,2388,100.0,38.95,23.3744
58,6,0.0001,-0.0002,100.0,518.67,642.13,1587.92,1405.81,14.62,21.61,554.71,2388.11,9046.69,1.3,47.34,521.25,2388.05,8125.86,8.4238,0.03,391,2388,100.0,38.95,23.4035
58,7,-0.0016,0.0003,100.0,518.67,642.37,1583.88,1396.43,14.62,21.61,554.57,2388.06,9049.44,1.3,47.22,521.59,2388.01,8134.35,8.4186,0.03,392,2388,100.0,39.03,23.3347
58,8,0.0003,0.0004,100.0,518.67,642.74,1585.78,1408.02,14.62,21.61,553.66,2388.06,9047.96,1.3,47.2,522.38,2388.05,8130.45,8.4081,0.03,393,2388,100.0,38.97,23.4338
58,9,-0.0042,0.0001,100.0,518.67,641.9,1587.58,1401.31,14.62,21.61,554.31,2388.01,9045.45,1.3,47.29,521.96,2388.03,8129.93,8.3937,0.03,392,2388,100.0,39.09,23.3186
58,10,-0.0018,-0.0002,100.0,518.67,642.28,1586.16,1402.15,14.62,21.61,553.93,2388.06,9057.71,1.3,47.41,522.02,2388.0,8138.3,8.4074,0.03,391,2388,100.0,38.77,23.3678
58,11,0.0005,0.0002,100.0,518.67,642.1,1585.07,1400.88,14.62,21.61,554.94,2388.06,9045.97,1.3,47.33,521.88,2388.12,8128.42,8.3883,0.03,392,2388,100.0,38.91,23.3704
58,12,-0.0005,-0.0003,100.0,518.67,642.03,1587.87,1396.7,14.62,21.61,554.46,2388.08,9054.74,1.3,47.32,522.74,2388.06,8131.96,8.4327,0.03,392,2388,100.0,39.02,23.3483
58,13,0.0006,-0.0005,100.0,518.67,641.97,1584.27,1400.91,14.62,21.61,553.73,2388.03,9052.63,1.3,47.36,522.27,2388.05,8126.59,8.4073,0.03,393,2388,100.0,38.97,23.2602
58,14,0.0012,0.0001,100.0,518.67,642.42,1581.21,1395.05,14.62,21.61,554.35,2388.08,9046.57,1.3,47.38,522.22,2388.07,8125.58,8.371,0.03,392,2388,100.0,38.99,23.4196
58,15,-0.0043,0.0001,100.0,518.67,642.06,1582.2,1399.91,14.62,21.61,554.23,2388.03,9044.17,1.3,47.21,522.37,2388.14,8133.42,8.3964,0.03,392,2388,100.0,39.07,23.4175
58,16,-0.0021,-0.0005,100.0,518.67,642.57,1586.76,1405.3,14.62,21.61,554.25,2388.1,9039.6,1.3,47.1,522.06,2388.07,8130.28,8.4589,0.03,392,2388,100.0,38.74,23.2802
58,17,0.0028,-0.0002,100.0,518.67,641.68,1594.94,1400.24,14.62,21.61,553.73,2388.1,9051.42,1.3,47.21,521.49,2388.09,8133.16,8.4315,0.03,393,2388,100.0,38.97,23.4132
58,18,0.0007,-0.0001,100.0,518.67,642.13,1592.22,1408.68,14.62,21.6,554.57,2388.09,9046.03,1.3,47.34,521.87,2388.02,8129.43,8.4465,0.03,390,2388,100.0,38.98,23.3305
58,19,-0.0021,-0.0003,100.0,518.67,641.95,1584.23,1406.51,14.62,21.61,553.59,2388.05,9052.26,1.3,47.41,521.74,2388.03,8130.71,8.4186,0.03,392,2388,100.0,38.98,23.4152
58,20,0.0018,-0.0005,100.0,518.67,642.28,1588.24,1401.84,14.62,21.61,554.04,2388.05,9048.81,1.3,47.3,521.95,2388.03,8126.51,8.3947,0.03,392,2388,100.0,38.95,23.4222
58,21,-0.0019,-0.0003,100.0,518.67,642.51,1584.03,1398.55,14.62,21.61,553.73,2388.09,9052.43,1.3,47.34,521.92,2388.04,8132.66,8.4246,0.03,391,2388,100.0,39.02,23.3549
58,22,0.0014,-0.0002,100.0,518.67,642.36,1586.38,1401.46,14.62,21.61,554.06,2388.03,9046.0,1.3,47.28,521.64,2388.1,8131.88,8.4095,0.03,392,2388,100.0,39.0,23.3764
58,23,0.0003,0.0,100.0,518.67,642.31,1580.41,1396.43,14.62,21.61,554.21,2387.99,9051.56,1.3,47.28,522.47,2388.1,8131.56,8.4215,0.03,392,2388,100.0,38.86,23.3825
58,24,0.0005,0.0004,100.0,518.67,642.21,1585.19,1396.16,14.62,21.61,553.78,2388.02,9048.05,1.3,47.43,521.9,2388.0,8130.1,8.3993,0.03,393,2388,100.0,39.04,23.3806
58,25,-0.0022,0.0,100.0,518.67,642.42,1587.02,1400.66,14.62,21.61,554.14,2388.02,9048.89,1.3,47.22,522.04,2388.1,8129.67,8.3847,0.03,391,2388,100.0,38.95,23.2624
58,26,-0.0004,0.0004,100.0,518.67,642.26,1587.56,1402.97,14.62,21.61,553.52,2388.05,9047.82,1.3,47.64,521.87,2388.02,8128.62,8.4636,0.03,391,2388,100.0,39.03,23.3332
58,27,-0.0017,-0.0004,100.0,518.67,642.42,1584.75,1395.35,14.62,21.61,554.51,2388.06,9046.25,1.3,47.22,522.2,2388.11,8131.33,8.3943,0.03,392,2388,100.0,38.94,23.3957
58,28,0.0,-0.0003,100.0,518.67,641.99,1588.38,1398.16,14.62,21.61,553.53,2388.07,9053.09,1.3,47.25,521.78,2388.07,8136.31,8.3856,0.03,391,2388,100.0,39.01,23.2773
58,29,0.0016,-0.0004,100.0,518.67,641.73,1587.02,1401.06,14.62,21.61,554.42,2388.06,9047.35,1.3,47.18,522.04,2388.1,8129.65,8.4397,0.03,392,2388,100.0,39.14,23.3564
58,30,-0.0017,0.0001,100.0,518.67,642.35,1586.3,1401.14,14.62,21.61,554.37,2388.1,9047.53,1.3,47.26,521.81,2388.06,8136.17,8.3916,0.03,392,2388,100.0,38.97,23.4751
58,31,-0.0,0.0003,100.0,518.67,642.67,1587.1,1400.89,14.62,21.61,554.48,2388.04,9048.44,1.3,47.32,522.24,2388.08,8125.54,8.3931,0.03,392,2388,100.0,38.96,23.326
58,32,0.0,-0.0004,100.0,518.67,642.12,1588.59,1401.77,14.62,21.61,553.64,2388.04,9050.52,1.3,47.2,522.15,2388.07,8128.2,8.4037,0.03,393,2388,100.0,38.97,23.3649
58,33,-0.0023,0.0001,100.0,518.67,641.87,1585.74,1396.02,14.62,21.61,554.39,2388.08,9044.98,1.3,47.42,522.17,2387.98,8128.81,8.4131,0.03,391,2388,100.0,38.91,23.3689
58,34,-0.0038,-0.0005,100.0,518.67,642.21,1590.35,1397.81,14.62,21.61,553.4,2387.99,9042.94,1.3,47.41,521.99,2388.04,8130.18,8.4061,0.03,394,2388,100.0,38.91,23.3887
58,35,0.0021,-0.0003,100.0,518.67,642.5,1588.31,1398.83,14.62,21.61,553.35,2388.07,9050.42,1.3,47.39,521.95,2388.09,8128.91,8.3782,0.03,392,2388,100.0,38.94,23.3844
58,36,-0.0011,-0.0002,100.0,518.67,641.81,1584.4,1398.32,14.62,21.61,553.96,2388.04,9054.96,1.3,47.41,521.69,2388.06,8132.23,8.38,0.03,394,2388,100.0,38.93,23.4812
58,37,0.0003,-0.0001,100.0,518.67,642.5,1587.63,1401.07,14.62,21.61,554.01,2388.04,9051.59,1.3,47.25,521.86,2388.06,8129.83,8.4079,0.03,392,2388,100.0,39.1,23.393
58,38,-0.0009,-0.0004,100.0,518.67,642.5,1588.84,1399.14,14.62,21.61,554.24,2388.06,9041.05,1.3,47.23,522.47,2388.03,8128.37,8.3815,0.03,391,2388,100.0,38.9,23.3376
58,39,0.0001,-0.0003,100.0,518.67,642.38,1588.69,1398.35,14.62,21.61,554.32,2388.07,9043.82,1.3,47.23,521.92,2388.05,8130.67,8.3915,0.03,390,2388,100.0,39.02,23.3151
58,40,-0.0063,-0.0004,100.0,518.67,642.76,1582.6,1404.84,14.62,21.61,553.84,2388.07,9047.96,1.3,47.2,522.38,2388.01,8128.87,8.4402,0.03,392,2388,100.0,38.89,23.3833
58,41,-0.0004,0.0003,100.0,518.67,642.21,1583.46,1403.92,14.62,21.61,554.07,2388.11,9038.67,1.3,47.3,522.57,2388.06,8125.85,8.4263,0.03,393,2388,100.0,38.85,23.4211
58,42,-0.0003,-0.0002,100.0,518.67,642.9,1585.89,1404.44,14.62,21.61,554.65,2388.03,9051.91,1.3,47.35,521.91,2388.09,8132.29,8.3864,0.03,391,2388,100.0,39.11,23.4408
58,43,-0.0032,-0.0002,100.0,518.67,642.17,1579.39,1397.25,14.62,21.61,553.84,2388.06,9042.52,1.3,47.37,521.98,2388.06,8131.16,8.425,0.03,392,2388,100.0,38.98,23.4441
58,44,-0.0029,-0.0004,100.0,518.67,641.95,1586.32,1403.18,14.62,21.61,553.76,2388.09,9047.26,1.3,47.16,521.85,2388.13,8126.5,8.3999,0.03,392,2388,100.0,38.92,23.3529
58,45,0.0003,-0.0002,100.0,518.67,642.43,1584.25,1394.24,14.62,21.61,554.37,2388.05,9047.34,1.3,47.39,521.9,2388.03,8132.06,8.4205,0.03,394,2388,100.0,39.09,23.3876
58,46,-0.001,0.0005,100.0,518.67,641.47,1586.48,1399.54,14.62,21.61,554.03,2388.05,9048.75,1.3,47.4,521.95,2388.02,8131.34,8.3669,0.03,391,2388,100.0,39.08,23.3712
58,47,-0.0021,0.0004,100.0,518.67,641.56,1591.18,1404.06,14.62,21.61,554.12,2388.06,9049.82,1.3,47.32,521.68,2388.09,8135.06,8.4673,0.03,393,2388,100.0,38.86,23.3166
58,48,0.0024,-0.0002,100.0,518.67,642.48,1589.5,1399.34,14.62,21.61,553.98,2388.09,9047.88,1.3,47.33,521.42,2388.01,8128.56,8.4125,0.03,392,2388,100.0,39.02,23.3615
58,49,-0.0004,-0.0003,100.0,518.67,641.79,1586.92,1400.89,14.62,21.61,554.02,2388.05,9049.51,1.3,47.34,522.39,2388.09,8133.63,8.4065,0.03,393,2388,100.0,38.96,23.4274
58,50,0.0024,-0.0005,100.0,518.67,642.42,1591.64,1400.09,14.62,21.61,553.17,2388.06,9047.57,1.3,47.47,522.49,2388.08,8128.4,8.4136,0.03,393,2388,100.0,38.79,23.3803
58,51,-0.0014,-0.0001,100.0,518.67,642.38,1586.19,1400.54,14.62,21.61,553.87,2388.01,9048.92,1.3,47.45,522.4,2388.11,8129.03,8.3949,0.03,391,2388,100.0,39.05,23.4128
58,52,-0.001,0.0001,100.0,518.67,642.11,1586.92,1394.75,14.62,21.61,553.93,2388.06,9050.9,1.3,47.4,522.09,2388.04,8125.28,8.4171,0.03,393,2388,100.0,39.09,23.3454
58,53,0.0022,0.0004,100.0,518.67,642.48,1582.26,1398.87,14.62,21.61,554.17,2388.03,9050.02,1.3,47.31,522.01,2388.06,8130.57,8.446,0.03,394,2388,100.0,38.97,23.3745
58,54,0.0017,0.0002,100.0,518.67,642.43,1587.21,1405.52,14.62,21.61,553.48,2388.08,9044.6,1.3,47.19,521.69,2388.04,8131.31,8.4159,0.03,392,2388,100.0,38.81,23.3017
58,55,-0.0012,0.0004,100.0,518.67,642.08,1581.12,1406.07,14.62,21.61,554.26,2388.04,9046.77,1.3,47.31,521.79,2388.08,8134.09,8.4069,0.03,392,2388,100.0,39.0,23.4591
58,56,-0.0005,-0.0003,100.0,518.67,642.49,1594.32,1398.1,14.62,21.61,554.73,2388.04,9042.62,1.3,47.35,521.58,2388.01,8131.97,8.4229,0.03,391,2388,100.0,39.18,23.2507
58,57,0.001,0.0001,100.0,518.67,641.95,1593.4,1397.1,14.62,21.61,553.65,2388.07,9047.35,1.3,47.52,522.09,2388.04,8135.6,8.4077,0.03,392,2388,100.0,38.84,23.4801
58,58,-0.0002,-0.0003,100.0,518.67,642.8,1592.41,1396.97,14.62,21.61,554.2,2388.03,9045.29,1.3,47.36,522.66,2388.07,8129.71,8.3938,0.03,392,2388,100.0,38.86,23.4604
58,59,-0.0028,0.0002,100.0,518.67,642.54,1585.95,1414.02,14.62,21.61,553.42,2388.08,9039.84,1.3,47.4,521.9,2388.04,8128.78,8.3722,0.03,390,2388,100.0,38.82,23.3057
58,60,0.0012,0.0002,100.0,518.67,642.4,1588.29,1396.19,14.62,21.61,553.64,2388.08,9046.43,1.3,47.24,522.23,2388.03,8126.93,8.4087,0.03,392,2388,100.0,38.84,23.3765
58,61,-0.001,0.0,100.0,518.67,642.52,1583.14,1399.57,14.62,21.61,554.48,2387.92,9047.6,1.3,47.33,521.83,2388.11,8133.37,8.443,0.03,391,2388,100.0,39.04,23.4057
58,62,0.0027,0.0004,100.0,518.67,642.42,1580.92,1396.55,14.62,21.61,553.73,2388.03,9045.49,1.3,47.33,521.91,2388.12,8134.44,8.4329,0.03,392,2388,100.0,38.97,23.4283
58,63,0.001,-0.0002,100.0,518.67,642.61,1583.14,1405.3,14.62,21.61,554.09,2388.03,9045.38,1.3,47.39,522.12,2388.07,8130.73,8.4276,0.03,392,2388,100.0,38.97,23.4525
58,64,0.0003,-0.0004,100.0,518.67,642.58,1585.84,1396.41,14.62,21.61,554.35,2388.06,9052.95,1.3,47.26,522.1,2388.06,8131.4,8.3753,0.03,391,2388,100.0,39.03,23.4546
58,65,-0.0026,0.0002,100.0,518.67,642.33,1585.71,1405.89,14.62,21.61,553.73,2388.08,9056.05,1.3,47.19,521.83,2388.04,8131.8,8.4502,0.03,392,2388,100.0,38.8,23.3975
58,66,-0.0042,-0.0,100.0,518.67,642.48,1583.66,1400.78,14.62,21.61,553.75,2388.07,9043.27,1.3,47.36,521.82,2388.07,8132.85,8.3762,0.03,394,2388,100.0,38.82,23.4097
58,67,0.0009,0.0002,100.0,518.67,642.15,1584.57,1405.36,14.62,21.61,554.84,2388.02,9055.74,1.3,47.33,521.89,2388.1,8131.4,8.4063,0.03,392,2388,100.0,38.97,23.3726
58,68,0.0003,-0.0002,100.0,518.67,642.07,1586.18,1399.95,14.62,21.61,553.54,2388.11,9041.88,1.3,47.45,521.99,2388.08,8132.36,8.3829,0.03,393,2388,100.0,38.94,23.4129
58,69,0.0024,0.0001,100.0,518.67,642.34,1585.04,1397.83,14.62,21.61,553.33,2388.09,9049.36,1.3,47.46,522.49,2388.09,8132.34,8.4232,0.03,393,2388,100.0,38.77,23.5576
58,70,-0.002,0.0004,100.0,518.67,642.42,1584.19,1397.6,14.62,21.61,554.44,2388.06,9057.58,1.3,47.48,522.28,2388.07,8129.14,8.4109,0.03,392,2388,100.0,39.04,23.4107
58,71,-0.0017,-0.0,100.0,518.67,643.21,1592.29,1407.88,14.62,21.61,553.78,2388.1,9057.6,1.3,47.4,521.85,2388.1,8132.27,8.4568,0.03,392,2388,100.0,38.65,23.4683
58,72,-0.0009,-0.0003,100.0,518.67,642.72,1591.44,1400.95,14.62,21.61,553.24,2388.06,9052.67,1.3,47.33,522.23,2388.06,8129.22,8.4002,0.03,391,2388,100.0,39.06,23.3602
58,73,-0.0022,0.0,100.0,518.67,642.34,1583.25,1405.08,14.62,21.61,554.38,2388.12,9043.09,1.3,47.51,522.27,2388.12,8129.6,8.4382,0.03,391,2388,100.0,39.09,23.2905
58,74,-0.0017,0.0004,100.0,518.67,641.79,1590.76,1403.24,14.62,21.61,554.36,2388.07,9052.82,1.3,47.27,521.9,2388.02,8131.93,8.394,0.03,391,2388,100.0,38.93,23.3279
58,75,-0.0015,-0.0003,100.0,518.67,642.17,1583.86,1404.46,14.62,21.61,553.89,2388.07,9046.38,1.3,47.44,521.44,2388.01,8133.29,8.4183,0.03,392,2388,100.0,38.94,23.3334
58,76,-0.0013,-0.0004,100.0,518.67,642.48,1594.94,1403.09,14.62,21.61,553.98,2388.07,9052.83,1.3,47.24,521.63,2388.09,8129.07,8.4251,0.03,392,2388,100.0,38.97,23.3616
58,77,0.0011,0.0002,100.0,518.67,642.41,1583.88,1405.08,14.62,21.61,553.68,2388.03,9045.45,1.3,47.39,521.89,2388.07,8129.62,8.4132,0.03,393,2388,100.0,39.04,23.4244
58,78,0.0025,0.0004,100.0,518.67,642.75,1592.65,1399.19,14.62,21.61,553.73,2388.06,9045.41,1.3,47.23,522.12,2388.12,8132.47,8.4086,0.03,392,2388,100.0,38.95,23.4345
58,79,-0.0012,-0.0001,100.0,518.67,642.18,1591.36,1409.6,14.62,21.61,554.15,2388.09,9047.64,1.3,47.15,522.17,2388.08,8135.26,8.3842,0.03,392,2388,100.0,39.03,23.3375
58,80,0.0015,-0.0004,100.0,518.67,642.46,1586.57,1398.44,14.62,21.61,554.28,2388.12,9045.29,1.3,47.37,522.12,2388.05,8131.37,8.4256,0.03,393,2388,100.0,38.93,23.3965
58,81,0.0009,-0.0002,100.0,518.67,642.0,1592.45,1397.46,14.62,21.61,554.77,2388.09,9055.8,1.3,47.19,522.01,2388.08,8133.55,8.4358,0.03,394,2388,100.0,38.95,23.4109
58,82,-0.0026,-0.0005,100.0,518.67,642.59,1587.61,1401.49,14.62,21.61,553.6,2388.1,9055.09,1.3,47.24,521.83,2388.05,8130.76,8.399,0.03,391,2388,100.0,38.88,23.3738
58,83,0.0018,-0.0005,100.0,518.67,642.15,1595.53,1407.51,14.62,21.61,553.92,2388.02,9049.14,1.3,47.34,521.57,2388.05,8134.52,8.4082,0.03,393,2388,100.0,38.97,23.275
58,84,-0.0002,0.0001,100.0,518.67,642.67,1585.93,1401.45,14.62,21.61,553.8,2388.1,9049.13,1.3,47.43,521.45,2388.09,8128.72,8.417,0.03,392,2388,100.0,38.9,23.2956
58,85,0.0002,-0.0003,100.0,518.67,642.78,1588.87,1398.83,14.62,21.61,553.7,2388.1,9046.34,1.3,47.21,522.47,2388.1,8134.83,8.4583,0.03,392,2388,100.0,38.8,23.1775
58,86,0.0001,-0.0004,100.0,518.67,642.39,1585.08,1395.41,14.62,21.61,554.14,2388.08,9050.5,1.3,47.41,521.61,2388.08,8133.28,8.4098,0.03,393,2388,100.0,38.86,23.3471
58,87,0.0001,0.0,100.0,518.67,642.67,1582.37,1396.83,14.62,21.61,553.3,2388.05,9051.75,1.3,47.49,521.74,2388.05,8124.29,8.426,0.03,392,2388,100.0,39.03,23.2832
58,88,0.0016,0.0001,100.0,518.67,642.51,1585.99,1398.39,14.62,21.61,553.9,2388.06,9054.87,1.3,47.45,522.07,2388.12,8135.21,8.4136,0.03,393,2388,100.0,38.86,23.4126
58,89,0.0019,0.0002,100.0,518.67,642.3,1588.17,1406.31,14.62,21.61,554.47,2388.12,9045.95,1.3,47.29,522.04,2388.02,8129.0,8.4391,0.03,391,2388,100.0,38.9,23.4637
58,90,0.0028,0.0,100.0,518.67,642.1,1586.44,1403.35,14.62,21.61,554.0,2388.07,9050.78,1.3,47.35,522.11,2388.09,8130.2,8.4374,0.03,392,2388,100.0,38.74,23.3
58,91,-0.0014,0.0004,100.0,518.67,642.5,1588.05,1402.72,14.62,21.61,553.23,2388.11,9052.89,1.3,47.5,521.95,2388.13,8137.62,8.4292,0.03,393,2388,100.0,39.07,23.4279
58,92,0.0023,0.0001,100.0,518.67,642.5,1589.85,1404.02,14.62,21.61,554.28,2388.06,9042.41,1.3,47.45,521.64,2388.11,8131.9,8.3913,0.03,393,2388,100.0,38.9,23.37
58,93,-0.0045,0.0004,100.0,518.67,642.61,1586.32,1401.66,14.62,21.61,553.94,2388.05,9052.13,1.3,47.36,521.83,2388.04,8135.73,8.4252,0.03,392,2388,100.0,38.81,23.2857
58,94,-0.0003,-0.0003,100.0,518.67,642.25,1583.23,1406.76,14.62,21.61,553.97,2388.1,9044.06,1.3,47.56,521.93,2388.09,8130.83,8.4383,0.03,392,2388,100.0,38.95,23.3256
58,95,-0.0013,-0.0001,100.0,518.67,642.32,1589.39,1402.61,14.62,21.61,554.06,2388.01,9052.03,1.3,47.42,522.42,2388.07,8134.67,8.402,0.03,393,2388,100.0,38.93,23.4261
58,96,-0.0011,0.0004,100.0,518.67,642.58,1584.1,1399.22,14.62,21.61,554.12,2388.03,9050.51,1.3,47.41,521.89,2388.09,8135.91,8.4073,0.03,393,2388,100.0,38.89,23.2845
58,97,-0.0039,-0.0003,100.0,518.67,642.35,1583.76,1406.6,14.62,21.61,553.41,2388.12,9050.83,1.3,47.36,522.04,2388.06,8131.98,8.4242,0.03,393,2388,100.0,38.86,23.2974
58,98,0.0005,0.0003,100.0,518.67,642.06,1591.45,1408.28,14.62,21.61,553.87,2388.12,9053.2,1.3,47.39,522.02,2388.03,8129.74,8.4272,0.03,392,2388,100.0,38.79,23.3183
58,99,-0.0003,-0.0001,100.0,518.67,642.49,1588.78,1397.7,14.62,21.61,554.09,2388.06,9052.51,1.3,47.44,521.88,2388.14,8127.08,8.4327,0.03,394,2388,100.0,38.74,23.3876
58,100,0.0015,0.0005,100.0,518.67,642.18,1592.4,1406.35,14.62,21.61,553.83,2388.08,9044.77,1.3,47.29,522.01,2388.1,8131.95,8.4065,0.03,392,2388,100.0,38.9,23.3203
58,101,0.0017,0.0003,100.0,518.67,642.82,1585.26,1398.14,14.62,21.61,553.95,2388.12,9057.58,1.3,47.35,522.54,2388.06,8136.55,8.4114,0.03,392,2388,100.0,38.85,23.3688
58,102,0.0003,-0.0002,100.0,518.67,642.14,1587.49,1401.3,14.62,21.61,554.05,2388.13,9050.15,1.3,47.37,521.38,2388.09,8128.74,8.4014,0.03,393,2388,100.0,39.01,23.3788
58,103,0.0022,0.0,100.0,518.67,642.29,1587.02,1406.28,14.62,21.61,553.02,2388.13,9053.3,1.3,47.41,521.1,2388.11,8131.62,8.4211,0.03,392,2388,100.0,38.73,23.2577
58,104,0.0008,-0.0002,100.0,518.67,642.43,1589.61,1405.92,14.62,21.61,553.96,2388.1,9053.85,1.3,47.23,521.91,2388.08,8131.35,8.412,0.03,390,2388,100.0,38.96,23.3824
58,105,0.002,0.0005,100.0,518.67,642.49,1589.23,1408.36,14.62,21.61,553.01,2388.09,9047.81,1.3,47.27,521.58,2388.05,8130.44,8.4034,0.03,394,2388,100.0,38.83,23.3069
58,106,0.0004,-0.0001,100.0,518.67,642.46,1588.08,1401.98,14.62,21.61,554.14,2388.06,9042.39,1.3,47.44,522.09,2388.11,8128.91,8.45,0.03,392,2388,100.0,38.85,23.3668
58,107,0.0012,0.0003,100.0,518.67,641.96,1589.48,1409.44,14.62,21.61,553.35,2388.12,9050.21,1.3,47.33,521.67,2388.13,8134.44,8.4518,0.03,391,2388,100.0,38.78,23.2969
58,108,-0.0012,0.0001,100.0,518.67,642.37,1587.29,1408.64,14.62,21.61,553.86,2388.01,9041.09,1.3,47.56,520.99,2388.07,8134.47,8.4331,0.03,391,2388,100.0,38.89,23.3737
58,109,-0.0016,-0.0001,100.0,518.67,643.07,1590.98,1412.44,14.62,21.61,553.82,2388.11,9047.31,1.3,47.4,522.02,2388.13,8131.99,8.42,0.03,392,2388,100.0,38.75,23.3029
58,110,-0.0008,-0.0004,100.0,518.67,642.83,1581.24,1407.87,14.62,21.61,553.95,2388.11,9046.02,1.3,47.42,521.4,2388.06,8128.17,8.4791,0.03,393,2388,100.0,38.87,23.3167
58,111,0.0013,0.0002,100.0,518.67,642.16,1583.85,1406.22,14.62,21.61,553.55,2388.08,9051.89,1.3,47.68,521.65,2388.09,8129.34,8.4093,0.03,391,2388,100.0,38.82,23.3432
58,112,-0.0,0.0001,100.0,518.67,642.61,1586.87,1403.97,14.62,21.61,553.81,2388.04,9051.25,1.3,47.41,521.61,2388.04,8137.37,8.4123,0.03,392,2388,100.0,38.86,23.2829
58,113,-0.0006,0.0001,100.0,518.67,642.72,1591.69,1402.34,14.62,21.61,553.84,2388.12,9052.44,1.3,47.51,521.76,2388.09,8133.45,8.4312,0.03,392,2388,100.0,39.04,23.3228
58,114,-0.0019,0.0004,100.0,518.67,642.22,1587.72,1409.15,14.62,21.61,554.39,2388.07,9054.84,1.3,47.42,521.51,2388.08,8134.93,8.4288,0.03,392,2388,100.0,38.88,23.3386
58,115,0.0013,-0.0002,100.0,518.67,642.56,1592.53,1404.65,14.62,21.61,554.26,2388.03,9052.6,1.3,47.53,521.8,2388.05,8135.3,8.3798,0.03,393,2388,100.0,38.87,23.2986
58,116,-0.0017,-0.0003,100.0,518.67,642.86,1589.37,1404.6,14.62,21.61,553.18,2388.15,9049.96,1.3,47.44,521.44,2388.08,8133.39,8.4233,0.03,392,2388,100.0,38.93,23.3376
58,117,-0.0009,-0.0002,100.0,518.67,642.55,1589.39,1412.17,14.62,21.61,553.7,2388.09,9044.66,1.3,47.5,521.94,2388.08,8133.47,8.417,0.03,392,2388,100.0,38.93,23.3237
58,118,-0.0006,-0.0004,100.0,518.67,642.56,1585.41,1408.96,14.62,21.61,553.33,2388.08,9054.19,1.3,47.62,521.19,2388.1,8130.52,8.4456,0.03,392,2388,100.0,38.71,23.2533
58,119,0.0005,-0.0,100.0,518.67,643.36,1591.23,1399.83,14.62,21.61,552.93,2388.1,9050.61,1.3,47.7,521.78,2388.09,8132.83,8.4163,0.03,394,2388,100.0,38.99,23.3165
58,120,0.003,0.0004,100.0,518.67,642.24,1592.12,1399.09,14.62,21.61,554.48,2388.11,9054.31,1.3,47.39,521.63,2388.09,8132.04,8.4752,0.03,394,2388,100.0,39.05,23.2521
58,121,-0.0007,0.0005,100.0,518.67,642.49,1588.01,1403.36,14.62,21.61,553.33,2388.04,9054.02,1.3,47.4,521.52,2388.05,8130.11,8.4186,0.03,392,2388,100.0,38.84,23.1036
58,122,-0.0023,-0.0003,100.0,518.67,642.34,1585.43,1404.72,14.62,21.61,553.36,2388.08,9041.37,1.3,47.44,521.38,2388.07,8130.65,8.4433,0.03,393,2388,100.0,38.93,23.4171
58,123,0.0005,0.0004,100.0,518.67,643.1,1588.86,1408.19,14.62,21.61,553.4,2388.09,9049.4,1.3,47.35,521.7,2388.11,8129.54,8.4076,0.03,392,2388,100.0,39.08,23.337
58,124,0.0041,-0.0,100.0,518.67,643.13,1591.53,1406.78,14.62,21.61,553.33,2388.12,9051.04,1.3,47.34,521.52,2388.09,8126.1,8.4349,0.03,392,2388,100.0,38.73,23.3403
58,125,0.0024,0.0003,100.0,518.67,642.25,1587.88,1404.17,14.62,21.61,552.5,2388.11,9053.48,1.3,47.38,521.89,2388.11,8131.26,8.4226,0.03,394,2388,100.0,39.05,23.2192
58,126,-0.0002,0.0002,100.0,518.67,641.88,1589.98,1404.39,14.62,21.61,553.38,2388.08,9047.06,1.3,47.43,521.48,2388.11,8133.05,8.4381,0.03,395,2388,100.0,39.01,23.2928
58,127,-0.0023,-0.0001,100.0,518.67,642.68,1595.25,1406.72,14.62,21.61,553.23,2388.12,9050.16,1.3,47.46,521.42,2388.1,8128.11,8.4179,0.03,393,2388,100.0,39.01,23.3238
58,128,0.002,0.0001,100.0,518.67,642.91,1582.42,1405.34,14.62,21.61,553.33,2388.14,9056.43,1.3,47.42,521.6,2388.07,8132.93,8.4215,0.03,393,2388,100.0,38.85,23.3805
58,129,-0.0017,0.0004,100.0,518.67,642.56,1579.47,1402.34,14.62,21.61,553.86,2388.13,9045.83,1.3,47.51,521.19,2388.1,8131.45,8.4679,0.03,393,2388,100.0,39.11,23.2742
58,130,-0.0002,0.0002,100.0,518.67,642.8,1592.86,1413.59,14.62,21.61,553.29,2388.12,9053.77,1.3,47.54,521.3,2388.09,8133.94,8.4332,0.03,394,2388,100.0,38.72,23.3947
58,131,0.0007,0.0004,100.0,518.67,642.73,1587.92,1404.71,14.62,21.61,553.95,2388.12,9056.54,1.3,47.39,521.17,2388.17,8131.47,8.4407,0.03,393,2388,100.0,38.83,23.2651
58,132,-0.0011,0.0003,100.0,518.67,642.61,1590.32,1407.41,14.62,21.61,553.86,2388.11,9042.46,1.3,47.64,520.93,2388.14,8129.19,8.4432,0.03,393,2388,100.0,38.8,23.2361
58,133,0.0024,0.0003,100.0,518.67,642.35,1587.59,1410.86,14.62,21.61,553.65,2388.09,9054.86,1.3,47.43,521.7,2388.1,8134.18,8.4243,0.03,393,2388,100.0,38.8,23.3312
58,134,-0.0011,0.0001,100.0,518.67,643.01,1589.17,1409.7,14.62,21.61,553.6,2388.09,9044.87,1.3,47.57,521.52,2388.09,8137.93,8.4636,0.03,393,2388,100.0,38.8,23.3705
58,135,-0.0013,-0.0001,100.0,518.67,642.57,1588.28,1405.28,14.62,21.61,552.99,2388.09,9050.47,1.3,47.39,521.5,2388.07,8137.61,8.4526,0.03,392,2388,100.0,38.83,23.3719
58,136,0.0011,0.0003,100.0,518.67,643.17,1591.0,1407.67,14.62,21.61,553.44,2388.12,9048.93,1.3,47.6,521.52,2388.1,8129.98,8.4581,0.03,393,2388,100.0,38.87,23.2579
58,137,-0.0016,-0.0004,100.0,518.67,642.23,1588.5,1404.04,14.62,21.61,553.65,2388.1,9056.42,1.3,47.48,521.33,2388.07,8128.04,8.4385,0.03,394,2388,100.0,38.71,23.1968
58,138,0.002,0.0004,100.0,518.67,642.56,1600.99,1406.64,14.62,21.61,553.69,2388.08,9055.05,1.3,47.72,521.82,2388.11,8136.0,8.414,0.03,393,2388,100.0,38.71,23.1872
58,139,0.0019,-0.0005,100.0,518.67,642.76,1590.42,1411.18,14.62,21.61,553.41,2388.12,9048.91,1.3,47.54,521.21,2388.11,8132.63,8.4255,0.03,392,2388,100.0,39.02,23.2897
58,140,0.0016,0.0005,100.0,518.67,642.6,1589.23,1411.54,14.62,21.61,553.24,2388.12,9052.35,1.3,47.39,521.73,2388.18,8125.72,8.4014,0.03,394,2388,100.0,38.65,23.2974
58,141,-0.0013,0.0004,100.0,518.67,642.97,1581.96,1405.64,14.62,21.61,553.14,2388.1,9051.08,1.3,47.36,521.01,2388.08,8133.39,8.4304,0.03,395,2388,100.0,38.7,23.1857
58,142,0.001,0.0002,100.0,518.67,642.88,1585.08,1408.04,14.62,21.61,553.46,2388.11,9052.07,1.3,47.56,521.75,2388.14,8134.28,8.4536,0.03,392,2388,100.0,38.81,23.2574
58,143,0.0006,-0.0002,100.0,518.67,642.31,1592.77,1413.06,14.62,21.61,553.12,2388.12,9042.72,1.3,47.56,521.6,2388.07,8131.45,8.4414,0.03,393,2388,100.0,38.72,23.3293
58,144,-0.0018,-0.0003,100.0,518.67,642.77,1589.06,1405.77,14.62,21.61,553.15,2388.15,9054.58,1.3,47.45,521.35,2388.13,8129.52,8.4176,0.03,393,2388,100.0,38.78,23.2894
58,145,0.0012,-0.0003,100.0,518.67,643.15,1586.47,1408.95,14.62,21.61,553.74,2388.12,9046.08,1.3,47.45,520.75,2388.13,8131.73,8.4506,0.03,394,2388,100.0,38.66,23.2275
58,146,-0.002,-0.0003,100.0,518.67,642.64,1590.99,1406.34,14.62,21.61,553.37,2388.12,9050.92,1.3,47.56,520.74,2388.16,8130.78,8.4372,0.03,394,2388,100.0,38.92,23.2662
58,147,-0.0025,-0.0,100.0,518.67,643.12,1592.46,1414.8,14.62,21.61,553.19,2388.09,9057.57,1.3,47.48,521.28,2388.08,8135.11,8.4552,0.03,393,2388,100.0,38.67,23.3393
58,148,0.0007,0.0004,100.0,518.67,642.61,1590.49,1410.13,14.62,21.61,553.01,2388.12,9050.53,1.3,47.74,521.43,2388.14,8136.68,8.4525,0.03,393,2388,100.0,38.69,23.212
58,149,0.0014,0.0005,100.0,518.67,642.88,1590.85,1409.68,14.62,21.61,553.21,2388.13,9053.04,1.3,47.73,521.35,2388.18,8135.82,8.4466,0.03,393,2388,100.0,38.92,23.3583
58,150,-0.0016,-0.0004,100.0,518.67,642.63,1587.46,1407.6,14.62,21.61,553.14,2388.13,9054.02,1.3,47.53,520.72,2388.15,8128.31,8.4531,0.03,394,2388,100.0,38.76,23.1777
58,151,0.0007,-0.0004,100.0,518.67,642.81,1589.59,1418.46,14.62,21.61,552.41,2388.11,9053.53,1.3,47.56,521.41,2388.13,8131.77,8.4557,0.03,394,2388,100.0,38.61,23.2985
58,152,-0.001,-0.0004,100.0,518.67,643.23,1592.6,1412.54,14.62,21.61,553.93,2388.12,9057.01,1.3,47.56,521.59,2388.13,8130.57,8.4691,0.03,394,2388,100.0,38.59,23.2759
58,153,-0.002,-0.0002,100.0,518.67,643.4,1591.91,1408.33,14.62,21.61,553.31,2388.14,9051.36,1.3,47.45,521.56,2388.12,8132.49,8.4235,0.03,392,2388,100.0,38.68,23.2816
58,154,-0.0022,0.0002,100.0,518.67,642.88,1582.29,1416.26,14.62,21.61,552.78,2388.15,9055.08,1.3,47.68,521.5,2388.12,8132.33,8.4747,0.03,395,2388,100.0,38.71,23.2015
58,155,0.0049,0.0004,100.0,518.67,642.65,1591.5,1404.6,14.62,21.61,553.58,2388.13,9055.86,1.3,47.57,520.8,2388.16,8136.98,8.452,0.03,394,2388,100.0,38.83,23.2716
58,156,0.0004,0.0002,100.0,518.67,642.86,1592.31,1409.53,14.62,21.61,553.26,2388.12,9061.75,1.3,47.69,520.97,2388.14,8135.2,8.4761,0.03,393,2388,100.0,38.89,23.294
58,157,-0.0017,0.0,100.0,518.67,642.44,1595.49,1412.7,14.62,21.61,553.15,2388.17,9052.19,1.3,47.68,520.78,2388.19,8133.42,8.4333,0.03,394,2388,100.0,38.81,23.1967
58,158,-0.0001,0.0001,100.0,518.67,642.55,1587.61,1415.31,14.62,21.61,553.25,2388.12,9047.39,1.3,47.58,520.96,2388.09,8133.66,8.4632,0.03,393,2388,100.0,38.78,23.1876
58,159,-0.0012,0.0001,100.0,518.67,642.16,1590.25,1416.97,14.62,21.61,552.67,2388.15,9045.22,1.3,47.52,521.78,2388.16,8135.11,8.4467,0.03,392,2388,100.0,38.91,23.2149
58,160,0.0005,-0.0005,100.0,518.67,642.44,1597.07,1415.44,14.62,21.61,553.41,2388.14,9058.69,1.3,47.79,521.13,2388.11,8129.68,8.4456,0.03,392,2388,100.0,38.63,23.1758
58,161,-0.001,-0.0004,100.0,518.67,642.68,1593.8,1410.08,14.62,21.61,552.98,2388.16,9058.64,1.3,47.78,521.11,2388.11,8132.6,8.4449,0.03,392,2388,100.0,38.77,23.3005
58,162,0.0021,0.0004,100.0,518.67,642.99,1596.84,1416.73,14.62,21.61,552.51,2388.19,9051.59,1.3,47.57,521.28,2388.14,8128.18,8.4698,0.03,393,2388,100.0,38.86,23.1615
58,163,-0.0017,-0.0004,100.0,518.67,642.48,1588.92,1419.2,14.62,21.61,553.51,2388.07,9066.65,1.3,47.66,521.05,2388.21,8132.72,8.4876,0.03,394,2388,100.0,38.93,23.1893
58,164,0.0022,0.0004,100.0,518.67,643.01,1593.68,1412.96,14.62,21.61,552.98,2388.16,9055.64,1.3,47.63,521.31,2388.07,8136.42,8.4162,0.03,393,2388,100.0,38.77,23.2654
58,165,-0.0014,-0.0003,100.0,518.67,642.84,1594.36,1408.19,14.62,21.61,552.67,2388.11,9056.11,1.3,47.42,521.37,2388.13,8131.68,8.4446,0.03,394,2388,100.0,38.67,23.224
58,166,0.007,-0.0001,100.0,518.67,642.91,1592.48,1407.3,14.62,21.61,553.48,2388.18,9054.19,1.3,47.69,520.99,2388.12,8129.12,8.4612,0.03,394,2388,100.0,38.65,23.1495
58,167,-0.0002,0.0005,100.0,518.67,642.7,1602.51,1413.36,14.62,21.61,551.85,2388.1,9051.84,1.3,47.82,521.03,2388.15,8129.93,8.4819,0.03,393,2388,100.0,38.8,23.1827
58,168,0.0018,0.0002,100.0,518.67,643.02,1585.79,1418.32,14.62,21.61,552.9,2388.16,9055.57,1.3,47.76,520.85,2388.13,8134.26,8.4811,0.03,395,2388,100.0,38.72,23.2457
58,169,0.0036,0.0004,100.0,518.67,643.23,1595.68,1414.28,14.62,21.61,552.7,2388.09,9054.73,1.3,47.69,520.74,2388.16,8138.61,8.4375,0.03,392,2388,100.0,38.49,23.2584
58,170,-0.0009,-0.0003,100.0,518.67,642.77,1594.41,1409.01,14.62,21.61,553.03,2388.16,9057.71,1.3,47.7,521.32,2388.2,8138.33,8.5051,0.03,394,2388,100.0,38.71,23.2598
58,171,0.0018,-0.0002,100.0,518.67,642.53,1596.02,1415.29,14.62,21.61,553.02,2388.17,9059.35,1.3,47.7,520.64,2388.18,8136.85,8.4346,0.03,393,2388,100.0,38.77,23.2524
58,172,0.0018,0.0003,100.0,518.67,643.03,1592.31,1421.27,14.62,21.61,552.89,2388.12,9055.44,1.3,47.83,520.93,2388.15,8138.41,8.4626,0.03,393,2388,100.0,38.82,23.3165
58,173,-0.0004,0.0005,100.0,518.67,642.64,1593.56,1418.24,14.62,21.61,552.56,2388.18,9053.99,1.3,47.65,520.99,2388.2,8130.31,8.4914,0.03,394,2388,100.0,38.82,23.1985
58,174,0.001,0.0002,100.0,518.67,642.84,1590.42,1412.78,14.62,21.61,553.26,2388.14,9063.39,1.3,47.84,521.18,2388.17,8134.17,8.427,0.03,395,2388,100.0,38.69,23.3461
58,175,0.0009,0.0001,100.0,518.67,643.47,1592.83,1419.21,14.62,21.61,551.99,2388.2,9049.18,1.3,47.71,520.81,2388.16,8131.13,8.4813,0.03,394,2388,100.0,38.7,23.1737
58,176,0.0,0.0005,100.0,518.67,643.01,1596.72,1418.42,14.62,21.61,553.07,2388.24,9058.12,1.3,47.78,521.2,2388.2,8128.82,8.497,0.03,392,2388,100.0,38.46,23.1747
59,1,-0.0008,-0.0004,100.0,518.67,642.25,1589.29,1395.2,14.62,21.61,554.74,2387.96,9050.56,1.3,47.44,522.52,2388.02,8139.38,8.3801,0.03,390,2388,100.0,39.14,23.3486
59,2,0.0027,0.0003,100.0,518.67,641.95,1584.45,1396.54,14.62,21.61,553.92,2388.05,9054.83,1.3,47.3,522.22,2388.04,8139.23,8.4134,0.03,391,2388,100.0,38.95,23.3867
59,3,-0.0012,-0.0003,100.0,518.67,642.28,1576.58,1397.83,14.62,21.61,553.99,2387.98,9055.65,1.3,47.2,522.3,2388.0,8142.85,8.375,0.03,393,2388,100.0,39.05,23.3997
59,4,0.0003,-0.0002,100.0,518.67,642.08,1585.31,1396.92,14.62,21.61,554.67,2387.99,9060.0,1.3,47.3,522.26,2387.95,8140.52,8.3968,0.03,392,2388,100.0,38.9,23.4394
59,5,0.0018,0.0003,100.0,518.67,641.53,1583.36,1397.55,14.62,21.61,554.29,2388.02,9060.37,1.3,46.99,522.8,2388.03,8137.96,8.3742,0.03,390,2388,100.0,38.98,23.3294
59,6,-0.0009,-0.0002,100.0,518.67,641.73,1579.85,1397.03,14.62,21.61,554.92,2388.0,9060.03,1.3,47.12,522.2,2388.0,8134.46,8.4105,0.03,391,2388,100.0,38.94,23.3968
59,7,0.0029,0.0004,100.0,518.67,641.91,1584.95,1403.11,14.62,21.61,555.1,2388.02,9054.87,1.3,47.27,522.5,2388.0,8133.55,8.4254,0.03,392,2388,100.0,39.02,23.4735
59,8,-0.0026,-0.0001,100.0,518.67,642.49,1589.11,1400.52,14.62,21.61,554.27,2387.96,9056.44,1.3,47.25,522.31,2387.99,8134.19,8.3944,0.03,392,2388,100.0,39.03,23.4092
59,9,0.0025,-0.0002,100.0,518.67,642.76,1589.17,1402.09,14.62,21.61,554.73,2387.97,9057.28,1.3,47.05,522.74,2387.96,8137.42,8.4087,0.03,391,2388,100.0,39.23,23.5045
59,10,-0.0027,0.0003,100.0,518.67,642.38,1581.67,1394.32,14.62,21.61,554.84,2387.99,9060.13,1.3,47.22,522.81,2387.99,8139.9,8.3904,0.03,391,2388,100.0,39.06,23.3893
59,11,0.0021,0.0001,100.0,518.67,642.44,1577.36,1395.34,14.62,21.61,555.23,2387.95,9052.18,1.3,47.1,522.46,2388.02,8138.11,8.3742,0.03,392,2388,100.0,39.09,23.4192
59,12,-0.0038,-0.0002,100.0,518.67,641.78,1580.27,1400.22,14.62,21.61,554.44,2387.99,9055.75,1.3,47.25,521.99,2388.03,8139.47,8.4192,0.03,392,2388,100.0,39.06,23.3572
59,13,0.0044,0.0001,100.0,518.67,641.95,1582.17,1401.34,14.62,21.6,554.97,2388.04,9046.26,1.3,47.36,521.92,2387.96,8137.88,8.3939,0.03,391,2388,100.0,39.02,23.5199
59,14,-0.0017,-0.0003,100.0,518.67,642.03,1592.78,1403.83,14.62,21.61,554.76,2388.04,9048.43,1.3,47.1,521.81,2388.05,8137.46,8.3664,0.03,391,2388,100.0,38.84,23.4377
59,15,-0.0019,0.0002,100.0,518.67,641.92,1581.43,1397.66,14.62,21.61,553.76,2387.98,9053.86,1.3,47.15,521.75,2388.0,8141.38,8.3718,0.03,390,2388,100.0,39.07,23.3881
59,16,0.0001,-0.0001,100.0,518.67,641.59,1575.58,1396.53,14.62,21.61,554.33,2388.03,9054.18,1.3,47.1,522.71,2388.0,8137.52,8.4159,0.03,392,2388,100.0,38.87,23.4849
59,17,-0.0046,0.0002,100.0,518.67,642.01,1586.06,1395.02,14.62,21.61,554.68,2388.04,9050.28,1.3,47.02,522.43,2387.94,8139.31,8.4251,0.03,391,2388,100.0,39.22,23.4513
59,18,-0.0026,0.0004,100.0,518.67,642.24,1588.47,1394.74,14.62,21.6,554.07,2388.04,9054.46,1.3,47.1,522.32,2388.04,8139.24,8.4023,0.03,392,2388,100.0,38.94,23.4468
59,19,0.0017,-0.0005,100.0,518.67,641.65,1579.22,1397.74,14.62,21.61,554.54,2388.0,9053.21,1.3,47.01,522.18,2388.05,8142.18,8.4117,0.03,390,2388,100.0,38.86,23.5788
59,20,0.0,-0.0005,100.0,518.67,641.69,1585.67,1385.93,14.62,21.61,554.43,2388.02,9053.93,1.3,47.12,522.5,2388.02,8139.95,8.4194,0.03,392,2388,100.0,39.18,23.4724
59,21,0.0051,-0.0,100.0,518.67,642.26,1581.6,1398.4,14.62,21.61,554.5,2387.97,9055.16,1.3,47.28,522.51,2388.03,8133.88,8.3982,0.03,392,2388,100.0,39.16,23.4692
59,22,-0.0037,0.0003,100.0,518.67,642.8,1584.9,1399.65,14.62,21.61,554.69,2388.02,9057.04,1.3,47.38,522.56,2388.03,8141.45,8.4008,0.03,391,2388,100.0,39.11,23.3311
59,23,0.0042,0.0001,100.0,518.67,642.85,1593.41,1394.17,14.62,21.61,554.81,2388.04,9053.63,1.3,47.18,522.64,2388.01,8138.1,8.3842,0.03,391,2388,100.0,39.03,23.3518
59,24,0.0004,-0.0003,100.0,518.67,642.36,1587.41,1399.03,14.62,21.61,553.96,2388.06,9051.52,1.3,47.24,522.21,2388.05,8133.1,8.3853,0.03,393,2388,100.0,38.94,23.3622
59,25,0.0031,-0.0005,100.0,518.67,641.96,1595.58,1394.37,14.62,21.61,555.13,2387.97,9056.96,1.3,47.23,522.06,2387.99,8139.65,8.4028,0.03,391,2388,100.0,38.85,23.3913
59,26,-0.0013,-0.0002,100.0,518.67,642.13,1580.41,1392.39,14.62,21.61,554.66,2388.04,9052.47,1.3,47.21,521.86,2388.01,8140.02,8.406,0.03,391,2388,100.0,38.93,23.2953
59,27,0.0034,-0.0,100.0,518.67,642.16,1578.39,1393.82,14.62,21.61,554.76,2388.02,9062.72,1.3,47.25,522.48,2388.02,8143.13,8.4161,0.03,392,2388,100.0,38.94,23.3557
59,28,0.0014,-0.0005,100.0,518.67,642.31,1586.95,1405.67,14.62,21.61,554.02,2388.02,9056.12,1.3,47.19,522.17,2388.02,8136.46,8.4146,0.03,389,2388,100.0,38.89,23.5495
59,29,-0.0048,0.0004,100.0,518.67,642.24,1581.09,1406.9,14.62,21.61,554.13,2388.02,9051.63,1.3,47.19,521.87,2387.98,8139.94,8.3856,0.03,392,2388,100.0,39.24,23.3353
59,30,-0.0015,-0.0,100.0,518.67,642.16,1583.68,1410.17,14.62,21.61,554.2,2388.02,9057.23,1.3,47.3,522.66,2388.01,8137.99,8.4148,0.03,391,2388,100.0,38.9,23.4867
59,31,0.0022,0.0004,100.0,518.67,642.68,1582.34,1395.62,14.62,21.61,554.42,2388.02,9051.58,1.3,47.18,522.8,2387.99,8136.01,8.4089,0.03,392,2388,100.0,38.98,23.5273
59,32,-0.0004,-0.0,100.0,518.67,642.07,1584.2,1400.92,14.62,21.61,554.36,2388.03,9051.14,1.3,47.19,522.25,2388.0,8143.27,8.4125,0.03,391,2388,100.0,38.94,23.5128
59,33,-0.0024,-0.0002,100.0,518.67,641.85,1584.61,1404.07,14.62,21.61,554.4,2388.01,9061.28,1.3,47.12,522.36,2388.02,8137.33,8.4193,0.03,392,2388,100.0,39.3,23.4548
59,34,-0.0017,0.0004,100.0,518.67,642.24,1584.06,1393.47,14.62,21.61,554.88,2387.95,9049.35,1.3,47.13,522.26,2388.0,8144.55,8.3898,0.03,393,2388,100.0,38.99,23.3835
59,35,0.0005,-0.0003,100.0,518.67,642.17,1584.4,1395.5,14.62,21.61,554.22,2388.02,9058.8,1.3,47.02,522.76,2388.01,8136.25,8.3709,0.03,393,2388,100.0,38.98,23.4075
59,36,0.0042,0.0003,100.0,518.67,642.25,1582.25,1398.3,14.62,21.61,554.05,2387.99,9054.11,1.3,47.3,522.64,2387.97,8135.37,8.4124,0.03,392,2388,100.0,38.93,23.48
59,37,-0.0025,-0.0002,100.0,518.67,642.63,1586.89,1399.16,14.62,21.61,554.14,2388.04,9057.96,1.3,47.21,522.02,2387.98,8141.25,8.3871,0.03,393,2388,100.0,39.26,23.5087
59,38,0.0013,0.0001,100.0,518.67,642.08,1587.31,1396.89,14.62,21.61,554.55,2387.99,9051.36,1.3,47.22,522.57,2388.06,8139.24,8.3663,0.03,392,2388,100.0,39.03,23.4715
59,39,-0.0033,-0.0005,100.0,518.67,641.91,1585.97,1401.86,14.62,21.61,554.31,2388.02,9056.89,1.3,47.23,522.31,2388.06,8139.03,8.3958,0.03,394,2388,100.0,39.08,23.2927
59,40,0.0026,0.0001,100.0,518.67,641.92,1579.82,1396.24,14.62,21.61,554.12,2388.0,9051.53,1.3,47.19,522.73,2387.97,8141.47,8.4179,0.03,390,2388,100.0,38.97,23.4229
59,41,-0.0003,0.0003,100.0,518.67,641.94,1580.4,1401.81,14.62,21.6,554.09,2388.01,9063.71,1.3,47.13,522.37,2388.05,8136.08,8.3845,0.03,392,2388,100.0,39.02,23.5471
59,42,-0.0009,-0.0002,100.0,518.67,642.62,1587.26,1396.11,14.62,21.61,554.04,2388.0,9054.22,1.3,47.19,521.62,2388.06,8140.28,8.3975,0.03,392,2388,100.0,39.06,23.3805
59,43,-0.0044,0.0002,100.0,518.67,642.76,1585.91,1400.76,14.62,21.61,554.5,2388.01,9058.17,1.3,47.22,522.7,2387.96,8136.54,8.3811,0.03,392,2388,100.0,39.04,23.3681
59,44,-0.0007,-0.0005,100.0,518.67,642.07,1584.95,1395.22,14.62,21.61,554.47,2387.99,9055.47,1.3,47.25,521.73,2388.04,8136.44,8.3961,0.03,390,2388,100.0,39.31,23.46
59,45,0.0031,-0.0002,100.0,518.67,642.38,1585.7,1397.47,14.62,21.61,554.5,2388.06,9057.95,1.3,47.03,522.57,2388.04,8139.13,8.4018,0.03,392,2388,100.0,39.04,23.4029
59,46,-0.0021,-0.0,100.0,518.67,642.27,1579.2,1399.95,14.62,21.61,554.34,2388.02,9060.24,1.3,47.11,522.44,2388.03,8138.13,8.3959,0.03,392,2388,100.0,38.99,23.4141
59,47,-0.0032,-0.0001,100.0,518.67,641.75,1579.84,1391.96,14.62,21.61,554.66,2388.0,9055.83,1.3,47.19,521.94,2388.0,8138.26,8.3759,0.03,394,2388,100.0,39.09,23.4395
59,48,0.0017,-0.0002,100.0,518.67,641.85,1584.7,1400.47,14.62,21.61,554.24,2388.06,9056.2,1.3,47.18,522.29,2388.0,8132.75,8.3699,0.03,391,2388,100.0,39.13,23.4815
59,49,0.0009,-0.0004,100.0,518.67,642.1,1583.81,1404.36,14.62,21.61,554.42,2387.97,9061.6,1.3,47.15,522.26,2388.03,8140.47,8.4146,0.03,391,2388,100.0,39.06,23.4987
59,50,0.0007,-0.0001,100.0,518.67,642.28,1584.68,1397.38,14.62,21.61,553.73,2388.0,9056.58,1.3,47.26,522.0,2388.08,8133.67,8.4187,0.03,390,2388,100.0,39.22,23.3653
59,51,-0.0014,0.0004,100.0,518.67,642.49,1586.83,1399.72,14.62,21.6,553.33,2388.05,9058.39,1.3,47.24,522.09,2388.06,8143.82,8.4,0.03,392,2388,100.0,38.94,23.386
59,52,-0.0005,0.0001,100.0,518.67,642.76,1587.62,1396.91,14.62,21.61,554.57,2388.02,9054.49,1.3,47.08,522.29,2388.05,8143.28,8.4365,0.03,393,2388,100.0,39.15,23.4475
59,53,0.0023,-0.0,100.0,518.67,641.71,1587.83,1396.47,14.62,21.61,554.11,2388.01,9052.73,1.3,47.08,522.26,2388.0,8137.76,8.4104,0.03,391,2388,100.0,38.92,23.3965
59,54,-0.0014,0.0,100.0,518.67,641.67,1586.06,1384.39,14.62,21.61,554.13,2388.04,9057.63,1.3,47.37,522.12,2387.99,8139.73,8.4057,0.03,390,2388,100.0,39.16,23.3763
59,55,0.0008,-0.0001,100.0,518.67,642.13,1577.44,1396.72,14.62,21.61,554.42,2387.97,9052.88,1.3,47.2,522.58,2388.04,8134.88,8.3841,0.03,393,2388,100.0,39.06,23.3695
59,56,-0.0013,-0.0003,100.0,518.67,642.5,1588.8,1401.46,14.62,21.61,554.49,2388.02,9053.97,1.3,47.01,522.33,2388.08,8137.67,8.3852,0.03,392,2388,100.0,39.03,23.3747
59,57,-0.0033,0.0002,100.0,518.67,641.98,1582.1,1397.9,14.62,21.61,554.06,2388.02,9053.72,1.3,47.16,522.72,2388.01,8140.47,8.4078,0.03,391,2388,100.0,39.17,23.4599
59,58,-0.0002,0.0001,100.0,518.67,642.19,1581.6,1393.5,14.62,21.61,554.26,2387.98,9065.23,1.3,47.27,521.92,2388.0,8137.13,8.4233,0.03,392,2388,100.0,39.03,23.352
59,59,0.0004,0.0003,100.0,518.67,642.44,1588.02,1397.74,14.62,21.61,554.24,2388.05,9061.21,1.3,47.14,522.51,2388.0,8135.52,8.4016,0.03,393,2388,100.0,39.04,23.394
59,60,-0.001,0.0003,100.0,518.67,641.9,1584.51,1395.48,14.62,21.61,555.27,2388.03,9057.62,1.3,47.21,522.25,2388.04,8140.11,8.4269,0.03,392,2388,100.0,38.88,23.5863
59,61,-0.0014,0.0,100.0,518.67,642.3,1591.6,1405.33,14.62,21.61,553.94,2388.01,9051.73,1.3,47.37,521.8,2388.02,8135.31,8.4058,0.03,390,2388,100.0,38.84,23.4876
59,62,0.0022,0.0002,100.0,518.67,642.1,1585.67,1398.31,14.62,21.61,553.93,2388.03,9060.03,1.3,47.26,522.17,2388.03,8137.6,8.4065,0.03,391,2388,100.0,38.87,23.3331
59,63,0.0004,-0.0003,100.0,518.67,642.13,1580.7,1398.59,14.62,21.61,555.37,2388.02,9055.38,1.3,47.09,521.87,2388.08,8142.19,8.3913,0.03,393,2388,100.0,38.92,23.5037
59,64,0.0012,-0.0001,100.0,518.67,642.43,1578.65,1398.04,14.62,21.61,554.11,2388.03,9057.37,1.3,47.34,522.32,2388.0,8141.34,8.3888,0.03,391,2388,100.0,38.99,23.3753
59,65,0.0026,0.0004,100.0,518.67,642.06,1585.74,1395.6,14.62,21.61,554.69,2388.03,9051.14,1.3,47.24,521.98,2388.04,8140.16,8.4487,0.03,390,2388,100.0,38.95,23.3721
59,66,0.0003,0.0001,100.0,518.67,642.25,1585.21,1406.96,14.62,21.61,554.56,2388.05,9061.7,1.3,47.12,522.33,2388.03,8134.46,8.4097,0.03,393,2388,100.0,38.98,23.415
59,67,0.0042,0.0002,100.0,518.67,641.7,1586.3,1400.26,14.62,21.61,554.33,2388.02,9056.34,1.3,47.25,522.76,2388.02,8139.72,8.3956,0.03,391,2388,100.0,39.03,23.3537
59,68,-0.0022,-0.0,100.0,518.67,642.05,1589.14,1400.23,14.62,21.61,554.68,2388.0,9054.4,1.3,47.12,522.32,2388.02,8134.36,8.4033,0.03,394,2388,100.0,39.0,23.3512
59,69,-0.0024,-0.0004,100.0,518.67,642.01,1586.77,1396.74,14.62,21.61,554.96,2388.07,9059.84,1.3,47.22,522.24,2388.08,8139.61,8.3988,0.03,392,2388,100.0,39.18,23.4696
59,70,0.0021,-0.0001,100.0,518.67,642.41,1588.33,1396.52,14.62,21.6,555.02,2387.99,9055.0,1.3,47.18,522.34,2388.04,8146.21,8.3701,0.03,391,2388,100.0,39.12,23.284
59,71,-0.0009,-0.0005,100.0,518.67,642.45,1592.32,1405.8,14.62,21.6,554.93,2388.03,9051.73,1.3,47.1,522.16,2388.02,8133.43,8.3957,0.03,391,2388,100.0,38.89,23.4054
59,72,-0.0023,-0.0001,100.0,518.67,641.94,1591.19,1397.23,14.62,21.61,553.81,2387.99,9058.3,1.3,47.26,522.46,2388.01,8141.25,8.3723,0.03,391,2388,100.0,39.04,23.4237
59,73,-0.0037,0.0004,100.0,518.67,642.39,1587.82,1399.03,14.62,21.61,554.8,2388.02,9053.92,1.3,47.13,522.53,2387.99,8140.47,8.4305,0.03,393,2388,100.0,39.01,23.3756
59,74,0.0024,0.0002,100.0,518.67,641.92,1589.72,1399.41,14.62,21.61,554.98,2388.04,9048.42,1.3,47.38,522.24,2388.03,8139.69,8.461,0.03,392,2388,100.0,39.11,23.4312
59,75,-0.0009,-0.0004,100.0,518.67,641.94,1589.27,1401.58,14.62,21.61,554.54,2388.02,9058.25,1.3,47.32,522.23,2387.98,8138.26,8.4345,0.03,392,2388,100.0,39.13,23.3543
59,76,0.0008,0.0003,100.0,518.67,642.01,1588.96,1397.13,14.62,21.61,554.36,2388.03,9056.5,1.3,47.2,522.42,2388.04,8143.18,8.4166,0.03,393,2388,100.0,38.85,23.3959
59,77,0.0037,0.0003,100.0,518.67,642.1,1582.83,1401.25,14.62,21.61,554.1,2388.01,9056.54,1.3,47.13,521.97,2388.04,8140.79,8.3722,0.03,393,2388,100.0,38.95,23.3459
59,78,0.0005,0.0,100.0,518.67,641.46,1583.12,1401.5,14.62,21.6,554.55,2388.05,9058.81,1.3,47.24,522.28,2388.02,8143.83,8.4223,0.03,391,2388,100.0,39.12,23.3662
59,79,-0.0001,0.0004,100.0,518.67,642.32,1579.46,1406.19,14.62,21.61,553.92,2388.05,9063.06,1.3,47.28,522.07,2388.02,8140.81,8.3867,0.03,391,2388,100.0,38.96,23.3813
59,80,0.0018,0.0004,100.0,518.67,641.81,1585.2,1392.6,14.62,21.61,553.76,2388.02,9053.48,1.3,47.34,521.91,2388.04,8133.97,8.4114,0.03,391,2388,100.0,38.95,23.3306
59,81,-0.0012,0.0001,100.0,518.67,642.0,1590.73,1407.05,14.62,21.61,554.77,2387.98,9057.08,1.3,47.44,522.61,2388.04,8134.42,8.3942,0.03,390,2388,100.0,38.89,23.3637
59,82,-0.0018,0.0004,100.0,518.67,642.0,1579.73,1399.29,14.62,21.61,554.38,2388.01,9058.19,1.3,47.18,522.24,2388.0,8134.28,8.3813,0.03,391,2388,100.0,38.98,23.3997
59,83,-0.0014,0.0004,100.0,518.67,642.47,1593.71,1396.01,14.62,21.61,554.0,2388.04,9061.2,1.3,47.33,521.36,2388.04,8139.51,8.4072,0.03,392,2388,100.0,38.99,23.3446
59,84,-0.0012,0.0002,100.0,518.67,642.13,1586.68,1394.96,14.62,21.61,554.36,2388.03,9060.14,1.3,47.2,522.35,2388.05,8139.1,8.3723,0.03,392,2388,100.0,39.14,23.3713
59,85,0.0015,-0.0003,100.0,518.67,641.87,1575.95,1396.29,14.62,21.61,554.61,2388.02,9056.78,1.3,47.34,522.1,2388.04,8139.41,8.4426,0.03,392,2388,100.0,38.94,23.386
59,86,0.0012,0.0002,100.0,518.67,642.51,1579.28,1399.27,14.62,21.61,554.22,2388.07,9064.47,1.3,47.34,523.1,2388.05,8138.23,8.3988,0.03,392,2388,100.0,38.8,23.3808
59,87,0.0011,-0.0004,100.0,518.67,642.04,1592.98,1405.42,14.62,21.61,553.77,2388.0,9057.65,1.3,47.2,522.41,2388.04,8140.17,8.3873,0.03,393,2388,100.0,39.06,23.5543
59,88,-0.0013,-0.0001,100.0,518.67,642.0,1590.1,1405.74,14.62,21.61,554.06,2388.03,9053.52,1.3,47.39,522.16,2388.06,8135.44,8.4154,0.03,393,2388,100.0,38.98,23.3217
59,89,0.0006,0.0004,100.0,518.67,642.67,1580.44,1395.16,14.62,21.61,553.93,2388.03,9056.64,1.3,47.45,521.66,2388.07,8139.22,8.4201,0.03,394,2388,100.0,38.97,23.4922
59,90,0.0034,0.0002,100.0,518.67,641.85,1582.8,1395.43,14.62,21.61,554.59,2388.06,9056.99,1.3,47.23,522.08,2388.06,8142.36,8.4392,0.03,392,2388,100.0,38.92,23.461
59,91,0.0061,0.0002,100.0,518.67,642.52,1589.25,1396.86,14.62,21.61,554.08,2388.04,9060.5,1.3,47.34,522.15,2388.06,8136.58,8.4272,0.03,392,2388,100.0,39.02,23.4733
59,92,0.0008,0.0004,100.0,518.67,642.02,1585.11,1405.97,14.62,21.61,553.64,2388.0,9052.77,1.3,47.15,521.82,2388.04,8142.07,8.4307,0.03,392,2388,100.0,38.98,23.4546
59,93,0.0009,-0.0002,100.0,518.67,642.42,1585.84,1403.0,14.62,21.61,554.22,2388.08,9059.27,1.3,47.39,521.91,2388.06,8138.22,8.4105,0.03,392,2388,100.0,38.93,23.3017
59,94,-0.0007,-0.0004,100.0,518.67,642.18,1584.24,1401.21,14.62,21.61,553.72,2388.0,9055.0,1.3,47.08,521.78,2388.05,8140.39,8.4267,0.03,390,2388,100.0,38.92,23.4337
60,1,-0.0003,-0.0005,100.0,518.67,642.13,1590.14,1406.64,14.62,21.61,553.86,2388.07,9054.04,1.3,47.39,521.98,2388.1,8140.51,8.3874,0.03,393,2388,100.0,38.87,23.294
60,2,0.002,-0.0005,100.0,518.67,642.48,1589.09,1403.85,14.62,21.61,553.51,2388.04,9052.95,1.3,47.51,521.34,2388.09,8136.05,8.43,0.03,391,2388,100.0,39.0,23.3081
60,3,0.0021,0.0003,100.0,518.67,642.61,1594.6,1407.97,14.62,21.61,553.23,2388.07,9051.91,1.3,47.26,521.52,2388.07,8134.11,8.4236,0.03,392,2388,100.0,39.03,23.3146
60,4,0.0005,-0.0002,100.0,518.67,641.95,1585.52,1398.48,14.62,21.61,553.58,2388.04,9054.79,1.3,47.39,521.59,2388.02,8131.37,8.4313,0.03,393,2388,100.0,38.78,23.4063
60,5,-0.0,0.0003,100.0,518.67,641.77,1588.14,1406.58,14.62,21.61,554.73,2388.06,9053.39,1.3,47.31,521.54,2388.01,8137.72,8.3963,0.03,394,2388,100.0,38.89,23.3504
60,6,-0.0026,0.0003,100.0,518.67,642.42,1592.44,1401.11,14.62,21.61,553.87,2388.11,9054.92,1.3,47.43,521.83,2388.12,8128.0,8.3986,0.03,391,2388,100.0,38.86,23.2452
60,7,0.0015,-0.0002,100.0,518.67,642.16,1582.94,1398.68,14.62,21.61,553.9,2388.09,9061.7,1.3,47.39,521.83,2388.03,8134.56,8.3961,0.03,393,2388,100.0,38.88,23.3912
60,8,0.002,-0.0005,100.0,518.67,642.46,1581.02,1402.4,14.62,21.61,553.01,2388.03,9050.4,1.3,47.56,521.85,2388.1,8138.36,8.4179,0.03,391,2388,100.0,38.96,23.3548
60,9,0.0027,0.0003,100.0,518.67,642.49,1582.9,1404.1,14.62,21.61,554.46,2388.03,9057.08,1.3,47.23,521.99,2388.08,8133.7,8.4054,0.03,391,2388,100.0,38.89,23.3366
60,10,-0.0007,0.0,100.0,518.67,642.32,1588.31,1404.28,14.62,21.61,554.14,2388.07,9050.17,1.3,47.29,521.65,2388.04,8136.14,8.3795,0.03,392,2388,100.0,38.81,23.3861
60,11,0.0004,-0.0004,100.0,518.67,642.57,1588.52,1403.14,14.62,21.61,553.29,2388.08,9059.24,1.3,47.39,521.33,2388.13,8131.62,8.4335,0.03,395,2388,100.0,38.91,23.3225
60,12,0.0019,-0.0003,100.0,518.67,642.66,1580.85,1402.36,14.62,21.61,554.24,2388.11,9060.0,1.3,47.32,521.78,2388.11,8137.26,8.3972,0.03,392,2388,100.0,38.96,23.3962
60,13,-0.0011,-0.0002,100.0,518.67,642.57,1592.02,1399.25,14.62,21.61,553.27,2388.09,9057.81,1.3,47.55,521.81,2388.07,8135.68,8.4068,0.03,391,2388,100.0,38.89,23.318
60,14,-0.0013,0.0003,100.0,518.67,641.95,1578.44,1407.69,14.62,21.61,553.71,2388.08,9055.55,1.3,47.55,521.71,2388.01,8133.6,8.3998,0.03,394,2388,100.0,38.92,23.3697
60,15,0.0011,-0.0003,100.0,518.67,642.24,1584.16,1401.12,14.62,21.61,553.27,2388.07,9045.79,1.3,47.41,522.16,2388.09,8133.5,8.4498,0.03,392,2388,100.0,38.81,23.176
60,16,-0.0002,-0.0,100.0,518.67,642.31,1587.6,1411.69,14.62,21.61,553.87,2388.04,9053.66,1.3,47.3,521.95,2388.1,8131.29,8.4283,0.03,393,2388,100.0,38.84,23.4397
60,17,0.0021,-0.0001,100.0,518.67,642.71,1588.09,1404.66,14.62,21.61,554.16,2388.08,9059.92,1.3,47.25,522.25,2388.12,8141.92,8.4376,0.03,392,2388,100.0,38.83,23.3102
60,18,0.001,0.0004,100.0,518.67,643.05,1584.06,1404.86,14.62,21.61,553.4,2388.11,9049.6,1.3,47.58,521.77,2388.07,8134.43,8.4416,0.03,392,2388,100.0,38.99,23.2515
60,19,0.0046,-0.0004,100.0,518.67,642.21,1588.69,1411.09,14.62,21.61,554.1,2388.04,9049.01,1.3,47.41,521.72,2388.09,8137.31,8.4385,0.03,392,2388,100.0,38.93,23.394
60,20,0.0026,0.0003,100.0,518.67,642.84,1583.24,1404.84,14.62,21.61,553.89,2388.11,9060.89,1.3,47.45,521.67,2388.09,8133.45,8.4428,0.03,390,2388,100.0,38.95,23.2954
60,21,-0.0028,0.0003,100.0,518.67,642.91,1586.77,1402.93,14.62,21.61,553.85,2388.09,9057.7,1.3,47.34,521.44,2388.08,8134.19,8.4047,0.03,391,2388,100.0,38.75,23.2728
60,22,0.0018,0.0001,100.0,518.67,642.07,1590.14,1401.19,14.62,21.61,553.93,2388.09,9053.91,1.3,47.43,521.28,2388.06,8134.35,8.447,0.03,393,2388,100.0,38.89,23.3656
60,23,-0.004,-0.0005,100.0,518.67,642.86,1584.01,1403.07,14.62,21.61,553.71,2388.08,9045.08,1.3,47.33,522.0,2388.1,8134.53,8.4157,0.03,394,2388,100.0,38.86,23.3224
60,24,0.0009,-0.0003,100.0,518.67,642.54,1588.91,1404.47,14.62,21.61,553.91,2388.1,9058.31,1.3,47.42,521.32,2388.06,8135.56,8.4416,0.03,394,2388,100.0,38.88,23.2652
60,25,0.0008,-0.0005,100.0,518.67,642.27,1589.75,1406.69,14.62,21.61,553.72,2388.11,9060.05,1.3,47.48,521.67,2387.96,8137.04,8.4057,0.03,392,2388,100.0,38.95,23.2975
60,26,-0.0002,-0.0,100.0,518.67,642.52,1587.78,1407.07,14.62,21.61,553.62,2388.06,9057.12,1.3,47.5,521.88,2388.05,8139.47,8.4311,0.03,393,2388,100.0,39.0,23.5264
60,27,0.0052,-0.0002,100.0,518.67,641.9,1592.0,1404.7,14.62,21.61,553.52,2388.06,9059.12,1.3,47.3,521.55,2388.06,8133.85,8.4318,0.03,393,2388,100.0,38.77,23.2778
60,28,0.0023,-0.0004,100.0,518.67,642.24,1584.93,1409.42,14.62,21.61,554.3,2388.08,9049.32,1.3,47.43,521.74,2388.0,8135.89,8.4467,0.03,394,2388,100.0,38.81,23.1811
60,29,-0.0027,0.0003,100.0,518.67,642.4,1591.76,1405.16,14.62,21.61,553.51,2388.04,9056.54,1.3,47.27,521.43,2388.07,8137.43,8.4304,0.03,392,2388,100.0,38.68,23.2943
60,30,0.0006,-0.0001,100.0,518.67,642.56,1583.37,1406.1,14.62,21.61,553.13,2388.07,9051.2,1.3,47.47,521.92,2388.08,8134.79,8.4519,0.03,393,2388,100.0,38.84,23.3576
60,31,-0.0019,0.0004,100.0,518.67,642.16,1581.97,1408.21,14.62,21.61,553.58,2388.04,9052.23,1.3,47.46,521.49,2388.05,8135.62,8.4294,0.03,392,2388,100.0,38.87,23.339
60,32,0.0024,0.0004,100.0,518.67,642.66,1590.15,1398.97,14.62,21.61,554.78,2388.03,9054.16,1.3,47.47,521.45,2388.05,8132.69,8.3858,0.03,392,2388,100.0,38.88,23.2779
60,33,0.001,0.0004,100.0,518.67,642.35,1585.39,1406.28,14.62,21.61,553.17,2388.1,9055.0,1.3,47.26,521.84,2388.12,8133.88,8.3938,0.03,392,2388,100.0,39.08,23.3136
60,34,0.0019,-0.0002,100.0,518.67,642.28,1588.45,1400.48,14.62,21.61,554.48,2388.06,9061.38,1.3,47.55,521.01,2388.02,8136.59,8.4367,0.03,393,2388,100.0,39.07,23.3657
60,35,0.0007,-0.0002,100.0,518.67,641.81,1591.32,1401.98,14.62,21.61,554.07,2388.06,9052.32,1.3,47.3,522.13,2388.05,8137.44,8.4174,0.03,393,2388,100.0,38.97,23.3478
60,36,0.0008,0.0002,100.0,518.67,641.82,1587.91,1403.83,14.62,21.61,554.21,2388.06,9058.7,1.3,47.35,522.03,2388.02,8133.95,8.4377,0.03,391,2388,100.0,38.91,23.3282
60,37,0.0004,0.0,100.0,518.67,642.42,1592.51,1406.13,14.62,21.61,553.71,2388.05,9049.56,1.3,47.26,521.88,2388.04,8135.72,8.4175,0.03,392,2388,100.0,38.76,23.3
60,38,0.0012,-0.0005,100.0,518.67,642.38,1583.74,1404.6,14.62,21.61,553.92,2388.13,9049.55,1.3,47.3,521.71,2388.07,8137.76,8.4245,0.03,393,2388,100.0,38.99,23.417
60,39,0.001,-0.0,100.0,518.67,642.5,1585.11,1405.55,14.62,21.61,553.34,2388.06,9062.75,1.3,47.49,521.5,2388.08,8138.33,8.4436,0.03,394,2388,100.0,38.97,23.2689
60,40,0.0003,0.0004,100.0,518.67,642.75,1586.31,1406.99,14.62,21.61,553.67,2388.1,9053.23,1.3,47.47,521.91,2388.09,8136.44,8.4507,0.03,392,2388,100.0,38.9,23.3433
60,41,-0.0027,-0.0004,100.0,518.67,642.65,1588.22,1413.07,14.62,21.61,553.83,2388.08,9055.98,1.3,47.62,521.39,2387.98,8138.81,8.3964,0.03,392,2388,100.0,38.87,23.3145
60,42,0.0007,0.0002,100.0,518.67,642.61,1585.56,1404.23,14.62,21.61,553.57,2388.08,9049.98,1.3,47.37,522.09,2388.05,8133.1,8.4313,0.03,393,2388,100.0,38.78,23.2324
60,43,-0.0023,-0.0003,100.0,518.67,642.24,1593.7,1400.5,14.62,21.6,553.63,2388.09,9059.13,1.3,47.48,521.29,2388.12,8136.02,8.4289,0.03,393,2388,100.0,38.84,23.1999
60,44,-0.0066,0.0002,100.0,518.67,642.49,1585.17,1412.38,14.62,21.61,553.14,2388.08,9052.04,1.3,47.48,521.53,2388.1,8136.38,8.3979,0.03,392,2388,100.0,38.7,23.3104
60,45,0.0005,-0.0003,100.0,518.67,642.17,1587.05,1403.28,14.62,21.6,553.98,2388.06,9050.59,1.3,47.35,521.74,2388.11,8135.23,8.4056,0.03,393,2388,100.0,38.86,23.2882
60,46,-0.0045,-0.0004,100.0,518.67,642.33,1592.98,1399.17,14.62,21.61,553.62,2388.03,9056.92,1.3,47.5,521.96,2388.11,8135.7,8.4347,0.03,394,2388,100.0,38.93,23.3243
60,47,0.0018,-0.0002,100.0,518.67,642.42,1586.72,1405.38,14.62,21.61,553.85,2388.06,9051.39,1.3,47.61,521.38,2388.14,8133.88,8.4324,0.03,392,2388,100.0,38.94,23.4244
60,48,0.0008,0.0003,100.0,518.67,642.65,1595.11,1401.33,14.62,21.61,554.03,2388.08,9055.22,1.3,47.28,521.54,2388.03,8134.25,8.4133,0.03,392,2388,100.0,38.75,23.405
60,49,0.0004,0.0004,100.0,518.67,642.58,1585.97,1405.32,14.62,21.61,554.21,2388.05,9052.6,1.3,47.48,521.81,2388.04,8138.43,8.4405,0.03,392,2388,100.0,38.97,23.3752
60,50,-0.0003,-0.0003,100.0,518.67,642.0,1592.66,1407.99,14.62,21.61,553.39,2388.11,9057.01,1.3,47.46,521.84,2388.09,8133.25,8.4796,0.03,393,2388,100.0,39.05,23.3466
60,51,-0.0006,-0.0005,100.0,518.67,642.49,1586.17,1408.48,14.62,21.61,553.39,2388.1,9053.62,1.3,47.46,521.63,2388.08,8133.54,8.4104,0.03,393,2388,100.0,39.02,23.3278
60,52,-0.0031,0.0002,100.0,518.67,642.13,1583.16,1402.22,14.62,21.61,553.31,2388.09,9050.03,1.3,47.68,521.46,2388.06,8127.7,8.4303,0.03,394,2388,100.0,38.83,23.3346
60,53,0.0008,-0.0004,100.0,518.67,641.78,1589.45,1409.85,14.62,21.61,553.89,2388.07,9059.18,1.3,47.3,521.51,2388.02,8136.36,8.4611,0.03,394,2388,100.0,38.83,23.2763
60,54,0.0011,0.0003,100.0,518.67,642.44,1593.24,1406.92,14.62,21.61,554.26,2388.11,9053.25,1.3,47.65,521.64,2388.06,8133.75,8.4262,0.03,393,2388,100.0,38.88,23.349
60,55,-0.0037,0.0004,100.0,518.67,642.73,1587.36,1404.07,14.62,21.61,553.49,2388.11,9048.37,1.3,47.4,521.79,2388.03,8138.18,8.3987,0.03,393,2388,100.0,38.67,23.4146
60,56,0.0001,0.0003,100.0,518.67,642.4,1585.33,1399.58,14.62,21.61,554.22,2388.07,9052.7,1.3,47.54,521.75,2388.07,8133.46,8.4224,0.03,393,2388,100.0,38.77,23.4196
60,57,-0.0004,0.0004,100.0,518.67,642.18,1581.49,1403.31,14.62,21.61,553.85,2388.09,9055.36,1.3,47.45,521.7,2388.1,8140.64,8.4215,0.03,393,2388,100.0,38.88,23.2929
60,58,0.002,-0.0003,100.0,518.67,642.67,1584.86,1406.59,14.62,21.61,553.79,2388.09,9054.78,1.3,47.33,522.0,2388.04,8126.55,8.4507,0.03,394,2388,100.0,38.77,23.3804
60,59,-0.0015,-0.0001,100.0,518.67,642.52,1589.16,1406.79,14.62,21.61,553.01,2388.03,9052.53,1.3,47.49,521.7,2388.1,8138.49,8.435,0.03,392,2388,100.0,38.85,23.3378
60,60,0.0006,0.0003,100.0,518.67,642.29,1589.17,1406.7,14.62,21.61,554.11,2388.13,9050.69,1.3,47.16,522.2,2388.07,8137.4,8.4407,0.03,393,2388,100.0,38.77,23.3608
60,61,-0.001,0.0,100.0,518.67,642.64,1586.05,1399.57,14.62,21.61,553.71,2388.15,9049.6,1.3,47.41,521.45,2388.08,8133.94,8.4182,0.03,394,2388,100.0,38.89,23.3308
60,62,0.0005,-0.0002,100.0,518.67,642.94,1586.85,1403.12,14.62,21.61,553.26,2388.11,9050.13,1.3,47.31,521.89,2388.09,8132.4,8.4292,0.03,393,2388,100.0,39.05,23.3168
60,63,0.0012,0.0002,100.0,518.67,642.31,1591.29,1397.41,14.62,21.61,554.75,2388.06,9055.07,1.3,47.51,522.3,2388.03,8140.05,8.4186,0.03,392,2388,100.0,38.76,23.2982
60,64,0.0015,0.0004,100.0,518.67,643.07,1587.02,1409.59,14.62,21.61,553.55,2388.1,9048.47,1.3,47.35,522.01,2388.09,8132.63,8.4446,0.03,392,2388,100.0,38.85,23.2975
60,65,-0.0019,-0.0004,100.0,518.67,642.9,1579.83,1396.23,14.62,21.61,553.84,2388.11,9058.54,1.3,47.45,521.8,2388.07,8132.3,8.4249,0.03,393,2388,100.0,38.79,23.2838
60,66,-0.002,-0.0004,100.0,518.67,642.83,1588.77,1408.31,14.62,21.61,553.94,2388.06,9057.88,1.3,47.61,521.72,2388.03,8129.88,8.4257,0.03,393,2388,100.0,38.94,23.3613
60,67,-0.0019,-0.0003,100.0,518.67,642.6,1588.22,1407.37,14.62,21.61,553.79,2388.18,9060.33,1.3,47.5,521.62,2388.06,8140.03,8.4534,0.03,392,2388,100.0,38.87,23.2766
60,68,0.0001,0.0001,100.0,518.67,642.61,1592.15,1398.77,14.62,21.61,553.79,2388.13,9058.18,1.3,47.37,522.22,2388.04,8134.7,8.4683,0.03,392,2388,100.0,38.91,23.3206
60,69,0.0035,-0.0005,100.0,518.67,642.32,1582.78,1407.31,14.62,21.61,553.22,2388.03,9054.45,1.3,47.49,521.57,2388.07,8137.88,8.4365,0.03,393,2388,100.0,38.86,23.2764
60,70,0.0031,0.0003,100.0,518.67,642.99,1580.93,1410.6,14.62,21.61,553.93,2388.04,9053.99,1.3,47.43,521.63,2388.09,8142.2,8.4041,0.03,394,2388,100.0,38.71,23.392
60,71,0.003,-0.0,100.0,518.67,642.37,1581.98,1409.89,14.62,21.61,553.92,2388.13,9061.37,1.3,47.37,522.05,2388.1,8138.08,8.4352,0.03,393,2388,100.0,38.91,23.3349
60,72,0.0026,0.0002,100.0,518.67,642.33,1591.82,1407.37,14.62,21.61,553.88,2388.07,9059.75,1.3,47.62,521.95,2388.12,8134.71,8.4476,0.03,393,2388,100.0,39.02,23.3438
60,73,0.0002,-0.0003,100.0,518.67,642.71,1590.47,1406.59,14.62,21.61,553.37,2388.14,9055.3,1.3,47.58,521.92,2388.1,8135.25,8.4151,0.03,392,2388,100.0,38.63,23.3272
60,74,-0.0014,-0.0,100.0,518.67,642.68,1589.48,1410.52,14.62,21.61,554.46,2388.08,9055.79,1.3,47.49,521.43,2388.03,8136.26,8.4458,0.03,391,2388,100.0,39.06,23.357
60,75,-0.0019,0.0002,100.0,518.67,642.67,1588.68,1402.85,14.62,21.61,553.87,2388.13,9056.43,1.3,47.37,521.27,2388.08,8136.59,8.4315,0.03,391,2388,100.0,38.77,23.2906
60,76,-0.0017,-0.0001,100.0,518.67,642.28,1581.93,1408.66,14.62,21.61,552.98,2388.06,9043.53,1.3,47.45,521.73,2388.04,8131.99,8.4233,0.03,392,2388,100.0,39.0,23.4259
60,77,0.0008,0.0004,100.0,518.67,642.19,1584.7,1413.79,14.62,21.61,553.63,2388.07,9048.61,1.3,47.36,522.0,2388.07,8133.14,8.4708,0.03,394,2388,100.0,38.76,23.3098
60,78,-0.002,-0.0003,100.0,518.67,641.73,1589.16,1400.27,14.62,21.61,553.19,2388.03,9048.28,1.3,47.23,521.84,2388.11,8137.57,8.4548,0.03,392,2388,100.0,38.99,23.3025
60,79,0.0043,-0.0001,100.0,518.67,642.92,1592.24,1406.15,14.62,21.61,553.2,2388.09,9054.0,1.3,47.3,522.26,2388.07,8133.0,8.3988,0.03,393,2388,100.0,38.81,23.3245
60,80,0.0007,-0.0004,100.0,518.67,642.92,1590.36,1398.82,14.62,21.61,553.95,2388.07,9047.43,1.3,47.52,522.03,2388.13,8129.15,8.4181,0.03,391,2388,100.0,39.19,23.3041
60,81,-0.0028,-0.0002,100.0,518.67,642.46,1583.73,1406.36,14.62,21.61,553.98,2388.05,9061.07,1.3,47.4,521.73,2388.11,8137.54,8.4316,0.03,392,2388,100.0,38.82,23.318
60,82,-0.0031,0.0004,100.0,518.67,643.14,1592.75,1403.19,14.62,21.61,553.36,2388.07,9053.57,1.3,47.51,521.86,2388.02,8139.28,8.4405,0.03,392,2388,100.0,38.89,23.3191
60,83,0.0066,0.0004,100.0,518.67,642.26,1590.62,1406.79,14.62,21.61,553.59,2388.02,9054.4,1.3,47.39,521.77,2388.09,8137.09,8.4385,0.03,391,2388,100.0,38.79,23.2127
60,84,-0.0058,0.0003,100.0,518.67,642.84,1590.37,1405.43,14.62,21.61,554.1,2388.04,9061.72,1.3,47.39,521.75,2388.04,8137.85,8.411,0.03,393,2388,100.0,38.98,23.3541
60,85,0.003,0.0004,100.0,518.67,642.88,1595.16,1402.37,14.62,21.6,553.73,2388.11,9053.87,1.3,47.37,522.05,2388.11,8139.62,8.4437,0.03,391,2388,100.0,38.89,23.366
60,86,-0.0045,-0.0003,100.0,518.67,642.72,1586.57,1412.97,14.62,21.61,553.54,2388.08,9063.13,1.3,47.18,521.51,2388.09,8137.16,8.4494,0.03,394,2388,100.0,38.7,23.3439
60,87,0.0015,-0.0003,100.0,518.67,642.85,1592.68,1404.11,14.62,21.61,553.7,2388.03,9051.73,1.3,47.36,521.65,2388.07,8130.35,8.4226,0.03,391,2388,100.0,38.8,23.3024
60,88,0.0034,-0.0003,100.0,518.67,641.97,1592.86,1412.24,14.62,21.61,553.44,2388.11,9049.13,1.3,47.48,521.35,2388.1,8134.39,8.4114,0.03,393,2388,100.0,38.86,23.335
60,89,0.0033,0.0003,100.0,518.67,642.28,1590.05,1406.69,14.62,21.61,553.23,2388.08,9054.02,1.3,47.65,521.19,2388.09,8136.47,8.3732,0.03,391,2388,100.0,38.81,23.2736
60,90,0.0007,-0.0002,100.0,518.67,642.47,1590.52,1408.57,14.62,21.61,553.88,2388.03,9053.87,1.3,47.51,521.48,2388.07,8132.88,8.4574,0.03,393,2388,100.0,38.99,23.3459
60,91,-0.0012,0.0001,100.0,518.67,642.97,1594.38,1401.94,14.62,21.61,554.03,2388.09,9045.68,1.3,47.53,521.88,2388.08,8134.69,8.4266,0.03,392,2388,100.0,38.78,23.3728
60,92,-0.0026,-0.0001,100.0,518.67,641.44,1587.63,1402.68,14.62,21.61,552.84,2388.08,9053.69,1.3,47.45,521.28,2388.1,8133.77,8.4493,0.03,391,2388,100.0,39.0,23.3655
60,93,0.0009,-0.0004,100.0,518.67,642.74,1590.78,1410.41,14.62,21.61,552.83,2388.04,9042.97,1.3,47.5,522.09,2388.08,8140.45,8.4475,0.03,393,2388,100.0,38.78,23.3961
60,94,0.0006,0.0004,100.0,518.67,642.64,1592.9,1405.93,14.62,21.61,553.81,2388.08,9052.53,1.3,47.48,521.88,2388.09,8137.88,8.4363,0.03,394,2388,100.0,38.83,23.4922
60,95,-0.0031,-0.0002,100.0,518.67,642.17,1590.05,1405.55,14.62,21.61,554.25,2388.08,9049.91,1.3,47.56,521.46,2388.01,8128.66,8.4132,0.03,393,2388,100.0,38.69,23.3799
60,96,0.0026,0.0003,100.0,518.67,642.88,1593.46,1401.66,14.62,21.61,553.93,2388.13,9056.15,1.3,47.51,521.74,2388.09,8134.72,8.4615,0.03,393,2388,100.0,38.78,23.3265
60,97,-0.0021,-0.0003,100.0,518.67,642.86,1588.99,1405.59,14.62,21.61,554.35,2388.11,9052.9,1.3,47.57,521.61,2388.13,8129.08,8.4649,0.03,393,2388,100.0,38.68,23.3126
60,98,-0.0012,0.0,100.0,518.67,642.42,1583.65,1408.51,14.62,21.61,554.61,2388.07,9050.89,1.3,47.44,521.98,2388.06,8136.6,8.4471,0.03,393,2388,100.0,38.75,23.3672
60,99,-0.0018,-0.0002,100.0,518.67,642.19,1597.22,1405.74,14.62,21.61,552.85,2388.1,9058.62,1.3,47.32,521.72,2388.07,8131.5,8.4465,0.03,394,2388,100.0,38.96,23.2629
60,100,0.0012,-0.0004,100.0,518.67,642.47,1584.03,1410.24,14.62,21.61,552.87,2388.07,9050.16,1.3,47.52,521.3,2388.07,8128.09,8.432,0.03,392,2388,100.0,38.82,23.1949
60,101,0.0009,-0.0001,100.0,518.67,642.69,1589.47,1409.94,14.62,21.61,553.8,2388.1,9049.1,1.3,47.38,521.54,2388.16,8132.45,8.442,0.03,393,2388,100.0,38.8,23.3373
60,102,0.0026,0.0001,100.0,518.67,642.54,1589.79,1411.24,14.62,21.61,553.56,2388.09,9053.0,1.3,47.59,521.53,2388.12,8137.2,8.4548,0.03,393,2388,100.0,38.89,23.26
60,103,0.0004,0.0001,100.0,518.67,642.46,1585.24,1402.93,14.62,21.61,553.8,2388.05,9052.88,1.3,47.39,521.67,2388.05,8133.82,8.4332,0.03,394,2388,100.0,38.9,23.2667
60,104,-0.0019,-0.0004,100.0,518.67,642.96,1586.23,1406.79,14.62,21.61,554.14,2388.07,9049.94,1.3,47.62,521.2,2388.08,8128.97,8.4736,0.03,394,2388,100.0,39.02,23.3658
60,105,0.0001,-0.0003,100.0,518.67,642.55,1592.95,1410.87,14.62,21.61,553.81,2388.1,9053.41,1.3,47.53,521.95,2388.12,8131.71,8.4121,0.03,392,2388,100.0,38.77,23.2315
60,106,0.0045,0.0001,100.0,518.67,642.63,1590.06,1403.37,14.62,21.61,553.27,2388.07,9057.19,1.3,47.48,521.64,2388.08,8139.81,8.4546,0.03,392,2388,100.0,38.76,23.3162
60,107,-0.0025,-0.0004,100.0,518.67,643.08,1591.61,1413.08,14.62,21.61,553.65,2388.08,9056.96,1.3,47.62,521.43,2388.11,8135.47,8.4281,0.03,392,2388,100.0,38.72,23.3171
60,108,0.002,0.0001,100.0,518.67,642.26,1587.25,1406.84,14.62,21.61,553.61,2388.09,9051.7,1.3,47.53,521.41,2388.12,8134.93,8.4399,0.03,393,2388,100.0,38.59,23.3111
60,109,-0.001,-0.0005,100.0,518.67,642.58,1586.46,1404.69,14.62,21.61,553.82,2388.13,9054.61,1.3,47.55,520.81,2388.13,8140.65,8.4073,0.03,393,2388,100.0,38.79,23.2894
60,110,-0.0001,0.0001,100.0,518.67,642.62,1586.92,1408.63,14.62,21.61,553.34,2388.11,9056.86,1.3,47.54,521.98,2388.09,8132.44,8.4437,0.03,392,2388,100.0,38.97,23.3567
60,111,-0.0005,-0.0002,100.0,518.67,642.56,1590.41,1408.88,14.62,21.61,553.51,2388.1,9050.45,1.3,47.57,521.74,2388.15,8132.41,8.3905,0.03,393,2388,100.0,38.82,23.29
60,112,0.0035,-0.0004,100.0,518.67,641.98,1585.49,1404.36,14.62,21.61,553.78,2388.14,9055.09,1.3,47.42,521.91,2388.1,8142.39,8.4446,0.03,391,2388,100.0,38.92,23.3573
60,113,0.0036,-0.0005,100.0,518.67,642.54,1592.11,1406.83,14.62,21.61,554.16,2388.1,9050.64,1.3,47.58,521.11,2388.06,8136.32,8.4265,0.03,393,2388,100.0,38.74,23.3202
60,114,0.0032,0.0,100.0,518.67,642.17,1592.82,1406.86,14.62,21.61,553.54,2388.06,9058.25,1.3,47.45,521.93,2388.13,8133.98,8.4484,0.03,393,2388,100.0,38.85,23.3213
60,115,-0.006,-0.0005,100.0,518.67,642.3,1585.13,1405.01,14.62,21.61,553.84,2388.11,9055.52,1.3,47.41,521.33,2388.12,8133.7,8.4221,0.03,392,2388,100.0,38.94,23.274
60,116,0.0014,-0.0004,100.0,518.67,642.51,1593.13,1406.79,14.62,21.61,553.6,2388.12,9050.34,1.3,47.42,521.7,2388.09,8134.91,8.4424,0.03,392,2388,100.0,38.89,23.2787
60,117,-0.0005,0.0001,100.0,518.67,642.43,1587.18,1412.25,14.62,21.61,553.94,2388.1,9052.91,1.3,47.46,521.77,2388.13,8132.32,8.4495,0.03,393,2388,100.0,38.85,23.254
60,118,0.0008,0.0004,100.0,518.67,642.99,1589.84,1407.99,14.62,21.61,553.42,2388.08,9058.07,1.3,47.44,521.99,2388.1,8136.1,8.4362,0.03,393,2388,100.0,38.97,23.3281
60,119,0.0005,0.0002,100.0,518.67,642.33,1589.36,1406.1,14.62,21.61,553.33,2388.09,9063.23,1.3,47.32,521.82,2388.1,8133.22,8.4436,0.03,393,2388,100.0,38.91,23.2508
60,120,-0.002,0.0,100.0,518.67,642.8,1586.05,1403.31,14.62,21.61,553.53,2388.09,9056.06,1.3,47.5,521.31,2388.09,8134.9,8.4192,0.03,392,2388,100.0,38.96,23.2688
60,121,0.0011,-0.0001,100.0,518.67,643.16,1589.07,1413.56,14.62,21.61,553.61,2388.09,9057.0,1.3,47.6,521.34,2388.06,8142.73,8.4481,0.03,393,2388,100.0,39.01,23.3731
60,122,0.0018,-0.0003,100.0,518.67,643.07,1586.34,1410.8,14.62,21.61,553.01,2388.09,9056.93,1.3,47.62,521.07,2388.13,8135.92,8.4378,0.03,392,2388,100.0,38.91,23.3137
60,123,0.001,-0.0002,100.0,518.67,642.59,1596.05,1404.54,14.62,21.61,552.64,2388.09,9050.53,1.3,47.45,521.5,2388.09,8138.45,8.3962,0.03,391,2388,100.0,38.62,23.2481
60,124,0.0,-0.0004,100.0,518.67,642.73,1582.71,1410.49,14.62,21.61,553.82,2388.09,9048.95,1.3,47.52,521.59,2388.14,8129.96,8.4122,0.03,393,2388,100.0,38.74,23.2407
60,125,0.0,0.0002,100.0,518.67,642.6,1582.61,1412.39,14.62,21.61,553.02,2388.19,9055.38,1.3,47.43,521.44,2388.11,8131.96,8.433,0.03,395,2388,100.0,38.73,23.2779
60,126,0.0003,-0.0002,100.0,518.67,642.77,1596.39,1405.76,14.62,21.61,552.89,2388.07,9059.21,1.3,47.67,521.25,2388.17,8135.22,8.4333,0.03,392,2388,100.0,38.95,23.3858
60,127,0.0038,0.0002,100.0,518.67,642.72,1589.48,1411.2,14.62,21.61,552.74,2388.13,9060.47,1.3,47.63,521.47,2388.13,8128.04,8.4423,0.03,395,2388,100.0,38.74,23.3542
60,128,0.0022,-0.0002,100.0,518.67,642.36,1592.29,1408.88,14.62,21.61,553.83,2388.1,9055.65,1.3,47.63,521.51,2388.09,8130.22,8.4393,0.03,393,2388,100.0,39.13,23.3416
60,129,0.0027,0.0004,100.0,518.67,642.62,1597.1,1413.44,14.62,21.61,552.98,2388.12,9050.93,1.3,47.63,520.95,2388.1,8134.0,8.4941,0.03,392,2388,100.0,38.92,23.3795
60,130,-0.0032,-0.0001,100.0,518.67,642.99,1586.18,1408.89,14.62,21.61,552.25,2388.07,9061.56,1.3,47.56,522.2,2388.12,8136.81,8.4699,0.03,394,2388,100.0,38.79,23.2114
60,131,0.0028,0.0001,100.0,518.67,642.42,1585.51,1406.57,14.62,21.61,553.88,2388.11,9054.59,1.3,47.64,520.97,2388.02,8131.13,8.4617,0.03,393,2388,100.0,38.76,23.2356
60,132,-0.001,-0.0004,100.0,518.67,642.07,1596.37,1407.2,14.62,21.61,553.4,2388.11,9054.53,1.3,47.4,521.19,2388.11,8136.44,8.4456,0.03,393,2388,100.0,38.79,23.3349
60,133,-0.0019,0.0002,100.0,518.67,642.59,1589.46,1412.7,14.62,21.61,553.43,2388.15,9048.75,1.3,47.43,521.81,2388.12,8135.36,8.4297,0.03,393,2388,100.0,38.82,23.3454
60,134,0.0018,-0.0003,100.0,518.67,642.96,1587.81,1404.82,14.62,21.61,553.57,2388.11,9049.99,1.3,47.52,521.03,2388.06,8129.85,8.4341,0.03,393,2388,100.0,38.72,23.2247
60,135,-0.0006,0.0003,100.0,518.67,642.71,1586.7,1405.3,14.62,21.61,552.49,2388.1,9048.1,1.3,47.53,521.19,2388.1,8133.82,8.4619,0.03,392,2388,100.0,39.07,23.2431
60,136,0.0019,-0.0002,100.0,518.67,643.2,1599.11,1409.32,14.62,21.61,553.6,2388.09,9057.32,1.3,47.57,521.78,2388.15,8133.41,8.4584,0.03,394,2388,100.0,38.77,23.3786
60,137,-0.0025,0.0004,100.0,518.67,643.16,1595.22,1412.6,14.62,21.61,553.51,2388.12,9049.09,1.3,47.55,522.03,2388.09,8139.78,8.434,0.03,395,2388,100.0,38.8,23.3272
60,138,0.0018,-0.0004,100.0,518.67,642.45,1583.04,1405.97,14.62,21.61,553.38,2388.13,9056.57,1.3,47.52,521.49,2388.12,8133.34,8.4162,0.03,394,2388,100.0,38.81,23.2511
60,139,-0.0007,-0.0003,100.0,518.67,643.42,1588.17,1412.06,14.62,21.61,553.57,2388.15,9050.66,1.3,47.45,521.28,2388.09,8128.09,8.432,0.03,394,2388,100.0,38.82,23.2037
60,140,-0.0056,-0.0005,100.0,518.67,642.9,1587.41,1409.01,14.62,21.61,553.6,2388.16,9049.98,1.3,47.49,521.28,2388.08,8130.96,8.4169,0.03,391,2388,100.0,38.76,23.3008
60,141,-0.0005,-0.0001,100.0,518.67,642.38,1590.17,1417.33,14.62,21.61,553.12,2388.12,9053.93,1.3,47.37,521.53,2388.14,8137.22,8.4642,0.03,392,2388,100.0,38.76,23.3021
60,142,-0.0017,-0.0005,100.0,518.67,642.84,1584.11,1406.13,14.62,21.61,553.44,2388.13,9052.61,1.3,47.52,521.63,2388.11,8136.69,8.4172,0.03,394,2388,100.0,38.91,23.2737
60,143,0.003,-0.0002,100.0,518.67,642.44,1591.93,1416.68,14.62,21.61,552.64,2388.12,9052.77,1.3,47.42,521.39,2388.17,8139.67,8.4355,0.03,393,2388,100.0,38.87,23.2571
60,144,-0.0007,0.0004,100.0,518.67,642.8,1587.32,1406.5,14.62,21.61,552.52,2388.13,9061.6,1.3,47.65,520.79,2388.07,8139.71,8.3988,0.03,394,2388,100.0,38.83,23.3113
60,145,-0.0016,-0.0,100.0,518.67,642.58,1593.25,1411.76,14.62,21.61,553.16,2388.07,9057.75,1.3,47.49,521.27,2388.11,8128.23,8.4123,0.03,393,2388,100.0,38.79,23.4085
60,146,-0.0021,-0.0002,100.0,518.67,642.55,1586.57,1410.28,14.62,21.61,554.12,2388.13,9052.3,1.3,47.56,520.82,2388.11,8132.05,8.4175,0.03,394,2388,100.0,38.74,23.3
60,147,-0.0003,-0.0003,100.0,518.67,642.86,1592.46,1402.77,14.62,21.61,553.31,2388.12,9054.22,1.3,47.53,521.66,2388.07,8136.13,8.4484,0.03,394,2388,100.0,38.87,23.2971
63,1,0.0023,0.0001,100.0,518.67,642.78,1585.53,1406.67,14.62,21.61,552.74,2388.19,9052.1,1.3,47.44,521.35,2388.14,8127.52,8.4235,0.03,395,2388,100.0,38.7,23.3447
63,2,-0.0025,0.0004,100.0,518.67,642.25,1587.73,1404.47,14.62,21.61,553.78,2388.12,9049.56,1.3,47.55,521.32,2388.14,8128.55,8.4356,0.03,393,2388,100.0,38.9,23.3906
63,3,0.0016,-0.0004,100.0,518.67,642.81,1588.1,1411.45,14.62,21.61,552.83,2388.09,9049.24,1.3,47.34,521.73,2388.14,8132.27,8.4527,0.03,391,2388,100.0,38.9,23.2529
63,4,-0.0055,-0.0,100.0,518.67,642.78,1588.98,1405.65,14.62,21.61,553.18,2388.08,9056.23,1.3,47.5,521.49,2388.09,8132.63,8.4433,0.03,392,2388,100.0,38.92,23.2336
63,5,0.0014,0.0002,100.0,518.67,642.27,1589.94,1402.49,14.62,21.61,553.13,2388.1,9046.42,1.3,47.69,521.47,2388.08,8136.07,8.4345,0.03,393,2388,100.0,38.68,23.3467
63,6,-0.0018,0.0004,100.0,518.67,642.37,1583.64,1404.1,14.62,21.61,553.59,2388.06,9054.63,1.3,47.58,521.79,2388.12,8132.39,8.4207,0.03,393,2388,100.0,38.98,23.2228
63,7,0.0011,-0.0002,100.0,518.67,642.36,1592.98,1407.18,14.62,21.61,553.81,2388.16,9050.72,1.3,47.41,521.47,2388.09,8131.04,8.4221,0.03,394,2388,100.0,38.93,23.2921
63,8,-0.0024,0.0001,100.0,518.67,642.25,1589.43,1407.63,14.62,21.61,553.27,2388.05,9050.76,1.3,47.42,521.71,2388.09,8134.38,8.4384,0.03,391,2388,100.0,39.05,23.254
63,9,-0.0019,0.0005,100.0,518.67,642.99,1593.34,1405.05,14.62,21.61,553.79,2388.05,9053.16,1.3,47.47,521.79,2388.06,8130.54,8.4533,0.03,394,2388,100.0,38.89,23.2536
63,10,-0.0008,0.0004,100.0,518.67,643.2,1591.94,1399.03,14.62,21.61,553.93,2388.06,9050.66,1.3,47.09,521.83,2388.09,8132.58,8.4128,0.03,392,2388,100.0,39.08,23.3001
63,11,-0.0001,0.0,100.0,518.67,642.38,1592.61,1395.02,14.62,21.61,553.8,2388.1,9050.48,1.3,47.49,521.86,2388.11,8131.41,8.4209,0.03,392,2388,100.0,38.75,23.3664
63,12,0.0017,-0.0001,100.0,518.67,642.61,1586.01,1403.4,14.62,21.61,553.24,2388.01,9045.92,1.3,47.31,521.93,2388.16,8126.5,8.4429,0.03,391,2388,100.0,38.78,23.362
63,13,0.0018,0.0005,100.0,518.67,642.43,1576.23,1398.92,14.62,21.61,553.92,2388.12,9051.12,1.3,47.41,521.48,2388.12,8133.22,8.4393,0.03,393,2388,100.0,39.03,23.3472
63,14,0.0032,0.0003,100.0,518.67,642.47,1589.92,1407.27,14.62,21.61,553.18,2388.06,9056.09,1.3,47.37,521.24,2388.09,8126.5,8.4283,0.03,392,2388,100.0,38.93,23.3375
63,15,-0.0019,0.0001,100.0,518.67,642.74,1590.69,1407.75,14.62,21.61,553.58,2388.09,9053.73,1.3,47.37,521.56,2388.06,8129.34,8.4317,0.03,393,2388,100.0,38.9,23.2594
63,16,-0.0001,-0.0003,100.0,518.67,642.16,1586.18,1404.02,14.62,21.61,553.67,2388.08,9052.96,1.3,47.44,521.58,2388.08,8134.03,8.4486,0.03,394,2388,100.0,39.0,23.2776
63,17,0.0007,-0.0002,100.0,518.67,642.15,1592.29,1407.6,14.62,21.61,553.86,2388.1,9048.07,1.3,47.49,521.54,2388.13,8136.13,8.4058,0.03,393,2388,100.0,38.83,23.3468
63,18,0.0006,-0.0,100.0,518.67,642.43,1591.87,1398.08,14.62,21.61,553.81,2388.11,9058.2,1.3,47.21,521.56,2388.14,8127.05,8.4646,0.03,392,2388,100.0,38.89,23.2264
63,19,0.003,-0.0002,100.0,518.67,642.34,1584.23,1408.21,14.62,21.61,553.26,2388.1,9044.31,1.3,47.29,521.25,2388.06,8130.91,8.4284,0.03,392,2388,100.0,38.92,23.3972
63,20,0.0018,-0.0003,100.0,518.67,642.2,1587.63,1406.06,14.62,21.61,553.6,2388.13,9047.37,1.3,47.44,521.57,2388.08,8129.43,8.4047,0.03,393,2388,100.0,38.89,23.2808
63,21,-0.0009,0.0,100.0,518.67,642.94,1580.6,1411.06,14.62,21.61,553.82,2388.16,9050.44,1.3,47.5,521.72,2388.18,8128.51,8.4302,0.03,392,2388,100.0,38.86,23.3067
63,22,-0.0055,-0.0003,100.0,518.67,642.77,1588.41,1401.14,14.62,21.61,553.52,2388.08,9047.04,1.3,47.43,520.88,2388.11,8126.41,8.4224,0.03,392,2388,100.0,38.94,23.3591
63,23,0.0013,-0.0001,100.0,518.67,642.49,1587.71,1405.7,14.62,21.61,553.76,2388.11,9048.17,1.3,47.6,521.75,2388.15,8128.82,8.4325,0.03,391,2388,100.0,38.94,23.2758
63,24,-0.0002,-0.0002,100.0,518.67,642.37,1587.37,1403.36,14.62,21.61,552.98,2388.08,9045.79,1.3,47.28,521.5,2388.08,8135.11,8.407,0.03,392,2388,100.0,38.77,23.3757
63,25,0.0013,0.0,100.0,518.67,642.49,1587.12,1407.8,14.62,21.61,553.31,2388.07,9048.25,1.3,47.5,521.66,2388.13,8131.46,8.4734,0.03,392,2388,100.0,38.75,23.3166
63,26,0.0013,0.0003,100.0,518.67,642.12,1591.77,1410.16,14.62,21.61,553.14,2388.09,9047.51,1.3,47.59,521.14,2388.05,8133.13,8.4246,0.03,392,2388,100.0,38.88,23.301
63,27,0.0035,-0.0001,100.0,518.67,642.14,1589.61,1401.57,14.62,21.61,554.02,2388.08,9051.63,1.3,47.55,521.67,2388.1,8129.98,8.4286,0.03,393,2388,100.0,38.81,23.3259
63,28,-0.0023,0.0005,100.0,518.67,642.58,1587.31,1404.03,14.62,21.61,553.81,2388.15,9050.92,1.3,47.45,521.65,2388.05,8129.22,8.3978,0.03,392,2388,100.0,38.99,23.3128
63,29,0.0026,-0.0003,100.0,518.67,642.5,1594.31,1406.88,14.62,21.61,553.13,2388.19,9048.24,1.3,47.21,521.29,2388.14,8135.92,8.4339,0.03,392,2388,100.0,38.66,23.3375
63,30,0.0003,0.0005,100.0,518.67,642.45,1582.06,1399.68,14.62,21.61,553.41,2388.14,9056.28,1.3,47.43,521.96,2388.05,8130.59,8.3968,0.03,394,2388,100.0,38.93,23.2969
63,31,-0.0014,0.0003,100.0,518.67,642.89,1593.03,1405.86,14.62,21.61,553.77,2388.13,9046.15,1.3,47.55,521.57,2388.12,8132.76,8.4243,0.03,392,2388,100.0,38.96,23.3749
63,32,-0.0009,0.0004,100.0,518.67,643.02,1588.48,1404.11,14.62,21.61,554.02,2388.03,9042.58,1.3,47.51,521.36,2388.1,8131.71,8.4323,0.03,394,2388,100.0,38.95,23.2325
63,33,-0.0027,0.0005,100.0,518.67,642.23,1590.16,1410.48,14.62,21.61,553.98,2388.07,9061.3,1.3,47.33,521.28,2388.11,8129.87,8.407,0.03,393,2388,100.0,38.85,23.3093
63,34,0.0003,0.0002,100.0,518.67,642.49,1589.61,1409.56,14.62,21.61,554.43,2388.1,9049.8,1.3,47.44,521.41,2388.14,8127.81,8.42,0.03,390,2388,100.0,38.91,23.3238
63,35,-0.0008,0.0002,100.0,518.67,643.04,1588.52,1409.58,14.62,21.61,553.37,2388.11,9046.65,1.3,47.56,521.25,2388.07,8132.75,8.4546,0.03,393,2388,100.0,38.92,23.2959
63,36,-0.0017,0.0001,100.0,518.67,642.22,1586.47,1404.87,14.62,21.61,553.81,2388.06,9052.64,1.3,47.48,521.29,2388.04,8130.35,8.417,0.03,394,2388,100.0,38.82,23.2712
63,37,0.0001,0.0005,100.0,518.67,642.57,1585.9,1400.03,14.62,21.61,553.6,2388.12,9051.94,1.3,47.31,521.98,2388.12,8128.35,8.4414,0.03,393,2388,100.0,38.87,23.3288
63,38,0.0006,-0.0003,100.0,518.67,642.47,1585.34,1406.12,14.62,21.61,553.94,2388.09,9046.06,1.3,47.29,522.0,2388.09,8133.15,8.415,0.03,395,2388,100.0,38.67,23.2217
63,39,-0.0006,0.0004,100.0,518.67,642.22,1596.36,1405.15,14.62,21.61,553.31,2388.14,9053.01,1.3,47.43,521.88,2388.1,8130.88,8.4751,0.03,392,2388,100.0,38.99,23.4103
63,40,0.0001,0.0005,100.0,518.67,642.45,1593.37,1415.12,14.62,21.61,553.5,2388.03,9045.39,1.3,47.49,521.37,2388.13,8130.66,8.4096,0.03,393,2388,100.0,38.93,23.3724
63,41,-0.0004,-0.0002,100.0,518.67,642.49,1586.71,1406.56,14.62,21.61,553.66,2388.11,9047.35,1.3,47.48,521.48,2388.09,8130.73,8.4291,0.03,393,2388,100.0,38.96,23.2408
63,42,-0.0021,-0.0,100.0,518.67,642.76,1588.45,1402.31,14.62,21.61,554.15,2388.07,9052.17,1.3,47.5,521.39,2388.04,8131.36,8.4255,0.03,392,2388,100.0,39.06,23.3512
63,43,-0.0026,-0.0001,100.0,518.67,642.66,1587.95,1404.08,14.62,21.61,553.86,2388.07,9050.03,1.3,47.5,521.78,2388.12,8133.79,8.429,0.03,392,2388,100.0,38.86,23.3324
63,44,-0.0051,0.0002,100.0,518.67,642.06,1594.04,1409.22,14.62,21.61,553.55,2388.13,9045.89,1.3,47.61,521.92,2388.06,8129.39,8.4472,0.03,393,2388,100.0,38.78,23.3986
63,45,0.001,0.0004,100.0,518.67,642.2,1588.46,1403.73,14.62,21.61,553.57,2388.15,9047.11,1.3,47.48,521.26,2388.08,8131.71,8.439,0.03,393,2388,100.0,38.84,23.3608
63,46,-0.0028,0.0002,100.0,518.67,642.59,1586.26,1410.15,14.62,21.61,553.43,2388.16,9048.3,1.3,47.34,521.67,2388.09,8130.3,8.4371,0.03,394,2388,100.0,38.82,23.2969
63,47,0.0001,-0.0,100.0,518.67,642.28,1590.05,1401.28,14.62,21.61,552.86,2388.03,9050.84,1.3,47.54,521.41,2388.14,8129.07,8.4246,0.03,394,2388,100.0,38.94,23.3579
63,48,0.0002,0.0004,100.0,518.67,642.69,1585.97,1403.66,14.62,21.61,553.12,2388.08,9053.45,1.3,47.36,521.42,2388.1,8136.04,8.4021,0.03,392,2388,100.0,38.93,23.4334
63,49,0.0027,0.0003,100.0,518.67,641.77,1584.52,1412.39,14.62,21.61,552.9,2388.11,9044.99,1.3,47.44,521.84,2388.11,8132.45,8.4227,0.03,394,2388,100.0,38.96,23.2445
63,50,-0.0003,-0.0004,100.0,518.67,643.08,1590.62,1404.99,14.62,21.61,552.91,2388.09,9058.7,1.3,47.54,521.21,2388.09,8135.03,8.4366,0.03,392,2388,100.0,38.81,23.3532
63,51,-0.0032,-0.0003,100.0,518.67,642.52,1588.42,1404.47,14.62,21.61,553.45,2388.12,9052.42,1.3,47.46,521.48,2388.12,8132.33,8.4382,0.03,392,2388,100.0,38.92,23.4386
63,52,0.0031,-0.0001,100.0,518.67,642.87,1591.2,1399.75,14.62,21.61,553.1,2388.12,9052.52,1.3,47.4,521.15,2388.14,8126.25,8.4403,0.03,391,2388,100.0,38.81,23.2926
63,53,-0.0012,0.0002,100.0,518.67,642.67,1589.83,1406.01,14.62,21.61,552.67,2388.05,9046.95,1.3,47.36,521.34,2388.07,8131.62,8.4216,0.03,393,2388,100.0,38.81,23.3762
63,54,-0.0013,-0.0005,100.0,518.67,642.89,1582.29,1410.17,14.62,21.61,553.4,2388.11,9044.14,1.3,47.43,521.41,2388.13,8130.19,8.469,0.03,393,2388,100.0,38.71,23.2955
63,55,0.0009,-0.0003,100.0,518.67,642.04,1586.5,1400.1,14.62,21.61,553.97,2388.13,9051.67,1.3,47.66,521.78,2388.06,8127.23,8.4382,0.03,391,2388,100.0,38.93,23.2154
63,56,-0.0033,-0.0003,100.0,518.67,643.15,1591.02,1407.49,14.62,21.61,553.29,2388.07,9048.62,1.3,47.45,522.15,2388.08,8125.55,8.4864,0.03,392,2388,100.0,38.92,23.2096
63,57,-0.0001,0.0003,100.0,518.67,642.71,1592.74,1410.27,14.62,21.61,553.63,2388.12,9048.57,1.3,47.46,521.27,2388.1,8130.95,8.4314,0.03,393,2388,100.0,38.84,23.3103
63,58,-0.0015,0.0003,100.0,518.67,642.55,1587.76,1406.73,14.62,21.61,553.48,2388.11,9047.38,1.3,47.33,521.31,2388.05,8133.51,8.4475,0.03,393,2388,100.0,38.85,23.4338
63,59,0.0035,-0.0004,100.0,518.67,642.78,1589.28,1406.61,14.62,21.61,553.45,2388.11,9041.26,1.3,47.65,521.75,2388.13,8133.59,8.4272,0.03,392,2388,100.0,38.82,23.206
63,60,-0.0011,0.0004,100.0,518.67,642.82,1587.86,1407.52,14.62,21.61,553.2,2388.05,9053.21,1.3,47.5,521.5,2388.07,8130.98,8.4427,0.03,393,2388,100.0,38.98,23.2639
63,61,0.0011,-0.0004,100.0,518.67,642.24,1592.36,1406.37,14.62,21.61,553.61,2388.12,9053.92,1.3,47.35,521.53,2388.11,8133.37,8.4197,0.03,392,2388,100.0,38.89,23.3473
63,62,-0.0005,-0.0003,100.0,518.67,642.32,1588.53,1406.95,14.62,21.61,553.75,2388.1,9051.81,1.3,47.54,520.98,2388.15,8131.17,8.4474,0.03,394,2388,100.0,38.65,23.304
63,63,0.0019,0.0005,100.0,518.67,642.81,1590.77,1397.52,14.62,21.61,554.02,2388.1,9047.08,1.3,47.44,521.07,2388.09,8136.04,8.4076,0.03,393,2388,100.0,38.87,23.319
63,64,-0.0029,-0.0004,100.0,518.67,643.0,1589.5,1403.77,14.62,21.61,553.17,2388.14,9048.29,1.3,47.7,521.73,2388.09,8122.41,8.4539,0.03,392,2388,100.0,38.87,23.2665
63,65,-0.0008,-0.0003,100.0,518.67,642.62,1581.78,1403.34,14.62,21.61,553.99,2388.08,9049.31,1.3,47.4,521.48,2388.14,8132.82,8.4175,0.03,392,2388,100.0,38.71,23.2546
63,66,-0.0005,-0.0002,100.0,518.67,642.83,1589.44,1404.71,14.62,21.61,553.56,2388.09,9057.5,1.3,47.54,521.87,2388.02,8130.45,8.4292,0.03,393,2388,100.0,38.86,23.3204
63,67,0.0057,-0.0003,100.0,518.67,642.57,1596.97,1407.33,14.62,21.61,553.8,2388.04,9051.0,1.3,47.69,521.38,2388.03,8134.89,8.4117,0.03,392,2388,100.0,38.85,23.2413
63,68,0.0022,0.0004,100.0,518.67,642.91,1590.46,1408.55,14.62,21.61,553.52,2388.05,9057.03,1.3,47.49,521.5,2388.05,8132.07,8.4193,0.03,394,2388,100.0,38.72,23.3393
63,69,0.0038,-0.0004,100.0,518.67,642.47,1585.96,1409.37,14.62,21.61,553.15,2388.14,9052.23,1.3,47.59,521.37,2388.08,8128.64,8.4385,0.03,393,2388,100.0,38.74,23.4172
63,70,0.0016,-0.0003,100.0,518.67,643.29,1588.45,1409.34,14.62,21.61,552.92,2388.12,9042.93,1.3,47.52,521.39,2388.12,8129.27,8.4423,0.03,394,2388,100.0,38.82,23.3532
63,71,0.0019,0.0004,100.0,518.67,642.42,1587.91,1407.65,14.62,21.61,552.91,2388.11,9047.1,1.3,47.48,521.71,2388.13,8132.28,8.4514,0.03,392,2388,100.0,38.87,23.2805
63,72,-0.0035,-0.0,100.0,518.67,642.97,1582.32,1406.8,14.62,21.61,553.23,2388.1,9053.34,1.3,47.52,521.36,2388.06,8132.91,8.4543,0.03,393,2388,100.0,38.8,23.3288
63,73,0.001,0.0001,100.0,518.67,642.43,1591.81,1409.06,14.62,21.61,553.05,2388.08,9044.79,1.3,47.32,521.85,2388.13,8129.16,8.4216,0.03,392,2388,100.0,38.83,23.411
63,74,-0.0035,-0.0002,100.0,518.67,642.82,1585.94,1409.79,14.62,21.61,553.04,2388.08,9048.56,1.3,47.51,521.87,2388.09,8141.08,8.4443,0.03,393,2388,100.0,38.89,23.4156
63,75,0.0008,-0.0001,100.0,518.67,642.74,1586.59,1408.43,14.62,21.61,553.85,2388.09,9048.44,1.3,47.53,521.31,2388.16,8122.59,8.4448,0.03,393,2388,100.0,38.84,23.3597
63,76,-0.0019,0.0001,100.0,518.67,642.63,1587.25,1407.9,14.62,21.61,553.06,2388.13,9052.57,1.3,47.53,521.47,2388.06,8134.47,8.4228,0.03,392,2388,100.0,38.99,23.3768
63,77,-0.0022,-0.0,100.0,518.67,642.57,1583.72,1407.95,14.62,21.61,553.67,2388.13,9052.84,1.3,47.68,521.62,2388.15,8127.87,8.4782,0.03,393,2388,100.0,38.99,23.4245
63,78,-0.0008,0.0001,100.0,518.67,643.12,1581.61,1409.17,14.62,21.61,553.71,2388.12,9057.44,1.3,47.58,521.83,2388.13,8135.08,8.4633,0.03,394,2388,100.0,39.22,23.3353
63,79,0.0038,-0.0002,100.0,518.67,642.91,1582.52,1406.25,14.62,21.61,553.59,2388.14,9049.43,1.3,47.62,521.87,2388.11,8129.39,8.5078,0.03,392,2388,100.0,38.97,23.2047
63,80,-0.0023,-0.0,100.0,518.67,642.6,1591.24,1414.39,14.62,21.61,553.57,2388.15,9053.8,1.3,47.55,521.33,2388.12,8125.67,8.4516,0.03,393,2388,100.0,38.63,23.335
63,81,-0.0014,-0.0002,100.0,518.67,643.11,1591.63,1411.64,14.62,21.61,553.85,2388.08,9055.14,1.3,47.64,521.7,2388.06,8132.27,8.4174,0.03,393,2388,100.0,38.92,23.3103
63,82,0.0,0.0005,100.0,518.67,642.65,1590.71,1403.2,14.62,21.61,552.78,2388.09,9050.89,1.3,47.46,521.84,2388.06,8132.05,8.4144,0.03,391,2388,100.0,38.75,23.3057
63,83,-0.0008,-0.0002,100.0,518.67,642.47,1591.94,1405.27,14.62,21.61,553.16,2388.13,9043.75,1.3,47.58,521.56,2388.12,8133.78,8.4566,0.03,394,2388,100.0,38.89,23.2976
63,84,0.0002,-0.0001,100.0,518.67,642.92,1586.67,1408.38,14.62,21.61,553.94,2388.12,9050.18,1.3,47.68,521.26,2388.11,8131.33,8.4514,0.03,392,2388,100.0,38.83,23.3119
63,85,-0.005,0.0004,100.0,518.67,642.45,1580.71,1395.49,14.62,21.61,553.65,2388.12,9058.02,1.3,47.54,521.52,2388.08,8129.87,8.4503,0.03,394,2388,100.0,38.87,23.2751
63,86,0.0021,0.0005,100.0,518.67,642.78,1587.3,1404.42,14.62,21.61,552.77,2388.14,9054.46,1.3,47.69,521.69,2388.11,8134.8,8.4596,0.03,392,2388,100.0,38.85,23.3659
63,87,-0.0021,-0.0001,100.0,518.67,643.03,1587.55,1399.09,14.62,21.61,553.35,2388.11,9047.21,1.3,47.53,521.24,2388.15,8128.57,8.4431,0.03,394,2388,100.0,38.8,23.2571
63,88,0.0009,-0.0002,100.0,518.67,642.74,1584.64,1414.57,14.62,21.61,553.55,2388.1,9048.06,1.3,47.55,521.75,2388.14,8129.34,8.4296,0.03,393,2388,100.0,38.83,23.2489
63,89,0.0014,0.0003,100.0,518.67,642.37,1590.22,1407.55,14.62,21.61,553.62,2388.15,9046.25,1.3,47.55,521.12,2388.19,8133.22,8.4886,0.03,393,2388,100.0,38.93,23.2568
63,90,0.0047,0.0003,100.0,518.67,643.06,1588.94,1414.0,14.62,21.61,554.57,2388.16,9050.97,1.3,47.46,521.15,2388.08,8123.64,8.4084,0.03,394,2388,100.0,38.81,23.3574
63,91,0.003,0.0004,100.0,518.67,642.83,1586.73,1408.65,14.62,21.61,553.21,2388.19,9055.75,1.3,47.59,521.31,2388.1,8130.45,8.4222,0.03,394,2388,100.0,38.77,23.33
63,92,-0.003,0.0003,100.0,518.67,642.42,1586.73,1411.3,14.62,21.61,553.96,2388.09,9052.43,1.3,47.54,521.53,2388.09,8131.9,8.4521,0.03,394,2388,100.0,38.84,23.3504
63,93,-0.0001,-0.0003,100.0,518.67,642.76,1588.25,1408.67,14.62,21.61,553.73,2388.12,9052.35,1.3,47.48,521.01,2388.07,8128.29,8.4207,0.03,394,2388,100.0,38.86,23.1958
63,94,-0.0071,-0.0003,100.0,518.67,642.76,1595.01,1411.5,14.62,21.61,554.09,2388.07,9052.21,1.3,47.43,521.09,2388.08,8130.67,8.4495,0.03,391,2388,100.0,38.83,23.193
63,95,0.0009,0.0001,100.0,518.67,643.05,1593.75,1420.73,14.62,21.61,553.7,2388.14,9053.16,1.3,47.35,521.6,2388.13,8127.27,8.4565,0.03,393,2388,100.0,38.77,23.2419
63,96,-0.0021,0.0001,100.0,518.67,643.2,1593.28,1413.08,14.62,21.61,553.23,2388.16,9049.27,1.3,47.28,521.14,2388.1,8132.11,8.4255,0.03,392,2388,100.0,38.78,23.3662
63,97,-0.0016,0.0,100.0,518.67,643.26,1585.67,1403.1,14.62,21.61,553.82,2388.08,9052.98,1.3,47.59,521.34,2388.08,8129.83,8.4363,0.03,391,2388,100.0,38.78,23.3839
63,98,-0.0026,-0.0002,100.0,518.67,642.85,1593.97,1408.6,14.62,21.61,554.11,2388.1,9051.74,1.3,47.53,521.23,2388.06,8129.9,8.415,0.03,394,2388,100.0,38.94,23.3759
63,99,0.0014,-0.0001,100.0,518.67,642.51,1588.06,1414.6,14.62,21.61,553.46,2388.17,9049.81,1.3,47.54,521.67,2388.13,8126.92,8.4366,0.03,393,2388,100.0,38.81,23.1971
63,100,-0.0025,0.0002,100.0,518.67,642.36,1581.65,1407.05,14.62,21.61,553.71,2388.06,9054.67,1.3,47.62,521.39,2388.13,8127.73,8.4546,0.03,392,2388,100.0,38.89,23.3446
63,101,-0.0007,0.0002,100.0,518.67,642.64,1592.28,1412.17,14.62,21.61,553.2,2388.15,9046.61,1.3,47.52,521.16,2388.14,8127.68,8.4542,0.03,392,2388,100.0,38.82,23.3221
63,102,0.0009,0.0002,100.0,518.67,642.31,1588.67,1409.11,14.62,21.61,552.97,2388.11,9041.97,1.3,47.41,521.63,2388.14,8131.73,8.4341,0.03,392,2388,100.0,38.87,23.3358
63,103,0.0009,-0.0004,100.0,518.67,643.09,1588.94,1403.81,14.62,21.6,552.81,2388.1,9049.6,1.3,47.42,521.35,2388.17,8133.76,8.4261,0.03,393,2388,100.0,38.72,23.3567
63,104,0.0003,0.0001,100.0,518.67,642.48,1587.55,1404.61,14.62,21.61,553.54,2388.09,9052.97,1.3,47.44,521.23,2388.16,8129.97,8.4534,0.03,394,2388,100.0,38.7,23.2481
63,105,-0.0019,0.0001,100.0,518.67,642.84,1589.76,1416.22,14.62,21.61,552.96,2388.1,9045.71,1.3,47.5,521.57,2388.13,8126.9,8.4122,0.03,393,2388,100.0,38.95,23.375
63,106,-0.0006,-0.0002,100.0,518.67,642.73,1592.02,1413.76,14.62,21.61,553.5,2388.09,9050.76,1.3,47.49,521.76,2388.13,8127.32,8.489,0.03,394,2388,100.0,38.72,23.2696
63,107,-0.001,0.0001,100.0,518.67,642.44,1593.29,1403.85,14.62,21.61,554.32,2388.12,9051.09,1.3,47.57,521.82,2388.09,8129.41,8.4387,0.03,392,2388,100.0,38.95,23.3087
63,108,-0.0001,-0.0002,100.0,518.67,642.62,1587.89,1403.09,14.62,21.61,552.93,2388.13,9053.04,1.3,47.54,520.97,2388.13,8129.78,8.4425,0.03,393,2388,100.0,38.8,23.348
63,109,0.0005,-0.0001,100.0,518.67,642.68,1589.17,1404.35,14.62,21.61,553.2,2388.06,9046.47,1.3,47.66,521.11,2388.15,8132.1,8.4472,0.03,393,2388,100.0,38.89,23.2987
63,110,0.0018,0.0003,100.0,518.67,642.19,1589.18,1406.03,14.62,21.61,553.72,2388.16,9042.62,1.3,47.6,521.51,2388.11,8126.86,8.4757,0.03,393,2388,100.0,38.9,23.3109
63,111,-0.0041,-0.0001,100.0,518.67,642.46,1583.78,1407.23,14.62,21.61,554.1,2388.08,9047.39,1.3,47.51,521.11,2388.17,8132.0,8.4893,0.03,393,2388,100.0,38.89,23.3951
63,112,0.0019,0.0,100.0,518.67,642.56,1587.47,1414.42,14.62,21.61,553.17,2388.12,9056.0,1.3,47.58,521.47,2388.14,8130.96,8.4462,0.03,393,2388,100.0,38.8,23.3024
63,113,0.0015,0.0002,100.0,518.67,642.83,1589.58,1412.05,14.62,21.61,553.16,2388.07,9051.27,1.3,47.62,521.19,2388.1,8135.06,8.4174,0.03,392,2388,100.0,38.86,23.384
63,114,0.0013,0.0,100.0,518.67,642.06,1582.04,1404.77,14.62,21.61,553.54,2388.13,9053.08,1.3,47.39,521.43,2388.07,8129.73,8.4481,0.03,394,2388,100.0,38.77,23.2505
63,115,0.0003,-0.0002,100.0,518.67,642.7,1589.34,1409.89,14.62,21.61,553.99,2388.1,9046.55,1.3,47.59,521.93,2388.16,8130.29,8.4569,0.03,393,2388,100.0,38.92,23.3294
63,116,-0.0034,0.0002,100.0,518.67,642.86,1588.16,1410.01,14.62,21.61,553.21,2388.1,9055.19,1.3,47.49,521.74,2388.12,8125.72,8.4361,0.03,393,2388,100.0,38.77,23.2179
63,117,0.0027,0.0004,100.0,518.67,643.15,1588.39,1412.48,14.62,21.61,551.95,2388.14,9048.52,1.3,47.52,521.01,2388.11,8132.75,8.4608,0.03,393,2388,100.0,38.82,23.2239
63,118,-0.0002,-0.0003,100.0,518.67,642.47,1582.72,1410.32,14.62,21.61,553.11,2388.11,9048.12,1.3,47.68,521.45,2388.11,8128.99,8.4489,0.03,394,2388,100.0,38.78,23.2716
63,119,0.0013,0.0002,100.0,518.67,642.43,1597.89,1408.48,14.62,21.61,552.75,2388.12,9058.15,1.3,47.49,520.75,2388.13,8128.9,8.3878,0.03,393,2388,100.0,38.7,23.283
63,120,0.0008,0.0005,100.0,518.67,642.94,1586.96,1409.89,14.62,21.61,553.98,2388.09,9045.49,1.3,47.48,521.08,2388.13,8133.29,8.4385,0.03,395,2388,100.0,38.86,23.3728
63,121,0.0003,-0.0002,100.0,518.67,643.29,1586.56,1404.17,14.62,21.61,553.23,2388.15,9043.27,1.3,47.7,521.17,2388.17,8126.79,8.435,0.03,394,2388,100.0,38.88,23.3641
63,122,-0.0026,0.0005,100.0,518.67,642.84,1583.16,1410.64,14.62,21.61,553.58,2388.1,9050.04,1.3,47.66,521.02,2388.11,8130.64,8.4223,0.03,394,2388,100.0,38.93,23.3398
63,123,-0.0005,-0.0004,100.0,518.67,642.95,1583.75,1417.07,14.62,21.61,553.53,2388.1,9045.46,1.3,47.51,521.18,2388.09,8133.11,8.4201,0.03,393,2388,100.0,38.78,23.1976
63,124,-0.0002,-0.0002,100.0,518.67,642.72,1588.57,1416.55,14.62,21.61,553.84,2388.11,9055.19,1.3,47.41,521.12,2388.12,8130.81,8.4529,0.03,394,2388,100.0,38.86,23.3304
63,125,-0.0019,-0.0003,100.0,518.67,642.39,1588.49,1419.4,14.62,21.61,553.03,2388.13,9045.56,1.3,47.6,521.6,2388.11,8130.52,8.4623,0.03,395,2388,100.0,38.75,23.2655
63,126,0.0039,-0.0003,100.0,518.67,642.35,1586.87,1409.68,14.62,21.61,553.24,2388.17,9043.22,1.3,47.75,521.08,2388.11,8128.56,8.4066,0.03,394,2388,100.0,38.73,23.2981
63,127,0.0049,0.0002,100.0,518.67,642.7,1592.26,1404.45,14.62,21.61,552.99,2388.19,9055.06,1.3,47.76,521.34,2388.14,8127.29,8.4491,0.03,392,2388,100.0,38.71,23.3036
63,128,-0.0041,-0.0002,100.0,518.67,642.52,1592.61,1418.92,14.62,21.61,553.0,2388.07,9044.96,1.3,47.68,521.33,2388.13,8124.68,8.4422,0.03,394,2388,100.0,38.79,23.3753
63,129,0.0003,-0.0004,100.0,518.67,642.53,1588.05,1411.22,14.62,21.61,552.75,2388.17,9054.39,1.3,47.62,520.96,2388.11,8128.69,8.4517,0.03,393,2388,100.0,38.72,23.2731
63,130,0.0001,-0.0001,100.0,518.67,642.55,1588.67,1407.92,14.62,21.61,552.97,2388.11,9051.0,1.3,47.64,521.26,2388.15,8128.57,8.4386,0.03,393,2388,100.0,38.66,23.2511
63,131,-0.0017,-0.0,100.0,518.67,642.5,1587.92,1409.58,14.62,21.61,553.81,2388.11,9053.67,1.3,47.78,521.51,2388.11,8131.05,8.4464,0.03,394,2388,100.0,38.77,23.2631
63,132,-0.0049,-0.0001,100.0,518.67,642.62,1595.02,1398.12,14.62,21.61,553.15,2388.15,9048.28,1.3,47.52,521.45,2388.14,8130.32,8.4543,0.03,395,2388,100.0,38.84,23.3347
63,133,0.002,0.0002,100.0,518.67,642.36,1596.33,1408.47,14.62,21.61,553.02,2388.11,9049.81,1.3,47.82,521.52,2388.15,8129.89,8.4453,0.03,394,2388,100.0,38.72,23.3494
63,134,-0.0013,-0.0004,100.0,518.67,642.4,1586.13,1403.88,14.62,21.61,553.15,2388.15,9056.93,1.3,47.46,521.57,2388.1,8131.57,8.4266,0.03,393,2388,100.0,38.88,23.1981
63,135,0.0002,-0.0002,100.0,518.67,642.59,1596.82,1403.1,14.62,21.61,552.86,2388.17,9043.76,1.3,47.7,520.85,2388.18,8126.52,8.4722,0.03,393,2388,100.0,38.62,23.29
63,136,-0.0037,0.0001,100.0,518.67,642.85,1588.76,1415.23,14.62,21.61,552.96,2388.16,9048.66,1.3,47.76,521.15,2388.16,8128.64,8.4592,0.03,395,2388,100.0,38.8,23.2883
63,137,-0.0009,0.0003,100.0,518.67,642.73,1592.99,1413.32,14.62,21.61,552.67,2388.21,9047.13,1.3,47.82,521.32,2388.11,8128.81,8.466,0.03,393,2388,100.0,38.64,23.2397
63,138,-0.0008,-0.0002,100.0,518.67,642.46,1591.5,1412.73,14.62,21.61,552.72,2388.15,9043.9,1.3,47.59,521.52,2388.15,8134.08,8.4392,0.03,394,2388,100.0,38.7,23.2481
63,139,0.0012,0.0004,100.0,518.67,643.28,1593.65,1412.85,14.62,21.61,552.97,2388.11,9049.95,1.3,47.67,521.09,2388.22,8132.88,8.4663,0.03,394,2388,100.0,38.71,23.1543
63,140,0.0008,0.0001,100.0,518.67,642.9,1594.41,1417.01,14.62,21.61,551.93,2388.15,9050.17,1.3,47.78,521.18,2388.18,8124.54,8.4714,0.03,394,2388,100.0,38.83,23.249
63,141,0.0001,0.0001,100.0,518.67,642.52,1594.27,1414.98,14.62,21.61,552.43,2388.14,9051.97,1.3,47.6,521.3,2388.11,8131.9,8.4181,0.03,395,2388,100.0,38.93,23.2341
63,142,0.0012,0.0004,100.0,518.67,643.7,1591.73,1416.08,14.62,21.61,553.54,2388.16,9048.3,1.3,47.63,520.94,2388.11,8124.79,8.467,0.03,393,2388,100.0,38.73,23.164
63,143,-0.0004,-0.0005,100.0,518.67,642.67,1596.63,1414.02,14.62,21.61,552.47,2388.13,9051.47,1.3,47.64,521.22,2388.19,8130.79,8.4256,0.03,393,2388,100.0,38.83,23.196
63,144,0.0026,0.0001,100.0,518.67,642.91,1591.95,1412.34,14.62,21.61,552.97,2388.18,9048.41,1.3,47.61,520.84,2388.19,8131.7,8.434,0.03,392,2388,100.0,38.75,23.2423
63,145,-0.0019,-0.0004,100.0,518.67,642.39,1585.18,1411.07,14.62,21.61,552.21,2388.15,9054.19,1.3,47.51,521.69,2388.13,8130.52,8.4456,0.03,392,2388,100.0,38.64,23.2652
63,146,0.0014,0.0002,100.0,518.67,642.9,1591.24,1411.43,14.62,21.61,553.55,2388.19,9051.65,1.3,47.53,521.32,2388.13,8126.02,8.4701,0.03,392,2388,100.0,38.87,23.2017
63,147,0.001,-0.0,100.0,518.67,642.52,1591.91,1415.41,14.62,21.61,553.19,2388.21,9042.92,1.3,47.65,521.33,2388.17,8126.35,8.4328,0.03,394,2388,100.0,38.83,23.1412
63,148,0.0004,0.0001,100.0,518.67,642.54,1592.37,1415.44,14.62,21.61,553.34,2388.17,9046.49,1.3,47.6,520.74,2388.15,8133.32,8.4124,0.03,393,2388,100.0,38.69,23.2834
63,149,-0.0006,0.0003,100.0,518.67,642.61,1590.39,1410.5,14.62,21.61,552.85,2388.15,9044.65,1.3,47.64,521.46,2388.17,8127.66,8.4313,0.03,392,2388,100.0,38.75,23.2809
63,150,0.0012,0.0002,100.0,518.67,641.86,1580.24,1404.05,14.62,21.61,552.95,2388.22,9042.26,1.3,47.59,520.82,2388.17,8128.08,8.4744,0.03,394,2388,100.0,38.86,23.2569
63,151,-0.0026,0.0002,100.0,518.67,642.43,1589.88,1408.49,14.62,21.61,552.26,2388.17,9050.02,1.3,47.75,521.45,2388.18,8127.52,8.4402,0.03,394,2388,100.0,38.6,23.2343
63,152,0.0019,-0.0003,100.0,518.67,642.86,1590.36,1412.42,14.62,21.61,552.12,2388.15,9052.27,1.3,47.56,520.95,2388.13,8134.56,8.516,0.03,394,2388,100.0,38.69,23.2466
63,153,0.0023,0.0001,100.0,518.67,642.91,1594.93,1408.57,14.62,21.61,552.57,2388.14,9049.41,1.3,47.69,521.41,2388.15,8125.67,8.4949,0.03,393,2388,100.0,38.63,23.2806
63,154,-0.0012,-0.0,100.0,518.67,642.59,1593.61,1409.96,14.62,21.61,552.64,2388.14,9054.83,1.3,47.62,521.09,2388.17,8123.81,8.4388,0.03,394,2388,100.0,38.75,23.2711
63,155,-0.0019,-0.0003,100.0,518.67,643.26,1592.19,1412.74,14.62,21.61,552.8,2388.19,9052.57,1.3,47.79,521.17,2388.17,8131.3,8.4704,0.03,393,2388,100.0,38.8,23.2344
66,1,0.0007,0.0003,100.0,518.67,642.83,1585.12,1406.19,14.62,21.61,553.36,2388.07,9060.28,1.3,47.48,521.54,2388.06,8142.15,8.456,0.03,393,2388,100.0,38.85,23.3847
66,2,0.0003,0.0002,100.0,518.67,643.16,1591.6,1405.2,14.62,21.61,553.05,2388.05,9067.97,1.3,47.31,521.78,2388.07,8141.7,8.4182,0.03,393,2388,100.0,38.94,23.4274
66,3,0.0004,-0.0002,100.0,518.67,642.72,1587.43,1402.98,14.62,21.61,553.49,2388.1,9060.37,1.3,47.21,520.97,2388.07,8139.28,8.4203,0.03,392,2388,100.0,38.87,23.2889
66,4,0.0028,0.0002,100.0,518.67,642.48,1589.42,1412.79,14.62,21.61,553.4,2388.1,9060.63,1.3,47.38,521.22,2388.05,8144.92,8.4473,0.03,392,2388,100.0,38.83,23.3173
66,5,0.0041,-0.0004,100.0,518.67,642.66,1594.18,1408.46,14.62,21.61,553.59,2388.05,9056.41,1.3,47.12,521.84,2388.11,8140.38,8.431,0.03,393,2388,100.0,38.82,23.3313
66,6,-0.0014,-0.0003,100.0,518.67,642.61,1592.28,1406.39,14.62,21.61,552.79,2388.1,9056.71,1.3,47.51,521.53,2388.07,8137.08,8.4378,0.03,393,2388,100.0,38.92,23.3121
66,7,-0.001,-0.0004,100.0,518.67,642.39,1587.08,1408.84,14.62,21.61,553.03,2388.04,9056.28,1.3,47.42,521.88,2388.01,8148.07,8.4176,0.03,393,2388,100.0,38.96,23.275
66,8,0.0014,-0.0001,100.0,518.67,642.77,1589.81,1402.1,14.62,21.61,553.94,2388.06,9059.55,1.3,47.44,521.5,2388.05,8142.91,8.4494,0.03,391,2388,100.0,38.96,23.2843
66,9,-0.0025,-0.0003,100.0,518.67,642.55,1585.14,1404.25,14.62,21.61,554.02,2388.06,9057.17,1.3,47.4,522.69,2388.04,8142.33,8.4063,0.03,392,2388,100.0,38.8,23.2619
66,10,0.0014,0.0,100.0,518.67,642.99,1583.65,1409.68,14.62,21.61,553.03,2388.12,9062.02,1.3,47.58,521.06,2388.09,8137.25,8.4082,0.03,392,2388,100.0,38.81,23.3664
66,11,0.006,-0.0002,100.0,518.67,642.75,1587.93,1403.79,14.62,21.61,553.06,2388.06,9061.31,1.3,47.37,522.23,2388.08,8135.93,8.4515,0.03,392,2388,100.0,38.95,23.3144
66,12,0.0005,0.0,100.0,518.67,642.52,1585.8,1407.46,14.62,21.61,553.67,2388.05,9052.66,1.3,47.52,521.57,2388.05,8134.63,8.4581,0.03,393,2388,100.0,38.97,23.3998
66,13,0.0034,0.0005,100.0,518.67,642.59,1590.27,1403.08,14.62,21.61,554.14,2388.06,9055.25,1.3,47.49,521.28,2388.07,8135.48,8.451,0.03,392,2388,100.0,38.73,23.3402
66,14,-0.0007,-0.0003,100.0,518.67,642.41,1588.15,1402.08,14.62,21.61,553.58,2388.04,9064.48,1.3,47.46,521.85,2388.14,8139.3,8.3936,0.03,392,2388,100.0,38.86,23.3237
66,15,0.0023,0.0003,100.0,518.67,642.44,1592.82,1403.37,14.62,21.61,553.33,2388.09,9066.9,1.3,47.44,521.21,2388.12,8141.03,8.458,0.03,394,2388,100.0,38.9,23.3118
66,16,0.0021,-0.0002,100.0,518.67,642.63,1581.13,1400.68,14.62,21.61,554.08,2388.11,9060.38,1.3,47.3,521.77,2388.06,8137.89,8.4373,0.03,395,2388,100.0,38.79,23.3176
66,17,0.0034,0.0,100.0,518.67,642.89,1589.57,1406.87,14.62,21.61,553.74,2388.08,9061.2,1.3,47.42,521.61,2388.12,8139.37,8.4088,0.03,393,2388,100.0,38.84,23.244
66,18,0.0033,0.0003,100.0,518.67,641.98,1592.81,1398.39,14.62,21.61,553.61,2388.06,9059.61,1.3,47.35,521.16,2388.07,8139.49,8.4574,0.03,392,2388,100.0,38.88,23.4084
66,19,-0.0018,-0.0005,100.0,518.67,641.92,1589.28,1405.95,14.62,21.61,553.92,2388.07,9059.02,1.3,47.43,521.43,2388.07,8139.38,8.4432,0.03,393,2388,100.0,38.87,23.4132
66,20,0.0013,-0.0001,100.0,518.67,642.84,1589.53,1402.95,14.62,21.61,553.37,2388.1,9057.73,1.3,47.51,521.78,2388.18,8138.1,8.4377,0.03,392,2388,100.0,38.7,23.2962
66,21,-0.0015,0.0003,100.0,518.67,642.2,1596.98,1401.81,14.62,21.61,553.54,2388.04,9060.36,1.3,47.54,521.14,2388.09,8142.58,8.4563,0.03,395,2388,100.0,38.93,23.2612
66,22,0.005,-0.0002,100.0,518.67,642.77,1586.1,1400.67,14.62,21.61,554.07,2388.08,9058.36,1.3,47.45,522.06,2388.07,8145.09,8.4354,0.03,393,2388,100.0,38.91,23.2106
66,23,-0.0002,0.0002,100.0,518.67,642.31,1590.69,1402.1,14.62,21.61,553.58,2388.05,9064.04,1.3,47.45,521.79,2388.1,8145.25,8.4132,0.03,392,2388,100.0,38.98,23.3764
66,24,0.0013,0.0001,100.0,518.67,643.11,1589.89,1400.89,14.62,21.61,553.25,2388.07,9059.96,1.3,47.54,521.47,2388.1,8139.24,8.446,0.03,393,2388,100.0,38.86,23.264
66,25,-0.0044,-0.0005,100.0,518.67,642.75,1587.59,1405.27,14.62,21.61,552.49,2388.07,9067.15,1.3,47.43,521.47,2388.09,8135.24,8.4193,0.03,394,2388,100.0,38.68,23.4397
66,26,-0.0035,0.0001,100.0,518.67,642.36,1585.82,1411.98,14.62,21.61,553.72,2388.14,9065.2,1.3,47.46,521.79,2388.07,8139.81,8.4219,0.03,394,2388,100.0,38.67,23.1554
66,27,-0.0022,-0.0004,100.0,518.67,642.88,1587.89,1407.67,14.62,21.61,554.0,2388.11,9064.95,1.3,47.4,521.58,2388.07,8144.11,8.4115,0.03,392,2388,100.0,38.72,23.3541
66,28,-0.0003,-0.0002,100.0,518.67,642.5,1586.67,1407.03,14.62,21.61,553.24,2388.14,9054.13,1.3,47.36,522.04,2388.1,8141.98,8.4328,0.03,395,2388,100.0,38.78,23.3806
66,29,-0.0011,-0.0003,100.0,518.67,642.57,1589.96,1406.28,14.62,21.61,553.39,2388.1,9055.83,1.3,47.44,521.9,2388.06,8141.79,8.4439,0.03,394,2388,100.0,38.83,23.3423
66,30,0.0003,-0.0004,100.0,518.67,642.84,1593.52,1404.09,14.62,21.61,553.71,2388.07,9064.88,1.3,47.58,521.78,2388.05,8142.98,8.4078,0.03,394,2388,100.0,38.78,23.3951
66,31,0.0055,0.0001,100.0,518.67,642.13,1584.69,1406.49,14.62,21.61,553.9,2388.11,9059.97,1.3,47.5,522.41,2388.07,8142.51,8.47,0.03,394,2388,100.0,38.77,23.3976
66,32,-0.0014,-0.0003,100.0,518.67,642.9,1590.21,1406.57,14.62,21.61,552.61,2388.09,9066.57,1.3,47.4,521.45,2388.05,8144.19,8.4222,0.03,393,2388,100.0,39.08,23.268
66,33,-0.0014,-0.0002,100.0,518.67,642.41,1583.87,1407.22,14.62,21.61,553.53,2388.06,9062.59,1.3,47.39,521.65,2388.13,8143.24,8.4251,0.03,391,2388,100.0,39.0,23.2918
66,34,-0.0006,0.0004,100.0,518.67,642.85,1588.14,1404.36,14.62,21.61,553.8,2388.07,9053.71,1.3,47.4,521.83,2388.05,8138.71,8.4174,0.03,392,2388,100.0,39.01,23.4317
66,35,-0.0005,-0.0001,100.0,518.67,642.77,1588.15,1400.23,14.62,21.61,553.41,2388.07,9059.4,1.3,47.61,521.45,2388.05,8145.52,8.4082,0.03,394,2388,100.0,38.82,23.4795
66,36,-0.0003,-0.0004,100.0,518.67,642.48,1596.41,1403.52,14.62,21.61,552.99,2388.1,9067.82,1.3,47.58,521.83,2388.11,8144.37,8.4603,0.03,393,2388,100.0,38.92,23.342
66,37,-0.0018,-0.0004,100.0,518.67,642.51,1590.08,1408.34,14.62,21.61,553.56,2388.15,9060.08,1.3,47.57,521.7,2388.05,8142.22,8.4402,0.03,392,2388,100.0,38.81,23.2739
66,38,0.0031,0.0001,100.0,518.67,643.09,1587.73,1411.09,14.62,21.61,553.46,2388.06,9064.8,1.3,47.54,522.17,2388.04,8142.05,8.4441,0.03,393,2388,100.0,38.75,23.3457
66,39,-0.0029,0.0004,100.0,518.67,642.85,1585.07,1409.89,14.62,21.61,553.95,2388.1,9060.5,1.3,47.28,521.85,2388.05,8142.86,8.4206,0.03,393,2388,100.0,38.94,23.285
66,40,-0.0013,-0.0003,100.0,518.67,642.54,1584.16,1411.71,14.62,21.61,552.94,2388.07,9058.51,1.3,47.52,521.46,2388.08,8148.28,8.4678,0.03,393,2388,100.0,38.87,23.267
66,41,0.0021,-0.0,100.0,518.67,642.94,1588.09,1402.52,14.62,21.61,553.53,2388.07,9061.25,1.3,47.6,522.02,2388.09,8143.53,8.4413,0.03,392,2388,100.0,38.9,23.4418
66,42,0.0001,0.0002,100.0,518.67,642.36,1589.45,1408.45,14.62,21.61,554.21,2388.04,9063.33,1.3,47.7,521.52,2388.09,8137.37,8.4008,0.03,393,2388,100.0,38.76,23.2703
66,43,0.0013,0.0002,100.0,518.67,642.44,1592.47,1406.91,14.62,21.61,553.54,2388.02,9065.69,1.3,47.56,522.27,2388.01,8140.6,8.4255,0.03,392,2388,100.0,38.87,23.3652
66,44,0.001,-0.0002,100.0,518.67,642.61,1594.43,1408.24,14.62,21.61,553.25,2388.13,9071.86,1.3,47.43,521.44,2388.06,8140.6,8.4037,0.03,391,2388,100.0,38.79,23.3861
66,45,-0.0006,0.0001,100.0,518.67,642.66,1587.32,1409.05,14.62,21.61,553.28,2388.11,9058.87,1.3,47.39,521.6,2388.08,8142.76,8.4267,0.03,393,2388,100.0,38.63,23.4095
66,46,-0.002,-0.0003,100.0,518.67,643.14,1590.04,1408.22,14.62,21.61,554.27,2388.07,9061.29,1.3,47.36,521.87,2388.08,8142.49,8.4425,0.03,392,2388,100.0,38.87,23.29
66,47,-0.0005,0.0005,100.0,518.67,642.95,1592.08,1406.69,14.62,21.61,553.63,2388.13,9070.43,1.3,47.65,521.7,2388.09,8141.74,8.43,0.03,392,2388,100.0,38.98,23.329
66,48,-0.0031,0.0002,100.0,518.67,642.41,1576.3,1406.55,14.62,21.61,553.82,2388.06,9061.58,1.3,47.3,521.58,2388.08,8148.58,8.4369,0.03,394,2388,100.0,38.79,23.3181
66,49,-0.0,-0.0004,100.0,518.67,641.99,1587.9,1402.91,14.62,21.61,552.96,2388.06,9064.18,1.3,47.28,521.38,2388.08,8146.66,8.4359,0.03,393,2388,100.0,38.7,23.1723
66,50,0.0012,0.0005,100.0,518.67,642.88,1599.1,1412.72,14.62,21.61,553.3,2388.05,9062.24,1.3,47.46,521.75,2388.1,8144.71,8.4416,0.03,393,2388,100.0,38.94,23.2993
66,51,-0.0024,-0.0001,100.0,518.67,643.15,1587.19,1396.41,14.62,21.61,554.01,2388.03,9060.75,1.3,47.42,521.09,2388.07,8145.39,8.4159,0.03,392,2388,100.0,38.76,23.3559
66,52,0.0022,-0.0,100.0,518.67,642.42,1581.85,1408.5,14.62,21.61,554.07,2388.07,9061.3,1.3,47.68,521.25,2388.13,8142.39,8.4052,0.03,393,2388,100.0,38.8,23.3864
66,53,0.0022,-0.0,100.0,518.67,642.1,1586.19,1404.58,14.62,21.61,553.37,2388.06,9067.48,1.3,47.7,521.32,2388.1,8141.32,8.4542,0.03,393,2388,100.0,38.84,23.402
66,54,0.0029,-0.0004,100.0,518.67,641.84,1590.1,1401.31,14.62,21.61,553.39,2388.09,9067.9,1.3,47.39,520.94,2388.07,8142.96,8.3995,0.03,393,2388,100.0,38.78,23.2452
66,55,-0.0011,-0.0001,100.0,518.67,643.56,1590.17,1408.11,14.62,21.61,553.71,2388.01,9058.91,1.3,47.51,521.77,2387.99,8144.98,8.4533,0.03,393,2388,100.0,38.95,23.3733
66,56,-0.001,0.0005,100.0,518.67,642.34,1584.26,1406.93,14.62,21.61,553.86,2388.01,9066.79,1.3,47.61,521.34,2388.12,8142.69,8.4135,0.03,393,2388,100.0,38.86,23.4036
66,57,0.0035,-0.0005,100.0,518.67,642.28,1586.89,1405.38,14.62,21.61,553.62,2388.09,9061.77,1.3,47.57,521.21,2388.05,8139.77,8.4757,0.03,392,2388,100.0,38.67,23.3129
66,58,-0.0009,0.0003,100.0,518.67,642.61,1588.35,1405.23,14.62,21.61,553.48,2388.07,9066.53,1.3,47.55,521.18,2388.1,8138.01,8.4199,0.03,393,2388,100.0,38.88,23.3758
66,59,-0.0004,-0.0001,100.0,518.67,642.6,1599.89,1413.18,14.62,21.61,553.54,2388.08,9066.39,1.3,47.55,521.71,2388.11,8144.34,8.4392,0.03,394,2388,100.0,38.96,23.2744
66,60,0.0014,-0.0001,100.0,518.67,642.76,1593.73,1403.91,14.62,21.61,553.83,2388.09,9069.4,1.3,47.43,521.57,2388.14,8142.64,8.4482,0.03,392,2388,100.0,38.83,23.3821
66,61,0.0018,-0.0003,100.0,518.67,642.67,1589.32,1401.63,14.62,21.61,554.06,2388.05,9066.24,1.3,47.41,521.5,2388.06,8144.91,8.4191,0.03,393,2388,100.0,38.95,23.2546
66,62,-0.0007,0.0002,100.0,518.67,642.49,1588.04,1402.99,14.62,21.61,554.38,2388.1,9068.76,1.3,47.64,521.65,2388.09,8152.51,8.4518,0.03,394,2388,100.0,38.86,23.3229
66,63,0.0014,0.0005,100.0,518.67,642.85,1587.52,1408.71,14.62,21.61,552.98,2388.09,9055.92,1.3,47.52,521.86,2388.11,8146.29,8.4062,0.03,393,2388,100.0,38.68,23.2357
66,64,-0.0007,0.0003,100.0,518.67,643.18,1588.95,1407.39,14.62,21.61,555.02,2388.1,9065.34,1.3,47.38,521.54,2388.11,8147.05,8.4276,0.03,393,2388,100.0,38.75,23.2656
66,65,-0.0027,0.0004,100.0,518.67,642.43,1601.17,1411.87,14.62,21.61,553.95,2388.13,9060.71,1.3,47.63,521.53,2388.03,8143.56,8.4464,0.03,393,2388,100.0,38.81,23.3184
66,66,0.0011,-0.0005,100.0,518.67,642.72,1589.41,1409.47,14.62,21.61,554.07,2388.05,9062.52,1.3,47.4,521.12,2388.07,8143.33,8.4365,0.03,393,2388,100.0,38.8,23.3397
66,67,0.0026,0.0002,100.0,518.67,642.83,1590.83,1410.06,14.62,21.61,554.25,2388.09,9066.98,1.3,47.52,521.76,2388.11,8143.41,8.4329,0.03,393,2388,100.0,38.91,23.2259
66,68,-0.0017,0.0004,100.0,518.67,642.22,1594.74,1404.69,14.62,21.61,553.17,2388.08,9065.31,1.3,47.5,522.02,2388.08,8153.81,8.4508,0.03,394,2388,100.0,38.93,23.2938
66,69,0.0008,0.0001,100.0,518.67,642.92,1593.48,1404.74,14.62,21.61,553.35,2388.15,9069.59,1.3,47.49,521.48,2388.11,8148.22,8.4481,0.03,394,2388,100.0,38.95,23.2426
66,70,0.0008,-0.0,100.0,518.67,642.23,1594.59,1408.42,14.62,21.61,554.22,2388.07,9061.95,1.3,47.61,521.55,2388.09,8145.06,8.4759,0.03,392,2388,100.0,38.71,23.3253
66,71,-0.0006,-0.0002,100.0,518.67,643.08,1594.76,1408.68,14.62,21.61,553.47,2388.1,9061.31,1.3,47.57,521.6,2388.06,8145.25,8.459,0.03,394,2388,100.0,38.66,23.3017
66,72,-0.0032,-0.0,100.0,518.67,642.58,1596.06,1402.17,14.62,21.61,553.73,2388.07,9073.31,1.3,47.56,521.57,2388.03,8145.23,8.4223,0.03,394,2388,100.0,38.79,23.3523
66,73,-0.0022,-0.0001,100.0,518.67,643.06,1580.67,1410.77,14.62,21.61,553.41,2388.07,9063.04,1.3,47.49,521.52,2388.08,8141.88,8.4394,0.03,394,2388,100.0,38.86,23.308
66,74,-0.0003,0.0001,100.0,518.67,643.17,1595.99,1402.2,14.62,21.61,552.81,2388.13,9063.96,1.3,47.41,521.41,2388.09,8149.03,8.4288,0.03,392,2388,100.0,38.82,23.1717
66,75,0.0013,-0.0,100.0,518.67,642.7,1593.63,1410.38,14.62,21.61,553.12,2388.08,9070.35,1.3,47.5,521.88,2388.09,8152.01,8.4251,0.03,394,2388,100.0,38.91,23.1841
66,76,-0.0016,-0.0002,100.0,518.67,642.68,1592.31,1409.68,14.62,21.61,554.33,2388.13,9065.81,1.3,47.45,521.42,2388.07,8142.8,8.4039,0.03,393,2388,100.0,38.79,23.2324
66,77,-0.0017,0.0003,100.0,518.67,642.66,1590.41,1403.1,14.62,21.61,553.27,2388.07,9064.36,1.3,47.71,521.51,2388.1,8148.61,8.415,0.03,394,2388,100.0,38.74,23.3014
66,78,0.0028,0.0005,100.0,518.67,642.2,1594.75,1412.82,14.62,21.61,553.63,2388.06,9068.32,1.3,47.54,521.68,2388.07,8147.6,8.4116,0.03,392,2388,100.0,38.91,23.3509
66,79,0.0052,-0.0004,100.0,518.67,642.34,1592.53,1409.12,14.62,21.61,553.43,2388.05,9069.07,1.3,47.59,521.39,2388.08,8145.92,8.4082,0.03,394,2388,100.0,38.63,23.2945
66,80,-0.0014,0.0002,100.0,518.67,642.62,1593.03,1412.93,14.62,21.61,553.86,2388.11,9067.41,1.3,47.63,521.35,2388.1,8149.38,8.4158,0.03,394,2388,100.0,38.61,23.1689
66,81,0.0016,-0.0004,100.0,518.67,642.44,1587.11,1404.28,14.62,21.61,553.43,2388.13,9070.96,1.3,47.64,521.47,2388.08,8147.62,8.4482,0.03,393,2388,100.0,38.76,23.3424
66,82,0.0008,-0.0005,100.0,518.67,642.95,1582.76,1410.0,14.62,21.61,553.73,2388.08,9073.73,1.3,47.55,521.62,2388.1,8141.85,8.4531,0.03,394,2388,100.0,38.85,23.3738
66,83,0.0034,-0.0004,100.0,518.67,642.53,1589.65,1411.89,14.62,21.61,553.63,2388.09,9076.74,1.3,47.52,522.54,2388.07,8147.3,8.4289,0.03,393,2388,100.0,38.79,23.2819
66,84,0.0011,-0.0004,100.0,518.67,642.76,1589.46,1404.37,14.62,21.61,553.53,2388.09,9078.13,1.3,47.47,520.73,2388.07,8148.25,8.4515,0.03,392,2388,100.0,38.82,23.361
66,85,-0.0013,-0.0001,100.0,518.67,642.72,1594.71,1405.81,14.62,21.61,553.44,2388.06,9071.3,1.3,47.53,521.9,2388.08,8146.38,8.4635,0.03,394,2388,100.0,38.73,23.202
66,86,0.001,-0.0002,100.0,518.67,642.74,1588.35,1411.26,14.62,21.61,553.44,2388.08,9069.35,1.3,47.54,521.39,2388.05,8144.36,8.4482,0.03,394,2388,100.0,38.7,23.2328
66,87,-0.0022,-0.0002,100.0,518.67,642.58,1590.44,1412.08,14.62,21.61,553.48,2388.05,9073.51,1.3,47.55,520.94,2388.08,8150.69,8.4434,0.03,396,2388,100.0,38.69,23.3032
66,88,-0.0016,0.0005,100.0,518.67,643.11,1588.76,1411.45,14.62,21.61,553.07,2388.1,9063.24,1.3,47.62,521.16,2388.08,8146.25,8.4406,0.03,393,2388,100.0,38.91,23.2979
66,89,-0.0034,-0.0004,100.0,518.67,643.0,1590.2,1420.64,14.62,21.61,553.39,2388.09,9073.11,1.3,47.79,521.67,2388.05,8148.15,8.4518,0.03,394,2388,100.0,38.92,23.2959
66,90,-0.003,-0.0004,100.0,518.67,642.78,1592.42,1404.93,14.62,21.61,553.45,2388.14,9073.79,1.3,47.66,521.26,2388.12,8148.83,8.4453,0.03,393,2388,100.0,38.86,23.321
66,91,0.0009,0.0001,100.0,518.67,642.71,1592.04,1407.63,14.62,21.61,553.39,2388.14,9078.61,1.3,47.63,521.17,2388.09,8146.84,8.4128,0.03,393,2388,100.0,38.81,23.3261
66,92,0.0005,0.0003,100.0,518.67,642.88,1592.67,1414.7,14.62,21.61,553.39,2388.14,9075.64,1.3,47.55,521.54,2388.09,8150.11,8.4358,0.03,393,2388,100.0,38.83,23.2177
66,93,0.0007,-0.0003,100.0,518.67,643.23,1588.91,1411.25,14.62,21.61,553.88,2388.09,9072.5,1.3,47.62,521.25,2388.09,8152.83,8.4464,0.03,392,2388,100.0,38.76,23.2544
66,94,-0.0031,-0.0002,100.0,518.67,642.5,1590.65,1415.0,14.62,21.61,553.11,2388.12,9073.73,1.3,47.6,521.43,2388.13,8151.8,8.4698,0.03,394,2388,100.0,38.64,23.2917
66,95,0.0022,-0.0003,100.0,518.67,643.1,1597.36,1407.12,14.62,21.61,553.59,2388.08,9076.36,1.3,47.55,520.91,2388.08,8148.03,8.4363,0.03,394,2388,100.0,38.78,23.3805
66,96,0.0003,0.0001,100.0,518.67,642.73,1593.16,1406.92,14.62,21.61,553.47,2388.07,9065.43,1.3,47.62,521.74,2388.12,8149.89,8.4427,0.03,394,2388,100.0,38.7,23.2597
66,97,0.0033,-0.0004,100.0,518.67,642.52,1587.87,1408.79,14.62,21.61,553.31,2388.1,9073.0,1.3,47.53,521.07,2388.07,8152.05,8.4355,0.03,393,2388,100.0,38.87,23.1129
66,98,-0.0018,-0.0004,100.0,518.67,642.07,1593.39,1408.84,14.62,21.61,553.18,2388.02,9074.23,1.3,47.6,521.57,2388.1,8148.96,8.4172,0.03,393,2388,100.0,38.59,23.2178
66,99,0.001,0.0004,100.0,518.67,642.64,1599.96,1416.73,14.62,21.61,553.4,2388.07,9077.01,1.3,47.58,521.4,2388.07,8153.2,8.4656,0.03,394,2388,100.0,38.7,23.3563
66,100,0.0002,0.0005,100.0,518.67,642.66,1592.62,1403.65,14.62,21.61,553.52,2388.12,9075.6,1.3,47.59,521.64,2388.15,8150.26,8.4689,0.03,394,2388,100.0,38.8,23.2915
66,101,-0.0021,0.0001,100.0,518.67,642.5,1597.2,1411.86,14.62,21.61,553.02,2388.11,9070.49,1.3,47.6,520.76,2388.13,8151.81,8.4445,0.03,393,2388,100.0,38.96,23.2698
66,102,0.0012,0.0001,100.0,518.67,642.46,1594.35,1405.31,14.62,21.61,552.9,2388.09,9077.69,1.3,47.64,521.37,2388.06,8151.31,8.4647,0.03,394,2388,100.0,38.76,23.2199
66,103,0.0024,-0.0001,100.0,518.67,642.93,1588.18,1419.41,14.62,21.61,553.28,2388.15,9071.46,1.3,47.77,521.8,2388.08,8147.76,8.4549,0.03,394,2388,100.0,38.89,23.2894
66,104,-0.0047,0.0004,100.0,518.67,643.13,1598.96,1413.64,14.62,21.61,553.5,2388.07,9075.63,1.3,47.65,521.12,2388.06,8152.02,8.4543,0.03,393,2388,100.0,38.7,23.2868
66,105,-0.0009,-0.0001,100.0,518.67,642.89,1588.05,1405.13,14.62,21.61,552.47,2388.08,9076.15,1.3,47.52,520.69,2388.1,8158.83,8.4166,0.03,395,2388,100.0,38.76,23.2754
66,106,0.0034,0.0003,100.0,518.67,642.4,1594.1,1414.0,14.62,21.61,553.16,2388.11,9080.45,1.3,47.7,521.39,2388.06,8159.58,8.4494,0.03,394,2388,100.0,38.72,23.2332
66,107,-0.001,0.0003,100.0,518.67,643.43,1594.21,1413.98,14.62,21.61,553.57,2388.09,9078.29,1.3,47.37,521.23,2388.1,8149.37,8.4516,0.03,392,2388,100.0,39.01,23.219
66,108,0.0022,0.0,100.0,518.67,642.41,1594.14,1407.9,14.62,21.61,553.05,2388.06,9080.46,1.3,47.52,521.65,2388.09,8155.51,8.4572,0.03,394,2388,100.0,38.85,23.1426
66,109,-0.0005,-0.0004,100.0,518.67,642.5,1587.3,1403.98,14.62,21.61,553.1,2388.07,9093.08,1.3,47.61,520.85,2388.11,8157.6,8.4387,0.03,393,2388,100.0,38.75,23.2531
66,110,0.0005,0.0004,100.0,518.67,642.98,1588.13,1419.83,14.62,21.61,552.98,2388.14,9086.43,1.3,47.53,520.84,2388.12,8161.54,8.4661,0.03,393,2388,100.0,38.71,23.3517
66,111,0.0008,0.0001,100.0,518.67,642.91,1590.85,1405.96,14.62,21.61,553.33,2388.08,9073.57,1.3,47.73,520.82,2388.07,8160.67,8.4005,0.03,393,2388,100.0,38.8,23.3995
66,112,-0.0008,0.0001,100.0,518.67,643.8,1590.06,1411.72,14.62,21.61,553.12,2388.08,9083.22,1.3,47.54,521.04,2388.08,8159.89,8.4344,0.03,391,2388,100.0,38.82,23.3312
66,113,-0.0001,0.0002,100.0,518.67,643.34,1589.57,1405.79,14.62,21.61,553.28,2388.07,9089.04,1.3,47.71,520.89,2388.08,8157.62,8.4467,0.03,394,2388,100.0,38.8,23.1446
66,114,0.0021,-0.0003,100.0,518.67,642.97,1590.11,1415.7,14.62,21.61,552.63,2388.14,9081.6,1.3,47.69,520.81,2388.09,8160.9,8.4891,0.03,395,2388,100.0,38.8,23.235
66,115,-0.0037,-0.0003,100.0,518.67,643.13,1597.08,1416.06,14.62,21.61,552.48,2388.12,9088.51,1.3,47.87,521.55,2388.05,8156.77,8.4561,0.03,395,2388,100.0,38.73,23.3582
66,116,0.0012,0.0001,100.0,518.67,642.95,1590.75,1409.66,14.62,21.61,553.63,2388.05,9088.81,1.3,47.6,521.49,2388.09,8161.04,8.4787,0.03,395,2388,100.0,38.78,23.2721
66,117,-0.0001,-0.0002,100.0,518.67,642.64,1591.89,1419.05,14.62,21.61,553.07,2388.16,9084.02,1.3,47.7,520.98,2388.09,8161.31,8.4692,0.03,395,2388,100.0,38.61,23.3246
66,118,0.0022,-0.0,100.0,518.67,642.93,1606.24,1411.44,14.62,21.61,552.33,2388.09,9091.97,1.3,47.83,520.74,2388.1,8169.28,8.4669,0.03,394,2388,100.0,38.75,23.1825
66,119,0.0011,0.0005,100.0,518.67,642.81,1592.5,1415.19,14.62,21.61,552.59,2388.11,9099.11,1.3,47.51,521.01,2388.08,8165.3,8.5001,0.03,395,2388,100.0,38.7,23.2366
66,120,-0.0035,0.0003,100.0,518.67,642.96,1595.61,1404.56,14.62,21.61,552.79,2388.16,9090.06,1.3,47.74,520.94,2388.11,8166.35,8.5056,0.03,396,2388,100.0,38.84,23.2185
66,121,0.001,0.0002,100.0,518.67,643.21,1593.46,1416.3,14.62,21.61,551.7,2388.14,9086.83,1.3,47.75,521.1,2388.15,8165.79,8.457,0.03,394,2388,100.0,38.76,23.1898
66,122,0.0002,0.0001,100.0,518.67,642.53,1596.21,1423.69,14.62,21.61,552.86,2388.09,9092.54,1.3,47.93,520.64,2388.06,8165.96,8.4528,0.03,396,2388,100.0,38.61,23.233
66,123,-0.0012,-0.0004,100.0,518.67,642.83,1594.89,1412.94,14.62,21.61,552.66,2388.12,9096.5,1.3,47.63,521.2,2388.03,8161.71,8.4655,0.03,394,2388,100.0,38.73,23.1767
66,124,0.0019,0.0001,100.0,518.67,643.13,1590.61,1416.39,14.62,21.61,552.56,2388.1,9095.51,1.3,47.66,521.05,2388.09,8165.29,8.4488,0.03,394,2388,100.0,38.68,23.2304
66,125,0.0039,0.0002,100.0,518.67,642.75,1596.53,1413.65,14.62,21.61,553.1,2388.11,9092.72,1.3,47.47,520.64,2388.09,8168.1,8.4449,0.03,395,2388,100.0,38.6,23.2567
66,126,0.0005,-0.0001,100.0,518.67,643.1,1594.9,1413.6,14.62,21.61,553.02,2388.12,9088.82,1.3,47.88,521.28,2388.17,8167.14,8.4635,0.03,396,2388,100.0,38.85,23.262
66,127,0.0009,-0.0,100.0,518.67,643.05,1599.38,1415.85,14.62,21.61,552.68,2388.14,9094.5,1.3,47.83,520.73,2388.15,8171.01,8.4648,0.03,394,2388,100.0,38.79,23.1286
66,128,0.0015,-0.0002,100.0,518.67,642.66,1596.42,1414.3,14.62,21.61,553.34,2388.13,9094.93,1.3,47.63,520.89,2388.07,8176.87,8.4598,0.03,394,2388,100.0,38.59,23.1796
66,129,-0.0001,0.0002,100.0,518.67,642.8,1604.7,1425.28,14.62,21.61,552.78,2388.13,9102.72,1.3,47.75,520.66,2388.15,8170.46,8.4807,0.03,393,2388,100.0,38.59,23.2437
66,130,0.0008,0.0005,100.0,518.67,643.3,1595.4,1417.1,14.62,21.61,553.28,2388.11,9100.1,1.3,47.82,521.07,2388.11,8171.39,8.437,0.03,397,2388,100.0,38.85,23.2496
66,131,0.0028,0.0,100.0,518.67,643.25,1594.37,1416.38,14.62,21.61,553.26,2388.06,9100.43,1.3,47.83,521.28,2388.11,8174.99,8.4434,0.03,392,2388,100.0,38.56,23.1676
66,132,0.0003,-0.0002,100.0,518.67,643.1,1596.3,1415.32,14.62,21.61,553.04,2388.1,9107.15,1.3,47.69,520.79,2388.14,8176.66,8.4501,0.03,393,2388,100.0,38.8,23.1924
66,133,-0.0005,0.0003,100.0,518.67,642.88,1591.7,1411.12,14.62,21.61,553.05,2388.12,9097.71,1.3,47.79,521.11,2388.09,8181.56,8.4561,0.03,394,2388,100.0,38.66,23.1743
66,134,0.0004,0.0004,100.0,518.67,643.22,1605.48,1415.17,14.62,21.61,552.71,2388.12,9108.89,1.3,47.7,520.89,2388.11,8173.82,8.4837,0.03,397,2388,100.0,38.59,23.2636
66,135,-0.0018,-0.0003,100.0,518.67,643.15,1595.52,1410.28,14.62,21.61,552.75,2388.13,9110.29,1.3,47.65,520.59,2388.13,8182.94,8.4732,0.03,394,2388,100.0,38.54,23.2303
66,136,0.0029,0.0001,100.0,518.67,643.21,1597.02,1419.68,14.62,21.61,551.92,2388.07,9105.51,1.3,47.8,520.78,2388.13,8178.81,8.4666,0.03,395,2388,100.0,38.77,23.2679
66,137,0.0038,0.0002,100.0,518.67,643.05,1596.48,1423.1,14.62,21.61,553.34,2388.14,9108.41,1.3,47.9,520.55,2388.13,8175.98,8.4509,0.03,396,2388,100.0,38.75,23.2015
66,138,-0.0001,0.0002,100.0,518.67,643.66,1588.55,1421.4,14.62,21.61,552.81,2388.18,9110.59,1.3,47.79,520.86,2388.16,8180.15,8.5254,0.03,396,2388,100.0,38.76,23.3152
66,139,-0.0003,0.0002,100.0,518.67,643.28,1592.67,1417.43,14.62,21.61,552.19,2388.15,9112.6,1.3,47.88,520.62,2388.09,8186.33,8.4469,0.03,395,2388,100.0,38.64,23.1166
66,140,0.0041,0.0002,100.0,518.67,643.51,1594.5,1414.01,14.62,21.61,552.46,2388.11,9110.55,1.3,47.84,520.91,2388.09,8184.2,8.4897,0.03,397,2388,100.0,38.68,23.2385
66,141,-0.0062,-0.0,100.0,518.67,643.34,1598.94,1419.4,14.62,21.61,552.54,2388.12,9106.51,1.3,47.73,521.42,2388.13,8180.63,8.4849,0.03,394,2388,100.0,38.68,23.1438
66,142,0.0015,0.0002,100.0,518.67,643.25,1599.48,1422.57,14.62,21.61,552.46,2388.09,9115.75,1.3,47.61,520.35,2388.17,8184.41,8.4419,0.03,394,2388,100.0,38.48,23.2129
66,143,0.0007,-0.0001,100.0,518.67,643.28,1597.95,1415.19,14.62,21.61,552.53,2388.09,9118.68,1.3,47.79,520.29,2388.11,8188.86,8.5,0.03,395,2388,100.0,38.69,23.204
66,144,0.0014,-0.0003,100.0,518.67,643.21,1601.7,1420.94,14.62,21.61,552.12,2388.12,9128.32,1.3,48.06,521.03,2388.12,8188.63,8.5017,0.03,394,2388,100.0,38.62,23.2331
66,145,-0.0008,0.0002,100.0,518.67,643.93,1591.0,1426.81,14.62,21.61,552.71,2388.19,9126.23,1.3,47.82,520.72,2388.1,8195.68,8.4565,0.03,396,2388,100.0,38.58,23.1819
66,146,0.0018,0.0004,100.0,518.67,643.41,1597.81,1418.86,14.62,21.61,551.45,2388.08,9120.05,1.3,47.84,520.69,2388.09,8190.61,8.4822,0.03,395,2388,100.0,38.56,23.1305
66,147,-0.0014,-0.0003,100.0,518.67,643.34,1599.38,1422.98,14.62,21.61,552.06,2388.09,9122.3,1.3,47.92,520.75,2388.11,8197.69,8.4838,0.03,396,2388,100.0,38.61,23.0669
67,1,0.005,-0.0004,100.0,518.67,642.08,1586.58,1393.74,14.62,21.61,554.55,2388.02,9060.78,1.3,47.2,522.33,2387.99,8143.88,8.4144,0.03,391,2388,100.0,39.16,23.3961
67,2,-0.0001,0.0004,100.0,518.67,642.76,1587.93,1405.27,14.62,21.6,554.25,2388.07,9062.3,1.3,47.39,521.92,2388.03,8136.02,8.4133,0.03,393,2388,100.0,38.91,23.4317
67,3,0.0008,0.0004,100.0,518.67,642.94,1581.72,1400.51,14.62,21.61,554.62,2388.02,9069.24,1.3,47.49,522.32,2388.05,8140.31,8.398,0.03,391,2388,100.0,38.97,23.2467
67,4,-0.001,0.0005,100.0,518.67,642.19,1590.1,1400.12,14.62,21.61,553.6,2388.06,9062.28,1.3,47.29,522.28,2388.02,8138.05,8.43,0.03,393,2388,100.0,38.78,23.3625
67,5,-0.0007,0.0001,100.0,518.67,642.78,1593.66,1399.61,14.62,21.61,554.24,2388.03,9059.63,1.3,47.24,521.89,2388.0,8142.67,8.3973,0.03,394,2388,100.0,38.98,23.4154
67,6,0.0016,-0.0001,100.0,518.67,641.88,1582.69,1404.67,14.62,21.61,553.83,2388.09,9061.76,1.3,47.3,522.03,2388.05,8139.82,8.3965,0.03,392,2388,100.0,38.88,23.3565
67,7,-0.0022,-0.0005,100.0,518.67,642.32,1589.79,1410.43,14.62,21.61,553.94,2388.04,9063.78,1.3,47.36,522.15,2388.0,8139.07,8.3905,0.03,392,2388,100.0,39.01,23.3751
67,8,-0.0014,-0.0002,100.0,518.67,642.52,1582.83,1407.42,14.62,21.61,554.05,2388.05,9066.45,1.3,47.33,522.45,2388.07,8142.81,8.4103,0.03,392,2388,100.0,38.91,23.372
67,9,-0.0002,-0.0002,100.0,518.67,641.91,1584.39,1403.41,14.62,21.61,553.9,2388.01,9065.78,1.3,47.37,522.66,2388.06,8137.83,8.4011,0.03,393,2388,100.0,38.93,23.3324
67,10,0.0005,0.0001,100.0,518.67,642.63,1580.55,1405.6,14.62,21.61,553.8,2388.05,9061.97,1.3,47.22,521.79,2388.03,8141.12,8.4302,0.03,392,2388,100.0,38.83,23.3906
67,11,0.0006,0.0,100.0,518.67,642.02,1587.88,1406.43,14.62,21.61,554.05,2388.05,9059.13,1.3,47.19,523.11,2388.04,8141.91,8.3853,0.03,392,2388,100.0,39.05,23.3316
67,12,-0.001,-0.0001,100.0,518.67,641.81,1585.45,1396.66,14.62,21.61,553.67,2388.01,9067.71,1.3,47.08,522.24,2388.01,8142.77,8.3768,0.03,392,2388,100.0,38.85,23.3222
67,13,0.0038,-0.0001,100.0,518.67,641.99,1588.27,1397.56,14.62,21.61,553.97,2388.07,9060.69,1.3,47.32,522.02,2388.03,8141.33,8.4102,0.03,392,2388,100.0,38.95,23.3125
67,14,-0.0027,-0.0002,100.0,518.67,641.68,1583.66,1407.82,14.62,21.6,554.48,2388.07,9055.77,1.3,47.32,522.17,2388.04,8141.35,8.4013,0.03,391,2388,100.0,39.06,23.4504
67,15,0.005,-0.0002,100.0,518.67,641.83,1586.29,1396.5,14.62,21.61,553.92,2388.03,9062.09,1.3,47.46,521.65,2388.03,8136.19,8.3976,0.03,393,2388,100.0,38.89,23.2719
67,16,-0.0043,-0.0003,100.0,518.67,642.48,1591.35,1400.68,14.62,21.61,554.47,2388.08,9059.12,1.3,47.39,522.02,2388.0,8135.84,8.3971,0.03,391,2388,100.0,38.85,23.3899
67,17,0.0019,-0.0005,100.0,518.67,641.89,1585.01,1395.9,14.62,21.61,554.16,2388.03,9052.03,1.3,47.36,522.27,2388.02,8136.01,8.4135,0.03,392,2388,100.0,39.12,23.2776
67,18,0.0004,-0.0002,100.0,518.67,642.53,1595.96,1400.88,14.62,21.61,554.2,2388.07,9065.74,1.3,47.44,522.23,2388.07,8140.81,8.4416,0.03,393,2388,100.0,38.91,23.306
67,19,0.0002,-0.0005,100.0,518.67,642.09,1583.39,1402.92,14.62,21.61,553.58,2388.04,9057.78,1.3,47.27,522.23,2388.03,8144.88,8.3965,0.03,393,2388,100.0,38.99,23.2938
67,20,0.0052,0.0001,100.0,518.67,642.37,1584.69,1404.77,14.62,21.61,553.55,2388.06,9057.23,1.3,47.31,521.85,2388.04,8139.29,8.447,0.03,393,2388,100.0,38.68,23.3861
67,21,-0.0006,0.0003,100.0,518.67,642.36,1583.55,1399.21,14.62,21.61,554.23,2388.0,9049.87,1.3,47.21,522.0,2388.07,8141.25,8.3926,0.03,392,2388,100.0,38.95,23.3767
67,22,-0.0026,-0.0004,100.0,518.67,642.14,1592.39,1397.49,14.62,21.61,554.17,2388.04,9059.25,1.3,47.46,522.13,2388.11,8139.4,8.4327,0.03,393,2388,100.0,39.1,23.4316
67,23,0.0032,-0.0002,100.0,518.67,642.76,1580.85,1403.1,14.62,21.61,553.98,2388.02,9064.53,1.3,47.24,521.75,2388.12,8139.25,8.4182,0.03,390,2388,100.0,38.96,23.4031
67,24,0.0004,0.0004,100.0,518.67,642.76,1583.58,1397.99,14.62,21.61,553.83,2388.08,9058.87,1.3,47.51,522.03,2388.04,8145.36,8.4267,0.03,392,2388,100.0,38.96,23.2611
67,25,-0.0009,0.0001,100.0,518.67,642.36,1585.11,1408.3,14.62,21.61,553.63,2388.03,9064.29,1.3,47.2,521.56,2388.05,8138.79,8.4342,0.03,392,2388,100.0,38.95,23.4403
67,26,-0.0009,-0.0001,100.0,518.67,642.33,1590.82,1398.33,14.62,21.61,554.52,2388.01,9066.21,1.3,47.33,522.1,2387.95,8142.75,8.4242,0.03,392,2388,100.0,38.89,23.4381
67,27,-0.0039,0.0,100.0,518.67,642.01,1582.13,1394.21,14.62,21.61,553.96,2388.06,9061.78,1.3,47.23,521.74,2388.0,8134.31,8.4062,0.03,392,2388,100.0,39.05,23.4215
67,28,0.0016,-0.0002,100.0,518.67,641.98,1593.79,1402.94,14.62,21.61,554.19,2388.06,9055.68,1.3,47.22,521.91,2388.04,8141.41,8.4276,0.03,394,2388,100.0,38.93,23.3942
67,29,0.0011,-0.0005,100.0,518.67,642.79,1589.14,1406.6,14.62,21.61,553.26,2388.04,9052.49,1.3,47.17,522.33,2388.02,8140.77,8.4043,0.03,392,2388,100.0,39.0,23.3565
67,30,0.0015,-0.0003,100.0,518.67,642.46,1592.97,1408.36,14.62,21.61,553.49,2388.04,9069.29,1.3,47.37,522.19,2388.04,8139.74,8.4146,0.03,392,2388,100.0,38.91,23.4533
67,31,0.0005,-0.0001,100.0,518.67,642.03,1587.36,1404.51,14.62,21.61,553.51,2388.07,9064.35,1.3,47.36,521.64,2388.05,8144.5,8.4314,0.03,391,2388,100.0,38.86,23.3848
67,32,0.0026,0.0004,100.0,518.67,642.28,1583.33,1403.8,14.62,21.61,554.38,2388.09,9064.07,1.3,47.3,521.71,2388.09,8138.93,8.423,0.03,393,2388,100.0,38.95,23.4052
67,33,-0.0011,0.0002,100.0,518.67,642.5,1584.04,1396.38,14.62,21.61,554.16,2388.04,9063.8,1.3,47.19,522.14,2388.02,8139.6,8.4192,0.03,392,2388,100.0,38.83,23.3651
67,34,0.0008,-0.0005,100.0,518.67,642.07,1582.48,1397.15,14.62,21.61,553.82,2388.02,9062.91,1.3,47.36,522.07,2388.02,8135.81,8.4054,0.03,391,2388,100.0,38.95,23.337
67,35,-0.0008,0.0003,100.0,518.67,642.5,1581.18,1394.38,14.62,21.61,554.09,2388.02,9059.58,1.3,47.27,522.36,2388.04,8141.22,8.4237,0.03,392,2388,100.0,38.92,23.3624
67,36,0.0018,0.0002,100.0,518.67,641.95,1588.4,1406.91,14.62,21.61,554.57,2388.04,9056.42,1.3,47.33,522.2,2388.07,8145.21,8.3988,0.03,391,2388,100.0,39.01,23.2354
67,37,-0.0042,-0.0004,100.0,518.67,642.32,1594.45,1409.46,14.62,21.61,553.73,2388.07,9063.14,1.3,47.34,522.23,2388.08,8142.19,8.4225,0.03,392,2388,100.0,39.06,23.3403
67,38,0.0011,0.0003,100.0,518.67,642.41,1590.84,1400.03,14.62,21.61,553.38,2388.09,9059.05,1.3,47.5,521.68,2388.11,8144.5,8.4325,0.03,392,2388,100.0,38.86,23.3501
67,39,-0.0011,-0.0004,100.0,518.67,642.62,1584.37,1403.77,14.62,21.61,553.82,2388.08,9051.84,1.3,47.38,522.24,2388.08,8134.38,8.4336,0.03,390,2388,100.0,39.15,23.3492
67,40,0.0013,0.0003,100.0,518.67,642.87,1593.32,1403.32,14.62,21.61,554.11,2388.05,9051.76,1.3,47.36,521.91,2388.01,8141.03,8.3971,0.03,393,2388,100.0,38.95,23.392
67,41,0.0036,0.0003,100.0,518.67,642.3,1595.75,1399.03,14.62,21.61,553.75,2388.01,9054.07,1.3,47.52,522.56,2388.02,8146.18,8.4269,0.03,392,2388,100.0,38.9,23.4597
67,42,-0.0021,-0.0002,100.0,518.67,642.15,1590.48,1404.24,14.62,21.61,554.4,2388.02,9055.75,1.3,47.39,522.3,2388.0,8140.73,8.4239,0.03,391,2388,100.0,38.92,23.3067
67,43,-0.0035,0.0002,100.0,518.67,642.18,1588.56,1401.23,14.62,21.61,553.75,2388.02,9059.46,1.3,47.45,522.49,2388.05,8138.64,8.4405,0.03,393,2388,100.0,39.06,23.3193
67,44,-0.0003,0.0001,100.0,518.67,642.5,1594.4,1396.35,14.62,21.61,553.81,2388.04,9056.65,1.3,47.33,521.63,2388.05,8139.66,8.4232,0.03,392,2388,100.0,38.91,23.3679
67,45,-0.0002,-0.0002,100.0,518.67,642.37,1587.62,1406.08,14.62,21.61,554.25,2388.06,9058.13,1.3,47.41,521.71,2388.06,8146.0,8.4532,0.03,392,2388,100.0,39.0,23.2787
67,46,-0.0028,-0.0004,100.0,518.67,642.72,1589.34,1401.21,14.62,21.61,553.76,2388.05,9052.24,1.3,47.46,521.94,2388.03,8141.77,8.4517,0.03,391,2388,100.0,38.89,23.3853
67,47,-0.0009,-0.0001,100.0,518.67,642.4,1585.23,1401.06,14.62,21.61,553.07,2388.03,9057.87,1.3,47.47,521.87,2388.03,8139.91,8.434,0.03,392,2388,100.0,38.93,23.3949
67,48,0.0006,0.0005,100.0,518.67,642.61,1589.54,1410.35,14.62,21.61,554.3,2388.02,9059.91,1.3,47.19,521.72,2388.08,8140.63,8.4453,0.03,392,2388,100.0,38.81,23.4252
67,49,0.0024,0.0003,100.0,518.67,641.99,1585.18,1402.26,14.62,21.61,554.01,2388.01,9056.58,1.3,47.36,521.85,2388.01,8140.61,8.4363,0.03,391,2388,100.0,38.86,23.4078
67,50,-0.0005,-0.0,100.0,518.67,642.39,1589.73,1399.25,14.62,21.61,553.69,2388.0,9058.81,1.3,47.31,522.89,2388.02,8138.64,8.394,0.03,393,2388,100.0,38.97,23.363
67,51,-0.0007,-0.0003,100.0,518.67,642.32,1580.03,1402.78,14.62,21.61,555.17,2388.04,9062.26,1.3,47.32,521.94,2388.04,8141.18,8.4149,0.03,393,2388,100.0,38.83,23.3457
67,52,0.0036,-0.0,100.0,518.67,642.35,1592.59,1398.89,14.62,21.61,554.03,2388.01,9063.31,1.3,47.28,521.7,2388.05,8139.73,8.4119,0.03,391,2388,100.0,38.93,23.4281
67,53,-0.0032,0.0001,100.0,518.67,642.93,1589.37,1398.77,14.62,21.6,554.11,2388.03,9059.6,1.3,47.24,522.23,2388.03,8142.5,8.3998,0.03,392,2388,100.0,39.0,23.3563
67,54,-0.0037,0.0,100.0,518.67,642.21,1591.6,1401.14,14.62,21.61,554.55,2388.06,9061.44,1.3,47.38,521.51,2388.03,8134.21,8.3958,0.03,392,2388,100.0,39.19,23.3314
67,55,-0.0032,0.0002,100.0,518.67,642.47,1583.5,1401.04,14.62,21.61,553.85,2388.01,9058.37,1.3,47.4,521.56,2388.07,8136.93,8.4545,0.03,390,2388,100.0,38.82,23.3623
67,56,-0.0005,-0.0001,100.0,518.67,642.27,1584.18,1403.53,14.62,21.61,553.58,2388.0,9058.42,1.3,47.3,521.54,2388.0,8138.46,8.4015,0.03,393,2388,100.0,39.07,23.279
67,57,-0.0009,0.0001,100.0,518.67,642.24,1590.84,1397.72,14.62,21.61,553.28,2388.06,9058.29,1.3,47.47,521.34,2388.04,8141.77,8.404,0.03,393,2388,100.0,39.0,23.3046
67,58,-0.0013,-0.0002,100.0,518.67,642.07,1573.49,1408.08,14.62,21.61,554.17,2388.09,9056.85,1.3,47.43,521.68,2388.05,8141.9,8.4404,0.03,392,2388,100.0,38.8,23.3898
67,59,-0.0009,-0.0002,100.0,518.67,642.78,1589.47,1406.5,14.62,21.61,554.23,2388.07,9057.37,1.3,47.38,521.89,2388.0,8138.79,8.4264,0.03,392,2388,100.0,38.83,23.2705
67,60,0.0011,-0.0004,100.0,518.67,642.18,1590.37,1407.06,14.62,21.61,553.66,2388.05,9062.42,1.3,47.45,522.15,2388.03,8146.9,8.4029,0.03,393,2388,100.0,38.88,23.3743
67,61,0.0016,-0.0003,100.0,518.67,642.57,1587.4,1403.8,14.62,21.61,553.75,2388.05,9063.14,1.3,47.42,522.21,2388.07,8137.84,8.4439,0.03,393,2388,100.0,38.98,23.3878
67,62,0.0037,0.0001,100.0,518.67,642.34,1586.3,1404.61,14.62,21.61,553.72,2388.01,9057.06,1.3,47.27,521.6,2388.06,8139.84,8.4142,0.03,393,2388,100.0,39.0,23.3263
67,63,0.0018,0.0003,100.0,518.67,642.27,1583.92,1402.09,14.62,21.61,554.02,2388.08,9056.36,1.3,47.34,521.31,2388.09,8147.28,8.4211,0.03,391,2388,100.0,38.97,23.4189
67,64,-0.0005,-0.0004,100.0,518.67,641.91,1587.39,1401.65,14.62,21.61,553.97,2388.13,9057.63,1.3,47.33,521.66,2388.04,8137.99,8.4211,0.03,395,2388,100.0,38.75,23.3796
67,65,-0.0026,0.0004,100.0,518.67,642.38,1595.09,1403.63,14.62,21.61,554.47,2388.03,9060.21,1.3,47.47,521.95,2388.05,8145.2,8.4048,0.03,390,2388,100.0,39.0,23.3412
67,66,0.0018,-0.0003,100.0,518.67,642.26,1588.2,1397.02,14.62,21.61,553.72,2388.08,9058.01,1.3,47.27,522.78,2388.05,8137.05,8.4179,0.03,393,2388,100.0,38.92,23.3606
67,67,-0.0012,0.0003,100.0,518.67,642.5,1583.56,1396.78,14.62,21.61,553.79,2388.02,9059.79,1.3,47.43,522.29,2387.98,8132.85,8.3911,0.03,391,2388,100.0,39.07,23.3102
67,68,0.0045,0.0003,100.0,518.67,642.38,1586.16,1403.84,14.62,21.61,554.52,2388.07,9060.71,1.3,47.18,521.46,2388.07,8130.39,8.4667,0.03,392,2388,100.0,38.82,23.3201
67,69,0.0024,-0.0001,100.0,518.67,642.18,1590.64,1404.76,14.62,21.61,553.9,2388.03,9056.84,1.3,47.19,521.89,2388.03,8141.8,8.4296,0.03,392,2388,100.0,38.9,23.3578
67,70,0.0028,-0.0004,100.0,518.67,642.63,1583.98,1402.2,14.62,21.61,553.88,2388.07,9059.66,1.3,47.41,521.76,2388.07,8136.96,8.3893,0.03,393,2388,100.0,38.89,23.3397
67,71,0.0012,0.0001,100.0,518.67,642.39,1593.86,1409.97,14.62,21.61,554.52,2388.12,9046.26,1.3,47.27,521.75,2388.11,8141.98,8.3732,0.03,392,2388,100.0,38.78,23.2914
69,1,-0.0017,-0.0002,100.0,518.67,642.35,1584.11,1404.44,14.62,21.61,554.25,2388.09,9052.91,1.3,47.34,521.9,2388.07,8129.63,8.4053,0.03,391,2388,100.0,38.79,23.3601
69,2,0.0006,0.0002,100.0,518.67,642.4,1585.53,1395.11,14.62,21.61,553.6,2388.13,9044.55,1.3,47.37,521.75,2388.1,8124.85,8.4103,0.03,392,2388,100.0,38.85,23.3554
69,3,0.002,-0.0001,100.0,518.67,642.28,1587.72,1408.54,14.62,21.61,553.84,2388.08,9056.16,1.3,47.41,521.6,2388.12,8126.08,8.4213,0.03,392,2388,100.0,38.85,23.3974
69,4,-0.0019,-0.0001,100.0,518.67,642.4,1586.37,1410.68,14.62,21.61,553.82,2388.07,9050.54,1.3,47.27,521.88,2388.03,8129.88,8.4125,0.03,392,2388,100.0,38.87,23.3281
69,5,-0.0039,0.0005,100.0,518.67,642.09,1579.98,1405.35,14.62,21.61,554.07,2388.03,9049.18,1.3,47.31,522.34,2388.1,8129.29,8.4172,0.03,393,2388,100.0,38.94,23.2833
69,6,-0.0023,0.0005,100.0,518.67,642.58,1589.6,1408.62,14.62,21.61,553.82,2388.1,9048.41,1.3,47.51,521.61,2388.14,8126.87,8.4239,0.03,391,2388,100.0,38.89,23.3863
69,7,0.0006,-0.0005,100.0,518.67,642.27,1581.57,1408.18,14.62,21.61,554.22,2388.09,9046.6,1.3,47.34,521.77,2388.08,8134.17,8.4142,0.03,392,2388,100.0,38.93,23.4036
69,8,0.0002,-0.0001,100.0,518.67,641.98,1586.59,1406.24,14.62,21.61,553.53,2388.07,9050.46,1.3,47.29,521.6,2388.06,8131.55,8.3985,0.03,393,2388,100.0,38.87,23.2469
69,9,-0.0051,0.0001,100.0,518.67,642.96,1585.42,1403.51,14.62,21.61,553.17,2388.07,9047.18,1.3,47.29,521.96,2388.04,8132.75,8.4213,0.03,392,2388,100.0,39.16,23.2854
69,10,0.0004,0.0,100.0,518.67,642.37,1591.83,1408.52,14.62,21.61,553.69,2388.14,9047.58,1.3,47.22,521.93,2388.08,8127.75,8.4535,0.03,393,2388,100.0,38.86,23.2936
69,11,-0.0015,0.0003,100.0,518.67,642.54,1592.62,1402.95,14.62,21.61,553.62,2388.07,9047.64,1.3,47.31,521.88,2388.07,8130.87,8.4008,0.03,392,2388,100.0,38.73,23.3874
69,12,0.0002,-0.0003,100.0,518.67,642.34,1586.38,1404.99,14.62,21.61,554.22,2388.06,9051.69,1.3,47.43,521.6,2388.04,8131.94,8.4372,0.03,392,2388,100.0,38.72,23.3933
69,13,-0.001,-0.0003,100.0,518.67,642.56,1586.36,1401.07,14.62,21.61,553.63,2388.08,9046.07,1.3,47.35,522.1,2388.03,8132.82,8.4062,0.03,392,2388,100.0,39.03,23.3388
69,14,-0.0007,-0.0001,100.0,518.67,642.36,1587.41,1403.12,14.62,21.61,553.91,2388.01,9044.38,1.3,47.48,520.85,2388.1,8132.08,8.4348,0.03,391,2388,100.0,38.92,23.3019
69,15,-0.0038,-0.0001,100.0,518.67,642.49,1587.59,1405.36,14.62,21.61,553.57,2388.02,9049.86,1.3,47.39,521.51,2388.03,8126.8,8.4316,0.03,391,2388,100.0,38.72,23.396
69,16,0.0004,0.0005,100.0,518.67,642.11,1592.38,1402.0,14.62,21.61,553.79,2388.13,9052.26,1.3,47.46,521.78,2388.09,8126.56,8.4479,0.03,393,2388,100.0,38.73,23.2652
69,17,-0.0033,-0.0001,100.0,518.67,642.77,1586.26,1404.43,14.62,21.61,553.49,2388.11,9045.91,1.3,47.65,521.8,2388.09,8129.6,8.4219,0.03,393,2388,100.0,38.76,23.3589
69,18,-0.0003,0.0001,100.0,518.67,642.43,1588.84,1400.68,14.62,21.61,553.65,2388.05,9048.42,1.3,47.54,521.85,2388.06,8130.99,8.3808,0.03,390,2388,100.0,38.9,23.2786
69,19,0.0034,-0.0003,100.0,518.67,642.51,1594.03,1402.84,14.62,21.61,553.48,2388.06,9045.05,1.3,47.41,521.41,2388.12,8124.09,8.4182,0.03,391,2388,100.0,38.97,23.2512
69,20,0.0033,0.0002,100.0,518.67,642.62,1596.1,1402.87,14.62,21.61,554.15,2388.2,9037.86,1.3,47.53,521.68,2388.11,8125.36,8.4405,0.03,391,2388,100.0,39.02,23.3105
69,21,-0.005,0.0005,100.0,518.67,642.06,1590.38,1406.29,14.62,21.61,553.6,2388.1,9055.44,1.3,47.38,522.17,2388.12,8128.94,8.4564,0.03,392,2388,100.0,38.8,23.342
69,22,-0.0023,0.0,100.0,518.67,642.32,1587.1,1410.34,14.62,21.61,553.61,2388.07,9045.42,1.3,47.39,521.16,2388.1,8129.44,8.4072,0.03,394,2388,100.0,38.88,23.2888
69,23,-0.0017,-0.0003,100.0,518.67,642.75,1593.48,1408.38,14.62,21.61,553.7,2388.14,9049.72,1.3,47.54,521.85,2388.08,8128.05,8.4582,0.03,392,2388,100.0,38.96,23.3775
69,24,-0.0027,-0.0004,100.0,518.67,642.85,1585.54,1403.04,14.62,21.61,552.6,2388.11,9054.01,1.3,47.21,521.25,2388.04,8125.38,8.4159,0.03,391,2388,100.0,38.82,23.3792
69,25,0.0043,0.0003,100.0,518.67,642.14,1593.82,1402.9,14.62,21.61,553.29,2388.03,9049.38,1.3,47.44,522.0,2388.12,8126.17,8.4638,0.03,393,2388,100.0,38.97,23.4086
69,26,0.0029,-0.0001,100.0,518.67,642.68,1594.18,1401.69,14.62,21.61,553.06,2388.06,9050.24,1.3,47.33,521.72,2388.04,8134.05,8.4626,0.03,391,2388,100.0,39.04,23.3701
69,27,0.0029,0.0003,100.0,518.67,642.37,1591.31,1405.6,14.62,21.61,553.95,2388.11,9043.36,1.3,47.47,521.74,2388.1,8128.9,8.4221,0.03,395,2388,100.0,38.85,23.2988
69,28,0.001,0.0003,100.0,518.67,642.65,1592.88,1402.0,14.62,21.61,553.71,2388.18,9040.48,1.3,47.4,521.39,2388.11,8127.06,8.4363,0.03,393,2388,100.0,38.81,23.37
69,29,-0.002,-0.0,100.0,518.67,642.95,1588.89,1403.22,14.62,21.61,553.4,2388.1,9053.02,1.3,47.45,521.79,2388.07,8125.24,8.4144,0.03,393,2388,100.0,38.83,23.4351
69,30,0.003,-0.0001,100.0,518.67,642.57,1583.63,1408.83,14.62,21.61,553.92,2388.05,9049.41,1.3,47.34,522.25,2388.08,8127.15,8.4024,0.03,392,2388,100.0,38.79,23.3844
69,31,0.0016,-0.0004,100.0,518.67,642.1,1588.78,1409.3,14.62,21.61,553.78,2388.1,9046.34,1.3,47.24,521.72,2388.08,8129.15,8.425,0.03,394,2388,100.0,38.97,23.3257
69,32,-0.0025,0.0002,100.0,518.67,641.97,1584.51,1405.16,14.62,21.61,554.14,2388.06,9048.71,1.3,47.4,521.78,2388.07,8126.2,8.3842,0.03,391,2388,100.0,38.98,23.364
69,33,-0.0,0.0005,100.0,518.67,641.77,1590.79,1401.95,14.62,21.61,554.14,2388.13,9039.99,1.3,47.26,521.56,2388.12,8126.8,8.4264,0.03,394,2388,100.0,38.88,23.3745
69,34,0.001,0.0,100.0,518.67,642.73,1588.97,1406.26,14.62,21.61,553.43,2388.12,9047.94,1.3,47.45,522.15,2388.04,8123.85,8.4335,0.03,393,2388,100.0,38.61,23.3934
69,35,-0.0001,0.0001,100.0,518.67,642.87,1589.8,1403.74,14.62,21.61,553.62,2388.09,9048.29,1.3,47.55,521.46,2388.14,8126.46,8.4359,0.03,392,2388,100.0,38.87,23.2664
69,36,-0.0009,-0.0002,100.0,518.67,642.26,1584.53,1403.41,14.62,21.61,553.78,2388.06,9050.17,1.3,47.28,521.37,2388.1,8130.7,8.4043,0.03,392,2388,100.0,38.82,23.3646
69,37,0.0015,-0.0003,100.0,518.67,642.96,1591.25,1404.21,14.62,21.61,554.44,2388.09,9050.86,1.3,47.28,522.15,2388.1,8132.95,8.4199,0.03,392,2388,100.0,38.89,23.3082
69,38,-0.0043,0.0001,100.0,518.67,642.57,1589.56,1411.21,14.62,21.61,554.31,2388.07,9047.35,1.3,47.28,521.83,2388.13,8126.7,8.4441,0.03,393,2388,100.0,38.95,23.3561
69,39,-0.001,0.0002,100.0,518.67,642.44,1585.28,1409.34,14.62,21.61,553.25,2388.06,9049.42,1.3,47.62,521.42,2388.1,8130.01,8.4244,0.03,394,2388,100.0,38.85,23.2527
69,40,0.0001,0.0002,100.0,518.67,642.5,1584.34,1402.93,14.62,21.61,554.18,2388.12,9054.93,1.3,47.47,521.84,2388.08,8129.8,8.4394,0.03,392,2388,100.0,38.78,23.2539
69,41,0.0005,-0.0002,100.0,518.67,641.9,1588.21,1404.98,14.62,21.61,553.92,2388.16,9040.64,1.3,47.31,521.78,2388.11,8127.47,8.406,0.03,392,2388,100.0,38.86,23.3992
69,42,0.0043,-0.0002,100.0,518.67,642.46,1594.07,1400.49,14.62,21.61,554.67,2388.07,9050.5,1.3,47.51,521.26,2388.06,8133.43,8.4642,0.03,393,2388,100.0,38.8,23.4545
69,43,-0.0004,-0.0004,100.0,518.67,642.32,1580.33,1407.33,14.62,21.61,553.7,2388.08,9048.91,1.3,47.39,521.84,2388.08,8125.72,8.4205,0.03,392,2388,100.0,38.91,23.2892
69,44,-0.001,0.0,100.0,518.67,642.08,1584.82,1408.36,14.62,21.61,553.65,2388.09,9041.78,1.3,47.27,521.51,2388.08,8123.47,8.4179,0.03,393,2388,100.0,39.02,23.3244
69,45,-0.0026,-0.0004,100.0,518.67,642.41,1587.25,1397.49,14.62,21.61,553.08,2388.07,9049.97,1.3,47.59,521.59,2388.1,8129.77,8.4432,0.03,394,2388,100.0,38.61,23.2395
69,46,-0.0014,-0.0003,100.0,518.67,642.47,1590.13,1400.98,14.62,21.61,553.52,2388.13,9045.8,1.3,47.36,521.95,2388.13,8129.28,8.4076,0.03,393,2388,100.0,38.81,23.3351
69,47,-0.0011,-0.0,100.0,518.67,642.53,1575.03,1404.09,14.62,21.61,553.14,2388.08,9047.44,1.3,47.33,521.43,2388.15,8127.11,8.4265,0.03,394,2388,100.0,38.9,23.1929
69,48,-0.0004,0.0001,100.0,518.67,642.49,1588.63,1405.44,14.62,21.61,553.78,2388.08,9051.99,1.3,47.53,521.06,2388.09,8135.17,8.4275,0.03,392,2388,100.0,38.84,23.2962
69,49,-0.0029,0.0,100.0,518.67,642.54,1587.37,1407.0,14.62,21.61,554.23,2388.09,9047.85,1.3,47.29,521.43,2388.14,8127.77,8.4258,0.03,392,2388,100.0,38.87,23.389
69,50,-0.0005,-0.0001,100.0,518.67,642.04,1587.55,1401.09,14.62,21.61,553.58,2388.12,9044.07,1.3,47.41,521.77,2388.11,8122.75,8.4169,0.03,392,2388,100.0,38.99,23.3155
69,51,0.0008,-0.0004,100.0,518.67,642.43,1583.24,1398.54,14.62,21.61,553.26,2388.13,9042.71,1.3,47.6,521.54,2388.06,8132.28,8.4335,0.03,392,2388,100.0,39.01,23.2425
69,52,-0.001,0.0004,100.0,518.67,641.57,1593.92,1405.66,14.62,21.61,552.97,2388.06,9045.58,1.3,47.44,521.82,2388.13,8130.99,8.4443,0.03,392,2388,100.0,38.7,23.2671
69,53,-0.0013,0.0003,100.0,518.67,642.84,1589.13,1402.68,14.62,21.61,553.74,2388.12,9047.76,1.3,47.41,522.0,2388.1,8136.33,8.4043,0.03,392,2388,100.0,38.87,23.3025
69,54,-0.0029,-0.0003,100.0,518.67,642.31,1593.68,1403.96,14.62,21.61,553.66,2388.12,9048.62,1.3,47.37,521.84,2388.16,8128.39,8.4387,0.03,393,2388,100.0,38.95,23.1958
71,1,-0.0027,0.0004,100.0,518.67,642.35,1588.08,1394.27,14.62,21.61,553.22,2388.03,9064.13,1.3,47.27,522.92,2388.05,8154.78,8.4024,0.03,391,2388,100.0,39.08,23.3335
71,2,0.0004,-0.0004,100.0,518.67,642.4,1590.14,1398.78,14.62,21.61,554.43,2388.02,9060.55,1.3,47.29,522.09,2388.07,8150.21,8.4028,0.03,392,2388,100.0,38.92,23.5374
71,3,0.0036,0.0001,100.0,518.67,642.36,1582.47,1397.37,14.62,21.61,554.38,2387.96,9073.21,1.3,47.28,522.09,2388.0,8147.07,8.4242,0.03,391,2388,100.0,39.18,23.4314
71,4,-0.002,0.0004,100.0,518.67,641.48,1584.26,1396.36,14.62,21.61,554.96,2388.0,9065.89,1.3,47.03,522.5,2388.04,8141.53,8.3988,0.03,391,2388,100.0,39.07,23.4047
71,5,0.0018,0.0005,100.0,518.67,642.19,1582.03,1397.28,14.62,21.61,554.81,2388.04,9067.78,1.3,47.3,521.78,2388.02,8144.95,8.3976,0.03,391,2388,100.0,38.95,23.4534
71,6,-0.0022,0.0005,100.0,518.67,642.11,1585.5,1404.69,14.62,21.61,553.96,2388.06,9074.69,1.3,47.32,522.13,2388.02,8147.66,8.4056,0.03,391,2388,100.0,38.84,23.4178
71,7,-0.0017,0.0001,100.0,518.67,642.77,1586.77,1394.32,14.62,21.61,553.75,2388.07,9060.59,1.3,47.15,522.1,2388.01,8145.17,8.4316,0.03,393,2388,100.0,39.06,23.3195
71,8,-0.0071,0.0006,100.0,518.67,642.34,1588.6,1399.92,14.62,21.61,554.1,2388.05,9064.73,1.3,47.14,522.11,2388.07,8145.49,8.3946,0.03,394,2388,100.0,38.95,23.4716
71,9,0.002,-0.0004,100.0,518.67,641.92,1580.01,1396.46,14.62,21.61,554.19,2388.09,9061.08,1.3,47.28,522.24,2388.04,8141.74,8.418,0.03,392,2388,100.0,38.97,23.3527
71,10,0.0027,-0.0,100.0,518.67,641.91,1578.86,1401.75,14.62,21.61,554.66,2387.98,9073.83,1.3,47.36,521.75,2388.02,8148.6,8.4169,0.03,392,2388,100.0,39.14,23.4392
71,11,-0.0014,-0.0002,100.0,518.67,642.47,1580.81,1390.87,14.62,21.61,554.39,2388.03,9070.04,1.3,47.24,522.15,2388.02,8146.69,8.3697,0.03,392,2388,100.0,39.0,23.4906
71,12,0.0017,-0.0004,100.0,518.67,641.5,1585.57,1401.64,14.62,21.61,554.05,2387.99,9065.52,1.3,47.28,522.65,2387.98,8146.26,8.3962,0.03,393,2388,100.0,38.83,23.4489
71,13,0.0002,0.0004,100.0,518.67,642.36,1582.52,1397.01,14.62,21.61,554.4,2388.0,9068.81,1.3,47.4,522.62,2388.01,8144.4,8.4133,0.03,394,2388,100.0,38.87,23.3305
71,14,0.0016,0.0005,100.0,518.67,641.88,1583.75,1400.87,14.62,21.61,553.89,2388.05,9065.35,1.3,47.17,522.18,2388.0,8143.83,8.4088,0.03,392,2388,100.0,38.97,23.4291
71,15,-0.0051,-0.0001,100.0,518.67,641.85,1591.08,1399.81,14.62,21.61,553.85,2388.04,9062.82,1.3,47.37,522.33,2388.04,8143.26,8.3914,0.03,393,2388,100.0,39.16,23.412
71,16,0.0024,-0.0002,100.0,518.67,642.71,1587.1,1397.55,14.62,21.61,554.71,2388.04,9070.6,1.3,47.39,522.39,2388.03,8143.57,8.3934,0.03,392,2388,100.0,39.07,23.4158
71,17,-0.002,-0.0004,100.0,518.67,642.14,1582.68,1400.71,14.62,21.61,554.53,2388.05,9064.84,1.3,47.37,521.83,2388.03,8146.55,8.429,0.03,392,2388,100.0,38.92,23.3654
71,18,-0.0024,-0.0003,100.0,518.67,642.75,1591.02,1402.29,14.62,21.61,554.42,2388.04,9066.5,1.3,47.2,522.35,2388.0,8140.27,8.4467,0.03,393,2388,100.0,38.97,23.3627
71,19,-0.0033,0.0005,100.0,518.67,641.98,1587.88,1399.48,14.62,21.61,554.03,2388.04,9062.74,1.3,47.33,521.75,2387.97,8145.82,8.3735,0.03,391,2388,100.0,38.8,23.358
71,20,-0.0034,0.0004,100.0,518.67,642.18,1588.77,1404.82,14.62,21.61,554.37,2388.08,9066.45,1.3,47.49,522.05,2388.02,8149.41,8.4284,0.03,392,2388,100.0,39.01,23.3829
71,21,-0.0001,0.0004,100.0,518.67,642.61,1585.57,1398.72,14.62,21.61,554.54,2388.01,9065.24,1.3,47.22,521.88,2388.05,8149.3,8.4104,0.03,392,2388,100.0,38.9,23.3439
71,22,0.0006,0.0003,100.0,518.67,642.24,1582.92,1405.02,14.62,21.61,554.22,2388.01,9065.49,1.3,47.35,522.3,2388.06,8153.34,8.4156,0.03,392,2388,100.0,38.77,23.4008
71,23,0.0028,-0.0003,100.0,518.67,642.31,1581.44,1401.68,14.62,21.61,553.87,2388.07,9070.6,1.3,47.37,522.34,2388.09,8148.45,8.45,0.03,392,2388,100.0,39.02,23.5086
71,24,-0.0003,-0.0002,100.0,518.67,641.79,1594.84,1396.85,14.62,21.61,553.97,2388.05,9069.4,1.3,47.09,522.06,2388.02,8152.55,8.4214,0.03,391,2388,100.0,38.77,23.2986
71,25,-0.0017,0.0003,100.0,518.67,641.7,1591.02,1397.83,14.62,21.61,554.61,2387.98,9060.49,1.3,47.23,522.43,2388.0,8142.73,8.4098,0.03,392,2388,100.0,38.97,23.3563
71,26,-0.0037,-0.0001,100.0,518.67,641.86,1583.98,1399.68,14.62,21.61,554.87,2388.06,9062.55,1.3,47.3,522.12,2388.05,8150.51,8.4052,0.03,391,2388,100.0,38.95,23.353
71,27,-0.0008,0.0002,100.0,518.67,642.75,1588.53,1401.68,14.62,21.61,553.97,2388.03,9073.5,1.3,47.24,522.12,2388.02,8151.16,8.4096,0.03,391,2388,100.0,38.92,23.2526
71,28,0.0023,-0.0002,100.0,518.67,641.98,1590.53,1400.36,14.62,21.61,554.37,2388.0,9067.03,1.3,47.07,522.57,2387.96,8147.65,8.4124,0.03,393,2388,100.0,38.98,23.2808
71,29,-0.0014,0.0005,100.0,518.67,642.29,1584.75,1398.45,14.62,21.61,555.2,2387.98,9067.39,1.3,47.29,522.11,2388.08,8145.92,8.4134,0.03,391,2388,100.0,38.81,23.3659
71,30,-0.0036,-0.0002,100.0,518.67,642.39,1575.16,1406.95,14.62,21.61,554.91,2387.98,9062.83,1.3,47.43,521.57,2387.98,8150.95,8.414,0.03,391,2388,100.0,38.96,23.4779
71,31,-0.0015,-0.0003,100.0,518.67,642.32,1585.93,1397.31,14.62,21.61,554.9,2388.07,9069.66,1.3,47.32,522.29,2388.0,8148.21,8.4057,0.03,393,2388,100.0,39.06,23.3134
71,32,0.0021,0.0003,100.0,518.67,641.86,1588.8,1403.63,14.62,21.61,554.19,2388.06,9064.65,1.3,47.4,522.31,2388.05,8144.59,8.3842,0.03,393,2388,100.0,39.1,23.3495
71,33,0.0032,0.0005,100.0,518.67,642.35,1585.72,1402.53,14.62,21.61,554.3,2388.02,9067.79,1.3,47.28,522.6,2388.01,8145.33,8.4081,0.03,392,2388,100.0,39.12,23.4184
71,34,0.0008,0.0005,100.0,518.67,642.8,1574.48,1400.07,14.62,21.61,553.84,2388.02,9069.6,1.3,47.45,521.53,2388.05,8150.64,8.4294,0.03,393,2388,100.0,39.08,23.3889
71,35,-0.0027,-0.0004,100.0,518.67,641.92,1587.81,1392.37,14.62,21.61,554.19,2387.98,9062.03,1.3,47.34,521.75,2388.05,8147.69,8.429,0.03,393,2388,100.0,39.03,23.2866
71,36,-0.0014,-0.0003,100.0,518.67,642.07,1593.54,1397.83,14.62,21.61,554.16,2388.0,9065.68,1.3,47.14,521.74,2388.06,8147.0,8.3966,0.03,391,2388,100.0,39.2,23.4635
71,37,-0.0001,0.0003,100.0,518.67,642.34,1586.82,1405.86,14.62,21.61,553.71,2387.98,9073.83,1.3,47.23,522.47,2388.04,8147.88,8.4284,0.03,393,2388,100.0,39.04,23.3828
71,38,-0.0037,-0.0001,100.0,518.67,642.5,1588.03,1399.83,14.62,21.61,554.14,2388.01,9061.48,1.3,47.41,522.17,2388.02,8142.97,8.387,0.03,390,2388,100.0,38.85,23.3398
71,39,-0.0009,0.0002,100.0,518.67,642.39,1586.74,1397.5,14.62,21.61,554.07,2388.07,9065.81,1.3,47.3,522.28,2388.04,8148.66,8.398,0.03,393,2388,100.0,38.89,23.3896
71,40,-0.0018,0.0002,100.0,518.67,642.16,1590.1,1403.46,14.62,21.61,554.06,2388.01,9069.72,1.3,47.16,522.13,2388.05,8146.12,8.4155,0.03,393,2388,100.0,39.0,23.3758
71,41,-0.0004,0.0005,100.0,518.67,641.98,1587.95,1404.23,14.62,21.61,553.84,2388.02,9067.04,1.3,47.26,522.34,2388.04,8148.17,8.4204,0.03,391,2388,100.0,39.12,23.4233
71,42,-0.0001,-0.0001,100.0,518.67,642.27,1585.5,1398.54,14.62,21.61,554.59,2387.96,9067.88,1.3,47.37,522.24,2387.93,8146.7,8.4187,0.03,391,2388,100.0,39.01,23.4128
71,43,-0.0026,-0.0001,100.0,518.67,642.08,1590.27,1390.5,14.62,21.61,553.73,2388.05,9064.23,1.3,47.34,521.63,2388.03,8149.62,8.3991,0.03,391,2388,100.0,38.72,23.4092
71,44,0.004,0.0002,100.0,518.67,642.63,1590.39,1402.79,14.62,21.61,554.18,2388.09,9069.68,1.3,47.31,522.35,2388.05,8152.21,8.4358,0.03,394,2388,100.0,39.03,23.3004
71,45,-0.0024,0.0004,100.0,518.67,642.62,1587.71,1407.49,14.62,21.61,554.01,2388.02,9066.33,1.3,47.3,522.24,2388.04,8144.08,8.3878,0.03,392,2388,100.0,38.81,23.461
71,46,0.0025,0.0005,100.0,518.67,642.17,1579.25,1403.7,14.62,21.61,554.61,2388.05,9065.13,1.3,47.29,522.15,2388.03,8141.8,8.4021,0.03,390,2388,100.0,38.88,23.5162
71,47,0.0013,-0.0003,100.0,518.67,641.97,1590.75,1408.88,14.62,21.61,553.94,2388.04,9060.01,1.3,47.25,521.95,2388.0,8146.6,8.4169,0.03,391,2388,100.0,38.81,23.4217
71,48,-0.0009,-0.0003,100.0,518.67,642.23,1582.62,1401.08,14.62,21.61,553.77,2387.99,9071.4,1.3,47.27,522.37,2388.0,8154.78,8.389,0.03,392,2388,100.0,38.96,23.2865
71,49,0.0001,-0.0002,100.0,518.67,642.44,1588.43,1398.92,14.62,21.61,553.07,2388.04,9070.29,1.3,47.48,521.98,2387.99,8145.73,8.4311,0.03,392,2388,100.0,38.98,23.3852
71,50,0.001,-0.0002,100.0,518.67,642.9,1586.35,1401.94,14.62,21.61,554.15,2388.05,9067.76,1.3,47.38,522.1,2388.02,8147.82,8.4334,0.03,392,2388,100.0,38.92,23.3037
71,51,-0.0006,-0.0,100.0,518.67,642.31,1587.57,1395.74,14.62,21.61,554.25,2388.0,9064.69,1.3,47.29,522.08,2388.03,8145.5,8.3855,0.03,392,2388,100.0,38.92,23.5085
71,52,0.0008,0.0003,100.0,518.67,642.54,1591.04,1394.05,14.62,21.61,554.44,2388.06,9069.48,1.3,47.39,521.81,2388.08,8148.23,8.4023,0.03,394,2388,100.0,38.87,23.4426
71,53,0.0046,-0.0003,100.0,518.67,642.37,1586.66,1396.51,14.62,21.61,554.09,2388.04,9061.99,1.3,47.47,521.56,2388.03,8147.35,8.4031,0.03,392,2388,100.0,38.92,23.3988
71,54,-0.002,-0.0002,100.0,518.67,641.71,1586.21,1405.85,14.62,21.61,553.91,2388.01,9066.15,1.3,47.37,522.44,2388.04,8144.84,8.4301,0.03,391,2388,100.0,38.96,23.3404
71,55,0.0006,0.0002,100.0,518.67,642.92,1591.1,1406.43,14.62,21.61,555.05,2388.02,9075.44,1.3,47.42,521.98,2387.99,8144.74,8.4077,0.03,391,2388,100.0,38.86,23.2863
71,56,0.001,0.0002,100.0,518.67,642.8,1585.07,1405.09,14.62,21.61,554.62,2388.04,9065.58,1.3,47.26,521.79,2387.96,8145.66,8.3989,0.03,391,2388,100.0,38.84,23.2778
71,57,0.0,0.0002,100.0,518.67,641.94,1584.7,1394.06,14.62,21.61,554.37,2388.03,9059.55,1.3,47.09,522.15,2388.02,8145.03,8.4393,0.03,393,2388,100.0,38.97,23.2991
71,58,-0.0009,0.0004,100.0,518.67,642.65,1580.55,1396.61,14.62,21.61,553.78,2388.0,9062.02,1.3,47.29,521.97,2388.05,8145.19,8.4074,0.03,393,2388,100.0,38.82,23.2461
71,59,-0.0023,0.0003,100.0,518.67,642.66,1588.99,1396.77,14.62,21.61,553.7,2388.03,9068.89,1.3,47.24,522.03,2388.05,8146.57,8.4336,0.03,391,2388,100.0,38.98,23.5042
71,60,-0.0003,0.0002,100.0,518.67,642.47,1598.99,1407.97,14.62,21.61,553.07,2388.02,9078.58,1.3,47.31,521.85,2388.06,8150.08,8.4527,0.03,391,2388,100.0,39.06,23.5037
71,61,-0.0,-0.0003,100.0,518.67,642.35,1591.41,1402.9,14.62,21.61,554.15,2388.01,9058.57,1.3,47.13,521.99,2388.0,8143.77,8.4043,0.03,392,2388,100.0,38.96,23.5014
71,62,0.0024,0.0003,100.0,518.67,642.55,1592.85,1406.71,14.62,21.61,554.09,2388.04,9077.18,1.3,47.32,522.2,2387.98,8148.82,8.4137,0.03,393,2388,100.0,38.86,23.4336
71,63,-0.0043,0.0005,100.0,518.67,642.17,1591.26,1409.82,14.62,21.61,554.15,2388.06,9065.21,1.3,47.42,522.09,2388.04,8146.01,8.3995,0.03,394,2388,100.0,38.89,23.4356
71,64,-0.0024,-0.0002,100.0,518.67,642.45,1591.34,1398.5,14.62,21.61,553.41,2388.06,9070.48,1.3,47.24,522.55,2388.09,8146.75,8.4168,0.03,393,2388,100.0,38.78,23.3174
71,65,-0.0034,-0.0001,100.0,518.67,642.49,1579.89,1403.82,14.62,21.61,554.85,2388.08,9063.02,1.3,47.36,522.21,2388.02,8144.26,8.4061,0.03,391,2388,100.0,38.8,23.4459
71,66,-0.0024,0.0001,100.0,518.67,642.48,1581.72,1399.95,14.62,21.6,553.92,2388.01,9066.1,1.3,47.29,522.37,2388.04,8152.82,8.4088,0.03,392,2388,100.0,38.99,23.4035
71,67,0.0019,-0.0001,100.0,518.67,641.93,1589.26,1400.06,14.62,21.61,554.47,2388.08,9073.36,1.3,47.4,521.81,2388.03,8146.35,8.4159,0.03,393,2388,100.0,38.91,23.3294
71,68,0.0021,0.0003,100.0,518.67,642.52,1585.45,1400.97,14.62,21.61,553.17,2388.01,9068.53,1.3,47.35,522.42,2388.08,8146.19,8.4386,0.03,391,2388,100.0,38.93,23.3188
73,1,-0.001,-0.0,100.0,518.67,641.82,1581.48,1398.75,14.62,21.61,554.32,2388.07,9050.47,1.3,47.24,522.06,2388.02,8141.31,8.4126,0.03,391,2388,100.0,38.97,23.4417
73,2,-0.0,-0.0004,100.0,518.67,641.89,1585.16,1397.45,14.62,21.61,555.21,2387.99,9041.38,1.3,47.23,522.52,2388.03,8135.04,8.3857,0.03,393,2388,100.0,38.9,23.459
73,3,-0.0001,-0.0001,100.0,518.67,641.97,1587.61,1390.54,14.62,21.61,555.05,2388.03,9053.69,1.3,47.08,522.28,2388.03,8131.66,8.4,0.03,392,2388,100.0,38.94,23.2433
73,4,-0.0015,-0.0004,100.0,518.67,642.33,1589.61,1396.03,14.62,21.61,554.71,2388.07,9059.04,1.3,47.14,522.41,2388.05,8138.98,8.3873,0.03,391,2388,100.0,39.01,23.4632
73,5,0.0016,0.0003,100.0,518.67,642.28,1588.31,1393.84,14.62,21.61,554.31,2388.01,9047.26,1.3,47.22,522.44,2388.09,8135.68,8.3729,0.03,393,2388,100.0,39.08,23.3275
73,6,-0.001,-0.0004,100.0,518.67,641.97,1588.0,1397.01,14.62,21.61,554.34,2388.03,9057.59,1.3,46.97,522.56,2388.02,8129.52,8.3792,0.03,392,2388,100.0,39.13,23.4396
73,7,0.0012,-0.0002,100.0,518.67,642.01,1589.01,1393.54,14.62,21.61,553.86,2388.01,9047.43,1.3,47.19,522.4,2388.02,8136.79,8.3783,0.03,391,2388,100.0,38.94,23.3589
73,8,-0.0002,-0.0001,100.0,518.67,641.96,1580.84,1393.75,14.62,21.61,554.76,2387.99,9045.47,1.3,47.44,522.0,2388.06,8138.79,8.4031,0.03,391,2388,100.0,38.94,23.3887
73,9,-0.0034,0.0003,100.0,518.67,641.83,1585.16,1405.94,14.62,21.61,554.07,2388.04,9049.25,1.3,47.24,522.5,2388.03,8134.44,8.3834,0.03,390,2388,100.0,38.96,23.4154
73,10,-0.0024,0.0005,100.0,518.67,641.6,1585.36,1405.89,14.62,21.61,554.45,2388.03,9056.44,1.3,47.23,522.37,2388.04,8132.8,8.3876,0.03,392,2388,100.0,39.01,23.3661
73,11,0.003,-0.0002,100.0,518.67,642.65,1584.57,1403.97,14.62,21.61,554.37,2388.11,9043.88,1.3,47.29,522.02,2388.02,8132.86,8.3759,0.03,391,2388,100.0,38.94,23.3363
73,12,-0.005,-0.0002,100.0,518.67,642.68,1582.99,1402.96,14.62,21.61,554.03,2388.01,9056.68,1.3,47.04,522.04,2388.03,8135.83,8.3875,0.03,391,2388,100.0,38.92,23.4413
73,13,0.0028,0.0006,100.0,518.67,642.26,1588.29,1399.18,14.62,21.61,554.3,2388.01,9050.35,1.3,47.28,521.82,2387.99,8139.95,8.384,0.03,392,2388,100.0,39.11,23.3842
73,14,0.0006,0.0002,100.0,518.67,642.7,1577.28,1402.86,14.62,21.61,554.98,2388.08,9051.15,1.3,47.25,522.05,2387.95,8129.91,8.3818,0.03,392,2388,100.0,39.16,23.4027
73,15,0.0001,0.0001,100.0,518.67,642.04,1586.91,1395.47,14.62,21.61,555.3,2388.0,9049.29,1.3,47.22,522.6,2388.0,8133.56,8.3989,0.03,392,2388,100.0,38.94,23.4712
73,16,0.0001,0.0,100.0,518.67,641.81,1588.23,1403.87,14.62,21.61,554.85,2388.02,9053.64,1.3,47.31,522.45,2388.06,8134.02,8.418,0.03,392,2388,100.0,39.0,23.5064
73,17,-0.0019,-0.0002,100.0,518.67,642.03,1586.38,1392.64,14.62,21.61,553.85,2388.08,9051.63,1.3,47.27,521.65,2388.06,8136.41,8.3991,0.03,391,2388,100.0,38.85,23.5228
73,18,-0.0028,0.0001,100.0,518.67,642.36,1588.44,1400.83,14.62,21.61,554.82,2388.09,9049.28,1.3,47.17,522.35,2388.04,8132.21,8.4189,0.03,392,2388,100.0,39.03,23.4125
73,19,-0.0018,0.0001,100.0,518.67,642.11,1589.57,1397.11,14.62,21.61,554.01,2388.03,9051.13,1.3,47.2,521.59,2387.99,8133.66,8.4105,0.03,391,2388,100.0,38.89,23.3905
73,20,0.0008,-0.0002,100.0,518.67,642.39,1578.06,1400.43,14.62,21.61,554.45,2388.06,9059.69,1.3,47.09,522.65,2388.04,8137.88,8.4362,0.03,391,2388,100.0,39.1,23.3027
73,21,-0.0029,0.0002,100.0,518.67,642.45,1586.38,1394.82,14.62,21.61,554.78,2388.0,9052.59,1.3,47.17,522.14,2388.02,8139.16,8.3753,0.03,392,2388,100.0,38.81,23.4904
73,22,0.0039,-0.0004,100.0,518.67,641.78,1588.07,1392.09,14.62,21.6,553.38,2387.99,9053.81,1.3,47.23,522.65,2387.99,8137.82,8.3721,0.03,392,2388,100.0,38.92,23.4929
73,23,0.0004,0.0002,100.0,518.67,642.02,1585.69,1400.72,14.62,21.61,554.78,2388.0,9052.73,1.3,47.35,522.47,2388.04,8135.91,8.4538,0.03,391,2388,100.0,38.82,23.5082
73,24,-0.002,-0.0004,100.0,518.67,642.18,1580.43,1398.23,14.62,21.6,554.74,2387.96,9054.78,1.3,47.26,522.52,2388.0,8138.3,8.4042,0.03,391,2388,100.0,39.06,23.3418
73,25,-0.0008,-0.0004,100.0,518.67,642.14,1583.96,1399.16,14.62,21.61,554.39,2388.05,9053.66,1.3,47.38,521.92,2388.03,8134.37,8.3847,0.03,394,2388,100.0,39.06,23.3672
73,26,0.0025,0.0001,100.0,518.67,641.34,1586.75,1400.38,14.62,21.61,554.01,2388.04,9054.9,1.3,47.0,522.21,2387.97,8136.68,8.4326,0.03,391,2388,100.0,38.97,23.3487
73,27,0.0015,-0.0001,100.0,518.67,642.31,1590.98,1399.4,14.62,21.61,554.36,2388.04,9064.58,1.3,47.2,522.11,2388.06,8134.89,8.4116,0.03,391,2388,100.0,38.98,23.3942
73,28,0.0018,-0.0001,100.0,518.67,642.61,1581.56,1400.36,14.62,21.61,554.73,2388.07,9052.03,1.3,47.44,522.01,2388.04,8132.79,8.4243,0.03,392,2388,100.0,38.95,23.3849
73,29,0.0029,-0.0003,100.0,518.67,642.31,1579.04,1395.59,14.62,21.61,553.75,2388.04,9053.22,1.3,47.26,522.04,2388.06,8133.15,8.4134,0.03,392,2388,100.0,39.07,23.3903
73,30,-0.0008,-0.0,100.0,518.67,642.02,1579.53,1395.57,14.62,21.61,555.01,2388.04,9050.21,1.3,47.2,521.96,2388.03,8132.45,8.4244,0.03,392,2388,100.0,38.96,23.3525
73,31,0.0045,-0.0003,100.0,518.67,642.09,1584.5,1398.49,14.62,21.61,554.47,2388.06,9057.57,1.3,47.35,522.3,2388.0,8135.67,8.3769,0.03,391,2388,100.0,39.05,23.3851
73,32,0.0053,0.0003,100.0,518.67,642.09,1580.01,1401.71,14.62,21.61,554.28,2388.04,9048.4,1.3,47.34,522.47,2388.0,8137.83,8.3873,0.03,391,2388,100.0,39.09,23.4126
73,33,0.0019,0.0002,100.0,518.67,642.36,1587.61,1400.99,14.62,21.61,554.38,2388.07,9053.79,1.3,47.21,522.5,2387.95,8137.77,8.3998,0.03,393,2388,100.0,39.08,23.4545
73,34,0.0027,0.0004,100.0,518.67,642.43,1583.13,1398.12,14.62,21.61,554.42,2388.05,9049.1,1.3,47.19,522.04,2388.02,8135.45,8.4048,0.03,392,2388,100.0,38.84,23.4161
73,35,-0.0047,0.0001,100.0,518.67,641.58,1581.01,1397.07,14.62,21.61,554.13,2387.99,9057.18,1.3,47.25,522.65,2388.04,8134.22,8.3973,0.03,393,2388,100.0,38.98,23.4515
73,36,-0.0007,0.0003,100.0,518.67,642.2,1585.99,1393.69,14.62,21.61,554.33,2388.03,9046.91,1.3,47.49,522.76,2388.02,8133.59,8.3898,0.03,392,2388,100.0,39.08,23.4241
73,37,-0.006,0.0002,100.0,518.67,642.29,1584.27,1397.23,14.62,21.61,554.41,2388.02,9055.14,1.3,47.05,522.08,2387.98,8132.66,8.4113,0.03,391,2388,100.0,39.15,23.4022
73,38,0.0007,-0.0004,100.0,518.67,642.31,1581.61,1400.49,14.62,21.61,554.77,2388.0,9051.73,1.3,47.22,522.62,2388.02,8132.93,8.3931,0.03,392,2388,100.0,39.04,23.4688
73,39,0.0026,0.0002,100.0,518.67,641.94,1586.26,1398.86,14.62,21.61,554.33,2388.0,9054.87,1.3,47.1,522.6,2388.04,8133.19,8.416,0.03,394,2388,100.0,39.05,23.4503
73,40,-0.0006,-0.0,100.0,518.67,642.69,1588.08,1401.89,14.62,21.61,553.79,2388.02,9056.7,1.3,47.4,522.38,2388.06,8136.24,8.4201,0.03,392,2388,100.0,39.04,23.3786
73,41,-0.0001,-0.0003,100.0,518.67,642.09,1583.25,1401.82,14.62,21.61,553.65,2388.0,9051.82,1.3,47.26,522.52,2388.0,8141.08,8.3866,0.03,391,2388,100.0,38.88,23.5076
73,42,0.0013,0.0002,100.0,518.67,642.22,1581.64,1397.87,14.62,21.61,554.78,2388.0,9050.85,1.3,47.2,522.43,2388.05,8130.4,8.3728,0.03,392,2388,100.0,39.02,23.4835
73,43,0.0002,-0.0004,100.0,518.67,641.99,1581.3,1399.47,14.62,21.61,555.57,2388.05,9056.36,1.3,47.37,521.79,2388.01,8139.19,8.368,0.03,391,2388,100.0,39.07,23.3232
73,44,0.0004,-0.0002,100.0,518.67,642.34,1581.49,1393.68,14.62,21.61,553.8,2388.07,9051.18,1.3,47.15,522.18,2388.0,8132.34,8.4102,0.03,392,2388,100.0,38.88,23.3782
73,45,0.0017,0.0005,100.0,518.67,642.34,1584.72,1402.98,14.62,21.61,554.6,2388.02,9051.92,1.3,47.14,522.34,2388.05,8137.16,8.404,0.03,393,2388,100.0,38.95,23.4362
73,46,0.0007,-0.0001,100.0,518.67,642.58,1585.11,1394.16,14.62,21.61,554.3,2388.03,9053.17,1.3,47.34,521.82,2388.02,8136.77,8.4237,0.03,391,2388,100.0,38.95,23.4211
73,47,-0.0022,0.0005,100.0,518.67,641.79,1590.03,1397.8,14.62,21.61,553.64,2388.1,9047.61,1.3,47.36,522.02,2388.04,8140.33,8.3857,0.03,391,2388,100.0,39.14,23.488
73,48,0.0006,0.0,100.0,518.67,642.32,1588.59,1399.0,14.62,21.6,554.12,2388.04,9049.13,1.3,47.21,522.46,2388.04,8135.6,8.4291,0.03,394,2388,100.0,39.17,23.435
73,49,-0.0023,0.0003,100.0,518.67,642.19,1582.47,1393.71,14.62,21.6,554.88,2388.04,9052.77,1.3,47.23,522.02,2388.0,8137.3,8.3818,0.03,390,2388,100.0,39.24,23.3108
73,50,-0.0,-0.0001,100.0,518.67,642.24,1582.47,1399.19,14.62,21.61,554.03,2388.06,9053.73,1.3,47.29,521.66,2388.0,8130.94,8.4157,0.03,392,2388,100.0,39.02,23.4468
73,51,-0.0035,0.0,100.0,518.67,641.95,1586.07,1385.21,14.62,21.61,554.07,2387.97,9054.41,1.3,47.3,521.59,2388.01,8134.79,8.4092,0.03,393,2388,100.0,39.05,23.3746
73,52,0.0013,0.0002,100.0,518.67,642.08,1593.52,1403.2,14.62,21.61,554.11,2387.99,9048.58,1.3,47.2,521.8,2388.03,8133.4,8.398,0.03,393,2388,100.0,39.03,23.3852
73,53,-0.0012,-0.0003,100.0,518.67,642.31,1586.14,1401.39,14.62,21.61,554.41,2388.05,9053.6,1.3,47.16,522.57,2388.02,8133.16,8.4142,0.03,392,2388,100.0,39.01,23.4524
73,54,-0.0009,0.0002,100.0,518.67,641.83,1577.95,1398.37,14.62,21.61,553.68,2388.03,9052.5,1.3,47.35,521.78,2388.03,8130.71,8.429,0.03,393,2388,100.0,38.93,23.4269
73,55,0.0003,-0.0001,100.0,518.67,642.67,1582.28,1399.62,14.62,21.61,554.43,2387.94,9050.24,1.3,47.11,521.96,2388.06,8138.13,8.41,0.03,391,2388,100.0,38.84,23.3332
73,56,0.0047,0.0001,100.0,518.67,641.69,1582.57,1404.13,14.62,21.61,555.01,2388.01,9054.36,1.3,47.34,522.43,2388.1,8137.43,8.3915,0.03,391,2388,100.0,38.99,23.3488
73,57,-0.0025,0.0002,100.0,518.67,642.45,1585.94,1397.62,14.62,21.61,553.6,2387.95,9050.75,1.3,47.13,522.39,2388.05,8136.85,8.4478,0.03,392,2388,100.0,38.97,23.5109
73,58,0.0016,0.0003,100.0,518.67,641.99,1588.54,1399.05,14.62,21.61,554.4,2388.09,9054.57,1.3,47.1,522.42,2388.05,8137.0,8.4445,0.03,392,2388,100.0,38.88,23.4306
73,59,-0.0001,-0.0003,100.0,518.67,642.11,1580.09,1401.61,14.62,21.61,554.73,2388.02,9055.78,1.3,47.3,522.06,2388.07,8134.04,8.3848,0.03,392,2388,100.0,38.98,23.3417
73,60,-0.0002,0.0003,100.0,518.67,642.18,1580.59,1401.05,14.62,21.6,553.51,2387.99,9055.25,1.3,47.28,522.68,2388.05,8140.58,8.4024,0.03,393,2388,100.0,39.04,23.3836
73,61,-0.0018,0.0003,100.0,518.67,642.4,1586.66,1396.44,14.62,21.61,554.32,2388.04,9048.19,1.3,47.39,522.34,2388.06,8133.43,8.4012,0.03,390,2388,100.0,38.95,23.3995
73,62,0.0025,-0.0003,100.0,518.67,641.92,1582.81,1402.25,14.62,21.61,554.1,2388.06,9053.52,1.3,47.24,521.71,2388.07,8134.69,8.4267,0.03,392,2388,100.0,39.05,23.3941
73,63,-0.001,-0.0002,100.0,518.67,642.59,1579.08,1394.65,14.62,21.61,554.34,2388.07,9047.68,1.3,47.03,522.29,2388.03,8135.56,8.3928,0.03,392,2388,100.0,38.83,23.3866
73,64,-0.0041,-0.0003,100.0,518.67,642.82,1590.72,1394.58,14.62,21.61,553.98,2388.06,9049.09,1.3,47.32,522.49,2388.01,8133.42,8.3634,0.03,392,2388,100.0,38.89,23.3846
73,65,0.0037,-0.0,100.0,518.67,641.91,1577.84,1398.41,14.62,21.61,554.75,2388.05,9051.11,1.3,47.21,522.32,2388.02,8138.93,8.384,0.03,393,2388,100.0,38.99,23.4652
73,66,0.0015,-0.0004,100.0,518.67,642.14,1583.69,1395.97,14.62,21.61,554.62,2388.07,9055.6,1.3,47.16,521.96,2388.04,8132.72,8.4016,0.03,391,2388,100.0,38.9,23.325
73,67,-0.0005,0.0005,100.0,518.67,642.58,1588.19,1401.77,14.62,21.61,553.94,2388.01,9055.52,1.3,47.09,521.99,2388.03,8132.62,8.3862,0.03,391,2388,100.0,38.82,23.3931
73,68,-0.0017,0.0005,100.0,518.67,642.6,1581.68,1399.72,14.62,21.61,554.81,2388.04,9055.57,1.3,47.21,521.86,2388.03,8138.55,8.408,0.03,391,2388,100.0,39.08,23.3308
73,69,0.0022,0.0004,100.0,518.67,642.17,1585.52,1405.55,14.62,21.61,554.4,2388.07,9051.63,1.3,47.13,521.94,2388.1,8138.66,8.379,0.03,391,2388,100.0,39.09,23.3682
73,70,0.0031,0.0003,100.0,518.67,642.8,1583.79,1397.18,14.62,21.61,554.27,2388.04,9053.31,1.3,47.21,522.4,2388.06,8133.81,8.3978,0.03,393,2388,100.0,39.02,23.478
73,71,-0.0024,0.0001,100.0,518.67,642.09,1579.82,1404.25,14.62,21.61,554.47,2387.99,9052.03,1.3,47.15,522.27,2388.04,8132.98,8.407,0.03,391,2388,100.0,38.98,23.3788
73,72,-0.0034,0.0003,100.0,518.67,642.41,1584.9,1401.75,14.62,21.61,553.81,2388.01,9050.6,1.3,47.06,522.05,2388.0,8142.26,8.4267,0.03,390,2388,100.0,39.04,23.4845
73,73,-0.0037,0.0003,100.0,518.67,642.37,1579.5,1394.08,14.62,21.61,554.13,2388.02,9058.58,1.3,47.21,522.26,2388.01,8137.1,8.4241,0.03,391,2388,100.0,39.07,23.4761
73,74,0.0015,-0.0002,100.0,518.67,642.34,1581.69,1408.78,14.62,21.61,553.97,2388.05,9054.41,1.3,47.27,522.25,2388.03,8137.57,8.4222,0.03,391,2388,100.0,38.93,23.3427
73,75,-0.0006,-0.0003,100.0,518.67,642.15,1585.98,1403.09,14.62,21.61,554.2,2388.04,9055.4,1.3,47.3,522.23,2388.03,8131.65,8.4078,0.03,392,2388,100.0,38.98,23.3899
73,76,0.0025,0.0002,100.0,518.67,641.82,1583.6,1405.44,14.62,21.6,554.09,2388.06,9048.27,1.3,47.31,521.92,2387.97,8133.1,8.4259,0.03,392,2388,100.0,39.04,23.3962
73,77,-0.0004,0.0003,100.0,518.67,642.04,1590.64,1397.33,14.62,21.61,554.51,2388.05,9049.7,1.3,47.32,521.68,2388.09,8134.31,8.3763,0.03,393,2388,100.0,38.87,23.3156
73,78,-0.0019,0.0004,100.0,518.67,642.19,1587.97,1399.71,14.62,21.61,554.1,2388.04,9053.16,1.3,47.33,521.82,2388.08,8137.12,8.4163,0.03,392,2388,100.0,38.87,23.4195
73,79,0.0028,-0.0,100.0,518.67,641.8,1588.86,1405.48,14.62,21.61,554.85,2388.01,9053.23,1.3,47.35,522.64,2388.02,8139.78,8.4208,0.03,393,2388,100.0,39.12,23.421
73,80,-0.0007,0.0004,100.0,518.67,642.59,1586.29,1408.28,14.62,21.61,554.11,2388.07,9048.07,1.3,47.47,522.06,2388.06,8137.31,8.3708,0.03,392,2388,100.0,38.82,23.3546
73,81,0.0007,-0.0,100.0,518.67,642.54,1582.8,1400.85,14.62,21.61,554.68,2388.04,9058.33,1.3,47.32,522.51,2388.03,8139.81,8.4004,0.03,393,2388,100.0,38.95,23.3445
73,82,0.0006,-0.0004,100.0,518.67,642.85,1583.08,1405.29,14.62,21.61,553.6,2388.0,9049.09,1.3,47.43,522.24,2387.98,8136.76,8.3939,0.03,391,2388,100.0,38.93,23.3402
73,83,-0.001,0.0001,100.0,518.67,641.91,1586.32,1399.96,14.62,21.61,554.08,2388.07,9054.21,1.3,47.36,522.31,2388.05,8139.94,8.3865,0.03,392,2388,100.0,39.03,23.4066
73,84,-0.0017,-0.0002,100.0,518.67,642.39,1587.27,1399.15,14.62,21.61,553.74,2388.04,9055.72,1.3,47.16,522.14,2388.03,8129.73,8.4341,0.03,392,2388,100.0,38.96,23.3284
73,85,0.0011,0.0003,100.0,518.67,641.85,1584.48,1402.7,14.62,21.61,553.88,2388.07,9051.63,1.3,47.3,522.01,2388.04,8134.54,8.3728,0.03,392,2388,100.0,38.99,23.3258
73,86,0.0014,0.0002,100.0,518.67,642.27,1582.4,1403.96,14.62,21.6,553.87,2388.04,9052.93,1.3,47.37,522.22,2388.04,8136.93,8.4065,0.03,392,2388,100.0,38.95,23.4239
73,87,-0.0006,0.0001,100.0,518.67,641.94,1584.69,1399.63,14.62,21.61,553.99,2388.07,9060.38,1.3,47.32,521.87,2388.01,8134.88,8.4161,0.03,391,2388,100.0,39.06,23.3928
73,88,0.0001,0.0005,100.0,518.67,642.19,1589.24,1404.91,14.62,21.61,553.97,2388.05,9052.6,1.3,47.29,522.14,2388.06,8141.3,8.4088,0.03,392,2388,100.0,38.88,23.4937
73,89,-0.0027,0.0003,100.0,518.67,642.43,1588.46,1400.67,14.62,21.61,554.05,2388.08,9056.26,1.3,47.28,522.37,2388.04,8138.91,8.3833,0.03,393,2388,100.0,38.9,23.3654
73,90,-0.0007,-0.0003,100.0,518.67,642.57,1578.41,1401.05,14.62,21.61,553.9,2388.08,9051.04,1.3,47.27,521.86,2388.04,8135.82,8.4128,0.03,393,2388,100.0,38.93,23.3038
73,91,0.0006,-0.0001,100.0,518.67,642.96,1578.02,1397.61,14.62,21.61,554.21,2388.01,9047.21,1.3,47.23,522.06,2388.04,8135.46,8.3847,0.03,392,2388,100.0,38.95,23.3901
73,92,-0.001,0.0005,100.0,518.67,641.64,1591.17,1396.43,14.62,21.61,554.01,2388.07,9054.27,1.3,47.14,522.01,2388.01,8140.93,8.4249,0.03,391,2388,100.0,38.88,23.4456
73,93,0.0002,-0.0,100.0,518.67,642.33,1582.7,1401.51,14.62,21.61,554.42,2388.0,9050.82,1.3,47.38,521.89,2388.06,8137.49,8.4285,0.03,392,2388,100.0,38.8,23.3757
73,94,0.0006,0.0001,100.0,518.67,642.6,1585.41,1400.11,14.62,21.61,553.85,2388.02,9054.66,1.3,47.4,522.39,2388.04,8132.64,8.425,0.03,392,2388,100.0,38.83,23.4483
73,95,0.0015,0.0001,100.0,518.67,642.15,1589.57,1400.53,14.62,21.61,553.98,2388.02,9050.05,1.3,47.32,521.85,2388.07,8137.13,8.4319,0.03,393,2388,100.0,38.81,23.4175
73,96,-0.0002,-0.0001,100.0,518.67,642.87,1582.72,1405.41,14.62,21.61,553.95,2388.06,9053.69,1.3,47.43,522.01,2388.08,8143.26,8.4444,0.03,392,2388,100.0,38.95,23.3783
73,97,0.0014,-0.0004,100.0,518.67,642.36,1579.45,1406.62,14.62,21.61,554.47,2388.04,9048.6,1.3,47.2,522.17,2388.03,8138.37,8.4134,0.03,393,2388,100.0,39.02,23.3797
73,98,-0.0032,0.0002,100.0,518.67,642.39,1592.11,1401.51,14.62,21.61,553.35,2388.09,9043.53,1.3,47.41,522.15,2388.12,8135.75,8.3895,0.03,393,2388,100.0,38.73,23.3274
73,99,-0.0002,0.0004,100.0,518.67,642.47,1594.4,1405.98,14.62,21.61,554.7,2388.09,9055.76,1.3,47.18,522.28,2388.11,8130.37,8.4021,0.03,393,2388,100.0,38.8,23.416
73,100,0.0008,-0.0004,100.0,518.67,642.42,1582.5,1401.43,14.62,21.61,554.29,2388.04,9060.1,1.3,47.2,521.44,2388.05,8141.41,8.4423,0.03,391,2388,100.0,39.04,23.3159
73,101,-0.0013,0.0,100.0,518.67,642.35,1584.77,1404.11,14.62,21.61,553.94,2388.04,9058.12,1.3,47.33,521.92,2388.05,8140.66,8.402,0.03,393,2388,100.0,38.9,23.314
73,102,0.0021,-0.0003,100.0,518.67,642.26,1582.56,1404.99,14.62,21.61,554.07,2388.06,9049.35,1.3,47.33,521.96,2388.05,8141.98,8.3953,0.03,391,2388,100.0,39.09,23.4085
73,103,0.0046,0.0001,100.0,518.67,641.96,1586.35,1400.55,14.62,21.6,554.71,2388.02,9058.36,1.3,47.32,522.3,2388.03,8140.94,8.4145,0.03,393,2388,100.0,39.04,23.2723
73,104,-0.0015,-0.0002,100.0,518.67,642.3,1594.3,1402.28,14.62,21.61,554.35,2388.07,9050.85,1.3,47.3,522.08,2388.08,8141.55,8.4065,0.03,392,2388,100.0,38.86,23.4393
73,105,-0.0011,-0.0,100.0,518.67,642.44,1589.85,1400.64,14.62,21.61,554.12,2388.05,9056.49,1.3,47.31,523.08,2388.08,8133.04,8.4071,0.03,392,2388,100.0,39.08,23.3089
73,106,0.0004,-0.0004,100.0,518.67,641.79,1575.71,1394.01,14.62,21.61,553.87,2388.06,9058.63,1.3,47.4,521.6,2388.01,8136.78,8.4157,0.03,392,2388,100.0,39.03,23.3315
73,107,-0.0025,0.0004,100.0,518.67,642.31,1579.52,1406.08,14.62,21.61,554.32,2388.07,9053.24,1.3,47.32,521.69,2388.04,8134.72,8.3734,0.03,391,2388,100.0,38.81,23.2719
73,108,-0.0062,0.0,100.0,518.67,642.52,1582.65,1409.56,14.62,21.61,554.06,2388.04,9062.0,1.3,47.23,521.68,2388.07,8140.58,8.4007,0.03,394,2388,100.0,38.81,23.3836
73,109,-0.0021,0.0004,100.0,518.67,642.02,1588.41,1400.38,14.62,21.61,553.93,2388.04,9058.7,1.3,47.43,521.97,2388.08,8135.01,8.4125,0.03,393,2388,100.0,38.93,23.3378
73,110,0.0032,0.0,100.0,518.67,642.83,1588.22,1405.15,14.62,21.61,554.29,2388.05,9061.53,1.3,47.54,522.27,2388.07,8137.94,8.4313,0.03,391,2388,100.0,38.85,23.4393
73,111,0.0018,0.0001,100.0,518.67,642.14,1583.31,1399.33,14.62,21.61,553.96,2388.06,9058.27,1.3,47.33,521.72,2388.1,8137.22,8.4278,0.03,392,2388,100.0,38.87,23.2371
73,112,0.0056,0.0002,100.0,518.67,642.27,1576.93,1398.62,14.62,21.61,554.41,2388.08,9051.39,1.3,47.25,522.02,2388.05,8136.87,8.4317,0.03,393,2388,100.0,38.95,23.3074
74,1,-0.0012,-0.0003,100.0,518.67,642.36,1585.31,1410.49,14.62,21.61,554.17,2388.03,9063.14,1.3,47.35,521.77,2388.05,8140.22,8.4118,0.03,393,2388,100.0,38.97,23.3626
74,2,-0.0003,0.0002,100.0,518.67,642.36,1592.02,1413.11,14.62,21.61,553.47,2388.08,9063.19,1.3,47.5,521.77,2388.09,8143.61,8.4475,0.03,391,2388,100.0,39.02,23.2508
74,3,0.0004,0.0003,100.0,518.67,642.42,1590.35,1404.77,14.62,21.61,553.76,2388.03,9062.22,1.3,47.29,521.71,2388.06,8141.84,8.3996,0.03,392,2388,100.0,38.88,23.3794
74,4,0.0016,0.0005,100.0,518.67,642.75,1591.52,1405.2,14.62,21.61,553.64,2388.01,9059.76,1.3,47.5,522.01,2388.04,8145.62,8.4355,0.03,392,2388,100.0,38.93,23.3148
74,5,0.0008,0.0,100.0,518.67,642.78,1581.17,1400.21,14.62,21.61,554.46,2388.08,9061.0,1.3,47.33,521.85,2388.03,8138.39,8.4251,0.03,394,2388,100.0,38.99,23.2897
74,6,0.0015,-0.0001,100.0,518.67,642.54,1585.23,1398.6,14.62,21.61,553.6,2388.05,9051.65,1.3,47.53,521.8,2388.1,8140.25,8.3948,0.03,392,2388,100.0,38.89,23.3806
74,7,-0.0004,0.0001,100.0,518.67,642.08,1592.13,1407.66,14.62,21.61,553.45,2388.07,9057.31,1.3,47.36,521.82,2388.04,8134.94,8.431,0.03,392,2388,100.0,38.78,23.3228
74,8,0.0013,-0.0,100.0,518.67,642.54,1589.52,1404.29,14.62,21.61,554.03,2388.02,9055.02,1.3,47.54,521.36,2388.09,8137.26,8.4564,0.03,393,2388,100.0,39.0,23.4121
74,9,-0.0007,-0.0001,100.0,518.67,642.35,1583.79,1400.58,14.62,21.61,553.61,2388.03,9050.65,1.3,47.33,521.42,2388.03,8138.31,8.4233,0.03,392,2388,100.0,38.85,23.4172
74,10,-0.001,-0.0003,100.0,518.67,643.47,1587.51,1405.85,14.62,21.61,553.51,2388.03,9059.11,1.3,47.31,521.97,2388.08,8143.37,8.4154,0.03,393,2388,100.0,38.95,23.3992
74,11,-0.0004,-0.0002,100.0,518.67,642.7,1595.59,1403.98,14.62,21.61,554.44,2388.1,9056.3,1.3,47.44,522.13,2388.06,8142.92,8.4208,0.03,391,2388,100.0,38.79,23.3079
74,12,-0.0011,0.0003,100.0,518.67,642.88,1587.2,1405.0,14.62,21.61,554.09,2388.1,9060.52,1.3,47.22,521.48,2388.1,8134.43,8.4682,0.03,392,2388,100.0,38.84,23.3434
74,13,0.0041,0.0,100.0,518.67,642.53,1580.81,1399.29,14.62,21.61,553.72,2388.06,9056.15,1.3,47.4,521.72,2388.07,8137.4,8.4245,0.03,394,2388,100.0,38.83,23.3546
74,14,0.0017,0.0005,100.0,518.67,642.43,1592.47,1405.22,14.62,21.61,553.49,2388.04,9058.11,1.3,47.37,521.67,2388.11,8139.83,8.4157,0.03,393,2388,100.0,38.69,23.3443
74,15,0.0021,0.0003,100.0,518.67,642.51,1584.95,1402.21,14.62,21.61,554.31,2388.06,9063.51,1.3,47.53,522.29,2388.08,8143.03,8.3952,0.03,392,2388,100.0,38.63,23.3275
74,16,0.0033,0.0002,100.0,518.67,642.76,1582.78,1400.33,14.62,21.61,554.11,2388.07,9061.23,1.3,47.34,521.93,2388.07,8143.89,8.4256,0.03,391,2388,100.0,38.88,23.3454
74,17,-0.0005,0.0001,100.0,518.67,642.3,1581.44,1410.59,14.62,21.61,553.48,2388.08,9056.78,1.3,47.35,521.71,2388.03,8141.26,8.4374,0.03,393,2388,100.0,38.92,23.303
74,18,-0.0001,0.0002,100.0,518.67,642.22,1585.83,1404.27,14.62,21.61,553.58,2388.07,9052.81,1.3,47.38,521.58,2388.09,8136.67,8.4202,0.03,391,2388,100.0,38.85,23.4397
74,19,-0.003,-0.0003,100.0,518.67,642.72,1591.02,1402.36,14.62,21.61,553.72,2388.07,9061.6,1.3,47.41,521.37,2388.1,8137.7,8.4411,0.03,392,2388,100.0,38.78,23.3033
74,20,-0.0027,0.0005,100.0,518.67,642.24,1584.21,1403.03,14.62,21.61,553.4,2388.03,9059.77,1.3,47.36,521.42,2388.02,8147.42,8.3881,0.03,392,2388,100.0,38.74,23.4238
74,21,-0.0063,0.0003,100.0,518.67,642.49,1591.7,1409.15,14.62,21.61,553.73,2388.06,9061.76,1.3,47.49,521.65,2388.03,8139.75,8.4356,0.03,394,2388,100.0,38.83,23.2694
74,22,-0.0007,0.0001,100.0,518.67,641.99,1590.04,1406.36,14.62,21.61,554.15,2388.15,9064.89,1.3,47.59,522.35,2388.08,8136.67,8.4091,0.03,392,2388,100.0,38.91,23.2282
74,23,0.0001,0.0002,100.0,518.67,642.23,1583.54,1409.46,14.62,21.61,553.99,2388.05,9057.28,1.3,47.47,521.31,2388.03,8137.92,8.4385,0.03,394,2388,100.0,38.73,23.3493
74,24,-0.0032,-0.0002,100.0,518.67,642.48,1590.64,1401.04,14.62,21.61,553.63,2388.03,9050.41,1.3,47.41,521.83,2388.07,8138.85,8.4552,0.03,393,2388,100.0,38.79,23.1684
74,25,0.0039,0.0002,100.0,518.67,642.24,1591.1,1405.74,14.62,21.61,553.75,2388.05,9066.95,1.3,47.37,521.56,2388.04,8134.85,8.4223,0.03,393,2388,100.0,38.95,23.253
74,26,0.0005,0.0002,100.0,518.67,642.36,1586.48,1397.37,14.62,21.61,553.25,2388.08,9061.39,1.3,47.68,521.52,2388.06,8144.22,8.4322,0.03,395,2388,100.0,39.08,23.2494
74,27,-0.0014,-0.0002,100.0,518.67,642.17,1591.21,1407.62,14.62,21.61,553.41,2388.06,9061.83,1.3,47.4,521.85,2388.13,8138.39,8.3957,0.03,393,2388,100.0,38.87,23.3197
74,28,0.0028,-0.0001,100.0,518.67,642.76,1590.76,1402.17,14.62,21.61,554.1,2388.1,9059.42,1.3,47.29,521.2,2388.11,8132.3,8.4078,0.03,392,2388,100.0,38.74,23.419
74,29,0.001,-0.0003,100.0,518.67,642.31,1592.18,1409.63,14.62,21.61,554.33,2388.06,9056.86,1.3,47.42,522.18,2388.06,8142.21,8.4344,0.03,392,2388,100.0,38.68,23.2687
74,30,0.0023,-0.0004,100.0,518.67,642.17,1585.45,1402.7,14.62,21.61,554.02,2388.12,9055.42,1.3,47.38,522.06,2388.04,8139.52,8.4286,0.03,392,2388,100.0,38.96,23.3844
74,31,0.0045,-0.0001,100.0,518.67,642.11,1591.99,1410.07,14.62,21.61,553.34,2388.08,9063.93,1.3,47.63,521.49,2388.07,8135.37,8.4541,0.03,393,2388,100.0,38.84,23.4023
74,32,-0.0012,0.0,100.0,518.67,642.21,1583.52,1407.98,14.62,21.61,553.22,2388.03,9060.14,1.3,47.26,521.78,2388.11,8138.91,8.4054,0.03,394,2388,100.0,38.77,23.3834
74,33,0.003,-0.0003,100.0,518.67,642.89,1598.55,1406.72,14.62,21.61,554.14,2388.07,9060.55,1.3,47.3,521.44,2388.05,8135.14,8.3801,0.03,393,2388,100.0,38.89,23.4674
74,34,-0.0001,-0.0003,100.0,518.67,642.25,1588.46,1400.81,14.62,21.61,553.58,2388.03,9059.85,1.3,47.45,521.92,2388.02,8137.73,8.447,0.03,393,2388,100.0,38.75,23.2613
74,35,-0.002,-0.0001,100.0,518.67,641.98,1594.27,1404.06,14.62,21.61,552.71,2388.09,9056.36,1.3,47.12,521.73,2388.08,8135.96,8.4334,0.03,393,2388,100.0,38.78,23.3979
74,36,-0.0004,-0.0004,100.0,518.67,642.22,1586.29,1407.55,14.62,21.61,553.5,2388.07,9061.03,1.3,47.51,521.56,2388.11,8142.68,8.4181,0.03,392,2388,100.0,38.85,23.3622
74,37,0.0044,0.0,100.0,518.67,642.75,1583.65,1399.42,14.62,21.61,553.37,2388.05,9052.24,1.3,47.41,521.8,2388.06,8144.45,8.4504,0.03,392,2388,100.0,38.67,23.4202
74,38,-0.0039,-0.0002,100.0,518.67,642.69,1586.89,1408.96,14.62,21.61,553.9,2388.06,9060.26,1.3,47.36,521.69,2387.99,8138.6,8.424,0.03,392,2388,100.0,38.92,23.4165
74,39,-0.0003,-0.0,100.0,518.67,643.07,1588.21,1408.01,14.62,21.61,552.78,2388.06,9060.3,1.3,47.38,522.07,2388.04,8139.5,8.4079,0.03,393,2388,100.0,38.59,23.2923
74,40,0.0011,-0.0004,100.0,518.67,642.59,1589.19,1404.53,14.62,21.61,553.97,2388.05,9059.99,1.3,47.55,521.74,2388.07,8138.99,8.4151,0.03,393,2388,100.0,38.93,23.3654
74,41,-0.0022,0.0,100.0,518.67,642.51,1589.95,1408.18,14.62,21.61,553.07,2388.01,9064.46,1.3,47.44,522.01,2388.1,8136.64,8.4635,0.03,392,2388,100.0,38.99,23.3296
74,42,-0.0011,-0.0004,100.0,518.67,642.07,1589.76,1404.48,14.62,21.61,553.94,2388.05,9063.85,1.3,47.39,522.15,2388.04,8142.76,8.3965,0.03,392,2388,100.0,38.82,23.3819
74,43,-0.0001,0.0001,100.0,518.67,642.56,1588.34,1401.23,14.62,21.61,554.28,2388.07,9058.21,1.3,47.37,522.0,2388.1,8139.3,8.4168,0.03,391,2388,100.0,38.85,23.3412
74,44,-0.0001,0.0001,100.0,518.67,642.18,1592.16,1406.84,14.62,21.61,553.6,2388.05,9050.68,1.3,47.27,521.63,2388.11,8141.14,8.4023,0.03,394,2388,100.0,39.01,23.3381
74,45,0.0037,0.0001,100.0,518.67,642.5,1587.8,1406.92,14.62,21.61,554.0,2388.09,9057.67,1.3,47.42,521.88,2388.12,8140.64,8.4436,0.03,392,2388,100.0,38.87,23.2735
74,46,-0.0007,0.0002,100.0,518.67,642.37,1586.5,1403.87,14.62,21.61,553.31,2388.08,9063.27,1.3,47.36,521.98,2388.06,8141.1,8.4505,0.03,393,2388,100.0,38.9,23.2641
74,47,0.0033,-0.0003,100.0,518.67,642.29,1591.78,1407.0,14.62,21.61,553.62,2388.07,9058.07,1.3,47.46,521.4,2388.07,8142.03,8.4352,0.03,392,2388,100.0,39.03,23.2999
74,48,-0.0045,0.0003,100.0,518.67,642.4,1589.31,1405.39,14.62,21.61,554.41,2388.11,9059.16,1.3,47.39,521.46,2388.08,8143.69,8.4337,0.03,394,2388,100.0,39.01,23.2031
74,49,-0.0006,0.0001,100.0,518.67,642.61,1590.92,1406.53,14.62,21.61,553.85,2388.09,9062.63,1.3,47.56,521.64,2388.11,8141.83,8.4242,0.03,392,2388,100.0,38.8,23.3755
74,50,0.0052,0.0004,100.0,518.67,642.64,1594.24,1402.95,14.62,21.61,553.01,2388.11,9059.99,1.3,47.4,521.68,2388.07,8146.38,8.4212,0.03,392,2388,100.0,38.97,23.2994
74,51,-0.0033,0.0004,100.0,518.67,642.49,1588.13,1401.79,14.62,21.61,553.67,2388.02,9059.25,1.3,47.38,521.71,2388.03,8141.71,8.4869,0.03,392,2388,100.0,38.94,23.4391
74,52,-0.0014,-0.0003,100.0,518.67,642.53,1591.91,1402.54,14.62,21.61,554.28,2388.07,9061.73,1.3,47.35,521.08,2388.06,8144.12,8.451,0.03,392,2388,100.0,38.77,23.2427
74,53,-0.001,0.0002,100.0,518.67,642.68,1590.02,1404.44,14.62,21.61,553.67,2387.98,9062.05,1.3,47.42,521.83,2388.14,8132.48,8.4038,0.03,393,2388,100.0,38.89,23.3761
74,54,-0.0003,-0.0003,100.0,518.67,642.4,1586.53,1399.43,14.62,21.61,554.12,2388.06,9055.64,1.3,47.45,521.9,2388.05,8143.76,8.4567,0.03,392,2388,100.0,38.73,23.3804
74,55,0.0037,0.0002,100.0,518.67,642.27,1595.02,1404.06,14.62,21.61,553.96,2388.09,9061.44,1.3,47.44,521.21,2388.08,8140.05,8.4285,0.03,392,2388,100.0,38.99,23.289
74,56,-0.0034,0.0001,100.0,518.67,642.53,1591.09,1409.35,14.62,21.61,554.16,2388.07,9057.57,1.3,47.39,521.94,2388.04,8140.57,8.4623,0.03,393,2388,100.0,38.94,23.2621
74,57,0.0019,0.0003,100.0,518.67,642.73,1587.47,1405.93,14.62,21.61,554.08,2388.08,9057.74,1.3,47.32,521.92,2388.05,8138.46,8.4413,0.03,394,2388,100.0,38.87,23.2023
74,58,0.0038,-0.0001,100.0,518.67,642.34,1595.41,1408.52,14.62,21.61,553.71,2388.08,9062.91,1.3,47.5,522.07,2388.09,8140.64,8.4225,0.03,392,2388,100.0,38.87,23.292
74,59,0.0023,-0.0002,100.0,518.67,642.87,1592.34,1401.24,14.62,21.61,553.67,2388.06,9061.24,1.3,47.46,521.65,2388.07,8139.81,8.4486,0.03,392,2388,100.0,38.86,23.3752
74,60,-0.002,-0.0002,100.0,518.67,642.3,1582.7,1403.09,14.62,21.61,554.16,2388.09,9064.82,1.3,47.45,521.99,2388.08,8137.74,8.4398,0.03,392,2388,100.0,38.95,23.2855
74,61,0.0012,0.0003,100.0,518.67,642.75,1592.61,1404.7,14.62,21.61,553.24,2388.04,9059.83,1.3,47.38,521.65,2388.11,8140.85,8.4212,0.03,395,2388,100.0,38.9,23.3846
74,62,-0.0011,0.0003,100.0,518.67,642.37,1584.36,1407.21,14.62,21.61,554.36,2388.11,9059.61,1.3,47.58,521.23,2388.08,8140.31,8.4594,0.03,391,2388,100.0,38.96,23.2901
74,63,0.0011,0.0003,100.0,518.67,642.55,1587.08,1406.11,14.62,21.61,553.36,2388.08,9062.16,1.3,47.41,521.79,2388.11,8142.82,8.4187,0.03,393,2388,100.0,38.79,23.2388
74,64,-0.0018,-0.0003,100.0,518.67,643.0,1584.71,1406.46,14.62,21.61,553.65,2388.1,9055.64,1.3,47.34,521.69,2388.07,8139.43,8.4416,0.03,392,2388,100.0,39.0,23.3585
74,65,0.0008,-0.0001,100.0,518.67,642.6,1586.04,1405.09,14.62,21.61,553.72,2388.05,9063.78,1.3,47.4,521.91,2388.1,8137.71,8.3973,0.03,393,2388,100.0,38.88,23.3456
74,66,0.0013,0.0005,100.0,518.67,642.07,1585.38,1399.84,14.62,21.61,554.58,2388.05,9063.87,1.3,47.34,521.87,2388.1,8147.07,8.4009,0.03,393,2388,100.0,38.86,23.3473
74,67,-0.0024,-0.0004,100.0,518.67,642.97,1591.0,1396.78,14.62,21.61,553.57,2388.04,9062.69,1.3,47.37,522.08,2388.05,8139.16,8.4135,0.03,394,2388,100.0,38.79,23.3814
74,68,0.0051,0.0003,100.0,518.67,642.31,1584.08,1405.49,14.62,21.61,554.53,2388.04,9057.71,1.3,47.49,521.25,2388.05,8138.83,8.4026,0.03,392,2388,100.0,38.79,23.2892
74,69,0.0011,-0.0003,100.0,518.67,643.09,1589.05,1408.96,14.62,21.61,554.8,2388.14,9051.07,1.3,47.57,521.38,2388.07,8135.23,8.4442,0.03,393,2388,100.0,38.79,23.3496
74,70,-0.0009,0.0001,100.0,518.67,642.5,1585.06,1411.42,14.62,21.61,554.1,2388.07,9053.91,1.3,47.55,522.02,2388.16,8140.19,8.4762,0.03,392,2388,100.0,38.95,23.2602
74,71,-0.0024,-0.0002,100.0,518.67,642.51,1586.71,1400.95,14.62,21.61,553.6,2388.07,9068.28,1.3,47.35,521.87,2388.11,8144.35,8.4449,0.03,395,2388,100.0,38.8,23.3355
74,72,-0.002,0.0003,100.0,518.67,642.05,1586.44,1405.01,14.62,21.61,553.67,2388.09,9060.43,1.3,47.49,522.05,2388.09,8145.73,8.4351,0.03,393,2388,100.0,38.56,23.352
74,73,0.0002,0.0005,100.0,518.67,642.57,1593.78,1405.63,14.62,21.61,553.76,2388.11,9059.7,1.3,47.34,521.17,2388.06,8138.14,8.411,0.03,393,2388,100.0,38.75,23.2377
74,74,0.0005,-0.0002,100.0,518.67,642.47,1592.81,1400.39,14.62,21.61,553.78,2388.09,9062.89,1.3,47.42,522.02,2388.07,8139.75,8.4557,0.03,393,2388,100.0,38.98,23.292
74,75,-0.0024,-0.0001,100.0,518.67,642.72,1585.2,1408.53,14.62,21.61,553.38,2388.03,9064.67,1.3,47.37,521.85,2388.04,8132.37,8.4413,0.03,393,2388,100.0,38.87,23.2576
74,76,-0.0029,-0.0,100.0,518.67,642.01,1588.33,1403.66,14.62,21.61,553.69,2388.06,9061.91,1.3,47.45,521.25,2388.03,8140.31,8.418,0.03,393,2388,100.0,38.98,23.3895
74,77,-0.0037,-0.0001,100.0,518.67,642.64,1591.3,1405.24,14.62,21.61,553.56,2388.05,9067.65,1.3,47.37,521.75,2388.11,8142.66,8.4174,0.03,393,2388,100.0,38.9,23.2877
74,78,-0.0012,-0.0001,100.0,518.67,642.28,1590.94,1404.59,14.62,21.61,553.38,2388.07,9061.53,1.3,47.43,521.7,2388.07,8141.72,8.441,0.03,394,2388,100.0,39.0,23.4215
74,79,0.0012,-0.0,100.0,518.67,641.76,1589.35,1405.1,14.62,21.61,553.29,2388.09,9058.63,1.3,47.59,521.85,2388.07,8138.47,8.4491,0.03,392,2388,100.0,38.91,23.2519
74,80,-0.005,-0.0,100.0,518.67,642.85,1591.38,1410.62,14.62,21.61,553.5,2388.08,9059.16,1.3,47.53,522.04,2388.05,8138.59,8.4467,0.03,392,2388,100.0,39.01,23.4245
74,81,-0.0013,0.0,100.0,518.67,642.4,1591.91,1402.2,14.62,21.61,553.65,2388.07,9062.5,1.3,47.53,521.73,2388.06,8140.69,8.4156,0.03,394,2388,100.0,38.73,23.2725
74,82,0.003,-0.0003,100.0,518.67,642.32,1587.24,1410.73,14.62,21.61,553.35,2388.06,9064.51,1.3,47.46,521.56,2388.06,8136.54,8.4065,0.03,393,2388,100.0,38.78,23.2756
74,83,-0.0042,0.0003,100.0,518.67,642.68,1591.06,1405.97,14.62,21.61,553.83,2388.08,9057.03,1.3,47.37,521.93,2388.06,8138.62,8.4484,0.03,394,2388,100.0,38.76,23.3305
74,84,0.002,0.0004,100.0,518.67,642.01,1592.48,1404.22,14.62,21.61,553.55,2388.1,9055.74,1.3,47.55,521.72,2388.07,8138.99,8.4111,0.03,392,2388,100.0,38.9,23.3267
74,85,-0.0018,0.0002,100.0,518.67,642.99,1593.28,1403.94,14.62,21.61,553.29,2388.12,9057.6,1.3,47.5,521.65,2388.04,8140.69,8.4523,0.03,393,2388,100.0,38.75,23.3193
74,86,0.0015,0.0,100.0,518.67,643.07,1589.69,1405.13,14.62,21.61,553.3,2388.15,9060.57,1.3,47.53,522.21,2388.1,8139.46,8.4507,0.03,393,2388,100.0,38.8,23.2481
74,87,-0.0035,0.0005,100.0,518.67,643.11,1588.83,1404.23,14.62,21.61,554.2,2388.08,9052.81,1.3,47.44,521.52,2388.04,8147.0,8.4152,0.03,392,2388,100.0,38.89,23.3166
74,88,-0.0017,0.0004,100.0,518.67,642.3,1591.06,1407.87,14.62,21.61,554.48,2388.06,9057.09,1.3,47.34,521.66,2388.07,8141.27,8.4166,0.03,393,2388,100.0,38.74,23.3119
74,89,0.0024,0.0001,100.0,518.67,643.17,1586.63,1395.63,14.62,21.61,553.42,2388.12,9061.71,1.3,47.47,521.72,2388.05,8136.55,8.4098,0.03,395,2388,100.0,38.75,23.2938
74,90,0.0025,-0.0004,100.0,518.67,643.03,1591.7,1405.16,14.62,21.61,553.8,2388.07,9061.51,1.3,47.43,522.31,2388.11,8144.14,8.4476,0.03,394,2388,100.0,38.73,23.4
74,91,-0.0031,0.0004,100.0,518.67,642.78,1591.89,1414.71,14.62,21.61,553.42,2388.08,9051.46,1.3,47.43,521.21,2388.03,8138.1,8.4519,0.03,394,2388,100.0,38.82,23.2865
74,92,0.0021,-0.0004,100.0,518.67,642.61,1593.86,1410.05,14.62,21.61,553.08,2388.08,9065.59,1.3,47.34,521.51,2388.1,8137.55,8.4055,0.03,394,2388,100.0,38.69,23.3354
74,93,-0.0016,-0.0002,100.0,518.67,642.43,1596.28,1411.84,14.62,21.61,553.56,2388.11,9057.81,1.3,47.48,521.74,2388.09,8135.28,8.4415,0.03,393,2388,100.0,38.87,23.3469
74,94,0.0009,0.0001,100.0,518.67,642.52,1595.04,1403.66,14.62,21.61,554.41,2388.0,9063.91,1.3,47.32,521.46,2388.12,8140.1,8.4105,0.03,393,2388,100.0,38.74,23.3005
74,95,0.001,0.0005,100.0,518.67,642.73,1589.8,1404.5,14.62,21.61,553.52,2388.1,9063.82,1.3,47.67,521.7,2388.09,8138.65,8.428,0.03,393,2388,100.0,38.83,23.3343
74,96,0.0006,0.0002,100.0,518.67,642.56,1590.39,1401.72,14.62,21.61,552.71,2388.11,9060.46,1.3,47.54,521.65,2388.1,8142.11,8.4361,0.03,393,2388,100.0,38.82,23.3547
74,97,0.0005,0.0003,100.0,518.67,642.46,1592.86,1404.64,14.62,21.61,554.04,2388.12,9059.22,1.3,47.57,521.49,2388.1,8140.16,8.4306,0.03,391,2388,100.0,38.88,23.257
74,98,0.0015,0.0004,100.0,518.67,642.91,1589.51,1406.89,14.62,21.61,553.99,2388.1,9060.06,1.3,47.58,521.69,2388.05,8139.96,8.459,0.03,394,2388,100.0,38.73,23.3112
74,99,-0.0006,-0.0,100.0,518.67,642.23,1592.3,1404.33,14.62,21.61,554.06,2388.09,9064.02,1.3,47.26,521.77,2388.06,8139.73,8.4218,0.03,393,2388,100.0,38.9,23.2375
74,100,-0.002,0.0004,100.0,518.67,642.6,1584.21,1411.94,14.62,21.61,553.81,2388.07,9058.25,1.3,47.48,521.53,2388.07,8140.68,8.4687,0.03,394,2388,100.0,38.93,23.3043
74,101,-0.0013,0.0,100.0,518.67,642.29,1589.57,1406.45,14.62,21.61,553.38,2388.07,9058.88,1.3,47.19,521.8,2388.07,8132.22,8.4444,0.03,395,2388,100.0,38.76,23.3369
74,102,-0.0027,-0.0004,100.0,518.67,642.27,1594.12,1404.14,14.62,21.61,553.68,2388.09,9060.19,1.3,47.37,521.38,2388.14,8141.61,8.3932,0.03,394,2388,100.0,38.54,23.2071
74,103,0.0028,-0.0001,100.0,518.67,642.66,1592.04,1409.88,14.62,21.61,553.41,2388.1,9054.91,1.3,47.44,521.75,2388.11,8138.4,8.4463,0.03,392,2388,100.0,38.92,23.367
74,104,-0.0029,0.0005,100.0,518.67,642.26,1583.0,1406.69,14.62,21.61,553.45,2388.04,9067.24,1.3,47.48,521.36,2388.09,8140.48,8.4379,0.03,393,2388,100.0,38.92,23.3045
74,105,0.0009,-0.0003,100.0,518.67,642.73,1595.22,1405.66,14.62,21.61,553.3,2388.07,9061.04,1.3,47.51,521.7,2388.1,8139.94,8.4231,0.03,393,2388,100.0,38.81,23.2877
74,106,0.0001,0.0002,100.0,518.67,642.37,1594.0,1410.64,14.62,21.61,554.5,2388.07,9060.12,1.3,47.51,521.69,2388.07,8137.87,8.4481,0.03,392,2388,100.0,38.92,23.2112
74,107,-0.0015,0.0003,100.0,518.67,642.34,1586.5,1408.49,14.62,21.61,553.47,2388.1,9055.36,1.3,47.75,521.33,2388.08,8141.59,8.4408,0.03,395,2388,100.0,38.78,23.269
74,108,-0.0021,-0.0003,100.0,518.67,642.69,1586.53,1400.7,14.62,21.61,553.46,2388.09,9057.59,1.3,47.38,521.6,2388.09,8144.51,8.4415,0.03,392,2388,100.0,38.71,23.3694
74,109,-0.0002,0.0002,100.0,518.67,642.32,1603.52,1409.46,14.62,21.61,553.65,2388.12,9067.38,1.3,47.41,521.51,2388.05,8134.69,8.458,0.03,392,2388,100.0,38.84,23.3584
74,110,0.0008,0.0,100.0,518.67,643.15,1586.17,1409.93,14.62,21.61,553.32,2388.09,9053.66,1.3,47.52,521.46,2388.07,8136.38,8.4538,0.03,393,2388,100.0,38.9,23.3619
74,111,0.0004,0.0001,100.0,518.67,642.88,1587.39,1407.73,14.62,21.61,553.79,2388.01,9055.16,1.3,47.42,521.74,2388.1,8141.65,8.4624,0.03,392,2388,100.0,38.84,23.2867
74,112,0.0018,-0.0004,100.0,518.67,642.45,1591.14,1408.45,14.62,21.61,553.45,2388.05,9071.66,1.3,47.53,521.53,2388.12,8144.29,8.4405,0.03,394,2388,100.0,38.97,23.2817
74,113,-0.0039,-0.0001,100.0,518.67,642.79,1585.58,1407.12,14.62,21.61,553.32,2388.08,9061.41,1.3,47.44,521.12,2388.11,8138.71,8.4403,0.03,393,2388,100.0,38.77,23.3056
74,114,-0.0041,-0.0002,100.0,518.67,642.69,1592.56,1407.87,14.62,21.61,552.91,2388.1,9065.63,1.3,47.41,521.35,2388.07,8141.09,8.4587,0.03,391,2388,100.0,38.81,23.2432
74,115,-0.0001,0.0002,100.0,518.67,642.7,1588.59,1406.19,14.62,21.61,553.21,2388.12,9062.77,1.3,47.6,521.04,2388.06,8133.37,8.3938,0.03,393,2388,100.0,38.74,23.2906
74,116,-0.0001,-0.0003,100.0,518.67,641.98,1592.27,1399.88,14.62,21.61,554.34,2388.09,9053.23,1.3,47.57,521.58,2388.06,8140.31,8.4262,0.03,392,2388,100.0,38.87,23.3425
74,117,-0.0025,0.0001,100.0,518.67,641.97,1585.23,1409.75,14.62,21.61,552.98,2388.1,9059.32,1.3,47.57,521.37,2388.08,8144.87,8.4487,0.03,394,2388,100.0,38.86,23.2095
74,118,-0.0024,0.0002,100.0,518.67,642.44,1589.84,1409.64,14.62,21.61,553.53,2388.1,9059.83,1.3,47.43,521.4,2388.03,8136.8,8.4759,0.03,394,2388,100.0,38.94,23.2443
74,119,0.0023,0.0003,100.0,518.67,642.45,1588.81,1407.51,14.62,21.61,553.01,2388.05,9061.92,1.3,47.5,521.27,2388.07,8136.15,8.4329,0.03,394,2388,100.0,38.77,23.304
74,120,-0.0025,-0.0,100.0,518.67,642.49,1587.84,1408.17,14.62,21.61,553.03,2388.06,9060.29,1.3,47.46,521.52,2388.07,8143.68,8.4227,0.03,394,2388,100.0,38.87,23.2459
74,121,0.0034,-0.0001,100.0,518.67,642.14,1588.52,1411.1,14.62,21.61,553.52,2388.14,9059.58,1.3,47.63,521.28,2388.09,8140.73,8.4446,0.03,393,2388,100.0,38.89,23.3125
74,122,-0.0017,-0.0004,100.0,518.67,642.43,1583.44,1408.5,14.62,21.61,553.39,2388.1,9052.66,1.3,47.51,521.47,2388.09,8134.99,8.4209,0.03,394,2388,100.0,38.9,23.2823
74,123,-0.0025,0.0005,100.0,518.67,643.44,1589.81,1404.15,14.62,21.61,554.04,2388.08,9068.62,1.3,47.51,521.67,2388.18,8143.35,8.4312,0.03,393,2388,100.0,38.74,23.262
74,124,0.0001,-0.0002,100.0,518.67,642.51,1593.3,1409.8,14.62,21.61,553.43,2388.13,9063.85,1.3,47.44,521.62,2388.12,8139.88,8.4566,0.03,393,2388,100.0,38.72,23.2705
74,125,-0.0002,-0.0003,100.0,518.67,642.43,1590.44,1401.3,14.62,21.61,553.74,2388.09,9061.2,1.3,47.53,521.51,2388.1,8136.56,8.4587,0.03,393,2388,100.0,38.87,23.3396
74,126,0.0053,0.0004,100.0,518.67,642.13,1594.59,1400.7,14.62,21.61,554.32,2388.06,9063.56,1.3,47.55,521.32,2388.11,8142.27,8.4377,0.03,393,2388,100.0,38.71,23.1881
74,127,0.001,0.0004,100.0,518.67,642.15,1584.32,1412.42,14.62,21.61,553.52,2388.11,9058.61,1.3,47.52,521.49,2388.11,8140.72,8.4562,0.03,392,2388,100.0,38.74,23.2528
74,128,-0.0016,-0.0002,100.0,518.67,642.34,1585.49,1409.52,14.62,21.61,552.84,2388.09,9057.04,1.3,47.49,521.59,2388.07,8140.51,8.3949,0.03,392,2388,100.0,38.91,23.3669
74,129,0.0002,-0.0002,100.0,518.67,642.39,1591.3,1404.81,14.62,21.61,553.04,2388.09,9068.43,1.3,47.45,521.09,2388.07,8144.76,8.4303,0.03,394,2388,100.0,38.66,23.2411
74,130,0.0015,-0.0001,100.0,518.67,642.36,1580.9,1407.03,14.62,21.61,553.83,2388.03,9062.81,1.3,47.47,521.81,2388.08,8148.28,8.4747,0.03,393,2388,100.0,38.87,23.2397
74,131,-0.0018,0.0004,100.0,518.67,642.45,1592.96,1406.29,14.62,21.61,553.36,2388.16,9063.59,1.3,47.43,521.76,2388.12,8142.8,8.417,0.03,394,2388,100.0,38.76,23.3555
74,132,0.0024,-0.0001,100.0,518.67,643.07,1583.74,1405.37,14.62,21.61,553.15,2388.14,9060.62,1.3,47.55,521.18,2388.13,8137.23,8.4259,0.03,393,2388,100.0,38.8,23.3382
74,133,-0.0058,-0.0002,100.0,518.67,642.65,1589.87,1407.52,14.62,21.61,553.3,2388.09,9054.96,1.3,47.5,521.77,2388.17,8145.06,8.4794,0.03,393,2388,100.0,38.73,23.2765
74,134,-0.0023,-0.0001,100.0,518.67,642.68,1589.23,1401.41,14.62,21.61,553.78,2388.11,9059.75,1.3,47.53,521.17,2388.12,8145.0,8.4591,0.03,392,2388,100.0,38.8,23.2581
74,135,0.0018,0.0001,100.0,518.67,642.71,1596.49,1409.98,14.62,21.61,554.18,2388.08,9056.0,1.3,47.59,520.94,2388.08,8138.56,8.446,0.03,393,2388,100.0,38.85,23.2304
74,136,-0.0,0.0002,100.0,518.67,643.13,1589.63,1414.39,14.62,21.61,553.8,2388.05,9057.04,1.3,47.41,521.31,2388.08,8136.66,8.4485,0.03,393,2388,100.0,38.83,23.3291
74,137,0.0017,-0.0004,100.0,518.67,642.61,1595.16,1406.15,14.62,21.61,552.44,2388.1,9063.35,1.3,47.54,521.39,2388.07,8139.59,8.4362,0.03,392,2388,100.0,38.79,23.201
78,1,-0.0034,-0.0002,100.0,518.67,642.47,1574.83,1401.11,14.62,21.6,555.19,2388.01,9060.41,1.3,47.04,522.43,2387.98,8136.58,8.4153,0.03,391,2388,100.0,39.06,23.4601
78,2,-0.0059,0.0002,100.0,518.67,642.07,1587.27,1400.73,14.62,21.61,554.65,2388.03,9060.69,1.3,47.28,522.99,2388.02,8137.1,8.3599,0.03,392,2388,100.0,39.05,23.4257
78,3,-0.0025,0.0001,100.0,518.67,641.76,1583.12,1393.2,14.62,21.61,555.03,2388.02,9057.82,1.3,47.05,522.85,2387.98,8144.3,8.3575,0.03,391,2388,100.0,39.05,23.4271
78,4,-0.0011,0.0003,100.0,518.67,642.08,1584.46,1397.31,14.62,21.6,554.44,2387.98,9059.07,1.3,47.12,522.58,2388.03,8148.73,8.3876,0.03,391,2388,100.0,39.12,23.3751
78,5,-0.0009,0.0003,100.0,518.67,642.51,1591.92,1400.0,14.62,21.61,554.65,2388.0,9064.07,1.3,47.18,522.96,2387.99,8145.63,8.4262,0.03,392,2388,100.0,39.03,23.4594
78,6,-0.0025,-0.0002,100.0,518.67,641.66,1578.83,1390.47,14.62,21.61,554.78,2388.0,9058.19,1.3,47.24,522.39,2387.94,8141.17,8.3674,0.03,391,2388,100.0,39.14,23.5486
78,7,0.0011,-0.0003,100.0,518.67,641.9,1578.89,1403.57,14.62,21.6,554.53,2388.02,9062.72,1.3,47.17,522.16,2388.01,8142.98,8.3643,0.03,391,2388,100.0,39.12,23.425
78,8,0.0002,-0.0003,100.0,518.67,641.74,1583.39,1393.49,14.62,21.61,554.46,2388.0,9058.46,1.3,47.19,522.78,2387.96,8146.38,8.3633,0.03,393,2388,100.0,39.18,23.5118
78,9,0.0035,-0.0004,100.0,518.67,641.92,1585.53,1393.17,14.62,21.61,555.02,2387.99,9055.03,1.3,47.1,522.19,2388.0,8142.87,8.4227,0.03,392,2388,100.0,38.94,23.4303
78,10,0.0029,0.0001,100.0,518.67,642.09,1590.83,1400.78,14.62,21.61,555.13,2387.98,9056.18,1.3,47.08,522.66,2387.98,8145.61,8.4004,0.03,391,2388,100.0,39.15,23.4633
78,11,-0.0023,-0.0003,100.0,518.67,641.81,1585.76,1399.46,14.62,21.61,555.34,2387.95,9056.78,1.3,47.1,522.73,2387.95,8141.86,8.3754,0.03,392,2388,100.0,39.13,23.5443
78,12,-0.0008,0.0002,100.0,518.67,642.09,1584.18,1394.06,14.62,21.61,554.93,2387.98,9058.27,1.3,47.19,522.44,2387.99,8146.9,8.3566,0.03,391,2388,100.0,39.19,23.476
78,13,-0.0015,0.0001,100.0,518.67,642.4,1580.23,1393.9,14.62,21.61,555.09,2387.97,9054.89,1.3,47.13,522.46,2387.99,8142.06,8.4063,0.03,392,2388,100.0,39.34,23.3947
78,14,-0.0004,-0.0002,100.0,518.67,641.77,1582.31,1391.97,14.62,21.61,555.01,2387.99,9056.74,1.3,47.04,522.58,2388.0,8148.06,8.4018,0.03,391,2388,100.0,39.05,23.4494
78,15,-0.0013,0.0004,100.0,518.67,641.88,1583.54,1394.35,14.62,21.61,554.49,2387.98,9066.62,1.3,47.01,522.58,2387.98,8143.55,8.3687,0.03,392,2388,100.0,39.21,23.5379
78,16,-0.0025,0.0003,100.0,518.67,641.57,1587.72,1395.67,14.62,21.61,555.08,2387.96,9058.1,1.3,47.04,522.38,2388.01,8143.06,8.3604,0.03,392,2388,100.0,39.24,23.4459
78,17,0.0014,0.0001,100.0,518.67,641.92,1585.37,1388.45,14.62,21.61,554.47,2387.97,9043.86,1.3,47.24,523.11,2387.93,8141.66,8.365,0.03,390,2388,100.0,38.89,23.5147
78,18,-0.0019,-0.0003,100.0,518.67,641.51,1583.46,1391.34,14.62,21.61,554.23,2387.99,9061.48,1.3,46.89,522.27,2387.93,8144.71,8.4044,0.03,392,2388,100.0,39.02,23.5024
78,19,0.0022,0.0002,100.0,518.67,642.59,1583.45,1392.97,14.62,21.61,554.43,2388.03,9064.88,1.3,47.17,522.53,2388.0,8140.24,8.3822,0.03,393,2388,100.0,39.05,23.41
78,20,0.0015,0.0,100.0,518.67,641.97,1588.93,1394.99,14.62,21.61,554.32,2387.97,9063.51,1.3,47.11,522.17,2387.95,8143.69,8.3692,0.03,390,2388,100.0,39.02,23.4421
78,21,-0.0012,0.0005,100.0,518.67,642.47,1586.29,1397.78,14.62,21.6,555.07,2388.01,9061.55,1.3,47.11,522.19,2387.96,8142.26,8.4141,0.03,392,2388,100.0,38.89,23.3584
78,22,-0.0003,-0.0002,100.0,518.67,642.31,1582.25,1403.22,14.62,21.61,554.35,2388.03,9056.08,1.3,47.04,521.91,2388.05,8146.89,8.3681,0.03,391,2388,100.0,39.0,23.4977
78,23,0.0016,-0.0002,100.0,518.67,642.18,1581.69,1398.37,14.62,21.61,554.81,2387.98,9058.57,1.3,47.4,522.99,2388.05,8142.55,8.3775,0.03,391,2388,100.0,39.11,23.439
78,24,-0.0004,0.0,100.0,518.67,641.98,1586.41,1389.91,14.62,21.6,555.53,2387.99,9062.95,1.3,47.02,522.65,2387.95,8144.85,8.3922,0.03,391,2388,100.0,38.97,23.4828
78,25,-0.0005,-0.0003,100.0,518.67,641.37,1583.73,1398.62,14.62,21.6,553.97,2387.98,9065.6,1.3,47.18,522.67,2387.98,8141.26,8.3718,0.03,391,2388,100.0,39.11,23.4199
78,26,0.0006,0.0005,100.0,518.67,641.99,1593.52,1395.2,14.62,21.61,554.8,2387.99,9060.07,1.3,47.16,522.69,2387.98,8141.6,8.4111,0.03,391,2388,100.0,39.08,23.5301
78,27,-0.0013,0.0,100.0,518.67,642.23,1577.99,1396.03,14.62,21.61,554.17,2388.05,9062.0,1.3,47.13,522.57,2387.98,8148.35,8.4036,0.03,390,2388,100.0,39.09,23.4644
78,28,-0.0007,0.0001,100.0,518.67,642.05,1585.38,1399.02,14.62,21.6,555.25,2387.94,9059.29,1.3,47.2,522.4,2388.02,8142.94,8.4212,0.03,392,2388,100.0,39.0,23.4969
78,29,-0.0018,-0.0003,100.0,518.67,641.89,1583.88,1395.45,14.62,21.61,554.59,2388.02,9058.31,1.3,47.09,522.74,2387.95,8142.36,8.3871,0.03,391,2388,100.0,39.15,23.4422
78,30,0.0029,-0.0001,100.0,518.67,642.16,1581.28,1398.27,14.62,21.61,555.15,2388.02,9063.01,1.3,47.26,522.36,2387.95,8148.23,8.3796,0.03,390,2388,100.0,39.11,23.4833
78,31,-0.0003,0.0005,100.0,518.67,642.12,1576.17,1395.24,14.62,21.61,554.65,2387.98,9055.44,1.3,47.18,522.81,2387.98,8141.81,8.3989,0.03,393,2388,100.0,38.98,23.4443
78,32,0.0039,0.0002,100.0,518.67,641.95,1586.65,1403.78,14.62,21.61,554.55,2387.95,9066.77,1.3,47.32,522.42,2387.96,8143.05,8.4085,0.03,393,2388,100.0,39.16,23.3895
78,33,0.0004,0.0003,100.0,518.67,641.68,1584.35,1399.28,14.62,21.61,555.17,2388.01,9052.81,1.3,47.12,522.86,2388.02,8145.11,8.4096,0.03,392,2388,100.0,39.23,23.4641
78,34,0.0012,-0.0003,100.0,518.67,642.18,1594.38,1393.01,14.62,21.61,554.34,2387.98,9059.45,1.3,47.06,522.52,2388.01,8150.36,8.3987,0.03,391,2388,100.0,39.14,23.5346
78,35,-0.0029,-0.0001,100.0,518.67,641.32,1582.57,1393.49,14.62,21.61,554.39,2387.96,9064.12,1.3,46.86,522.26,2387.97,8144.85,8.3893,0.03,392,2388,100.0,39.18,23.5126
78,36,0.0024,0.0,100.0,518.67,641.86,1589.55,1396.82,14.62,21.61,554.89,2387.97,9065.52,1.3,46.99,522.64,2388.0,8148.31,8.3797,0.03,391,2388,100.0,39.26,23.3943
78,37,-0.0012,-0.0,100.0,518.67,642.16,1587.37,1402.25,14.62,21.61,554.38,2388.04,9061.15,1.3,47.35,523.07,2388.02,8144.02,8.3626,0.03,391,2388,100.0,39.03,23.3765
78,38,0.0003,0.0002,100.0,518.67,642.39,1582.06,1391.57,14.62,21.61,553.99,2388.0,9065.62,1.3,47.21,523.08,2387.97,8152.38,8.3963,0.03,392,2388,100.0,39.12,23.4248
78,39,-0.0007,0.0002,100.0,518.67,641.73,1586.38,1401.03,14.62,21.61,554.86,2387.99,9061.28,1.3,47.21,522.31,2387.95,8142.15,8.3752,0.03,392,2388,100.0,38.9,23.4613
78,40,-0.0046,-0.0003,100.0,518.67,642.37,1582.09,1398.71,14.62,21.61,554.46,2388.04,9056.33,1.3,47.28,522.91,2387.97,8142.39,8.4292,0.03,392,2388,100.0,38.9,23.4458
78,41,-0.0021,0.0005,100.0,518.67,642.35,1582.55,1394.85,14.62,21.61,554.58,2388.05,9050.62,1.3,47.29,522.2,2388.02,8143.73,8.3908,0.03,391,2388,100.0,38.84,23.3383
78,42,0.0014,-0.0003,100.0,518.67,642.1,1575.21,1391.23,14.62,21.61,554.76,2387.93,9063.13,1.3,47.23,522.46,2387.98,8146.73,8.3904,0.03,390,2388,100.0,39.13,23.3929
78,43,0.0013,-0.0001,100.0,518.67,641.84,1585.94,1398.65,14.62,21.61,554.27,2388.03,9057.46,1.3,47.21,522.28,2387.98,8141.03,8.396,0.03,392,2388,100.0,39.05,23.453
78,44,0.0012,0.0005,100.0,518.67,642.41,1577.79,1391.36,14.62,21.61,554.05,2388.0,9058.42,1.3,47.08,522.35,2388.0,8145.69,8.4244,0.03,394,2388,100.0,39.06,23.3852
78,45,-0.0027,0.0001,100.0,518.67,642.11,1578.84,1400.87,14.62,21.61,554.68,2388.01,9060.58,1.3,47.04,522.79,2388.02,8143.65,8.398,0.03,391,2388,100.0,38.97,23.405
78,46,0.0025,-0.0003,100.0,518.67,641.66,1585.72,1403.12,14.62,21.61,554.98,2388.01,9066.31,1.3,47.35,522.6,2387.96,8145.05,8.4098,0.03,391,2388,100.0,39.05,23.3336
78,47,0.0024,-0.0001,100.0,518.67,642.71,1582.45,1395.55,14.62,21.61,554.21,2387.97,9056.87,1.3,47.22,522.47,2387.99,8141.18,8.404,0.03,391,2388,100.0,39.02,23.4067
78,48,-0.003,-0.0003,100.0,518.67,641.69,1580.75,1403.96,14.62,21.6,554.68,2388.0,9062.78,1.3,47.29,522.82,2388.04,8145.08,8.3822,0.03,392,2388,100.0,38.85,23.37
78,49,0.0003,-0.0,100.0,518.67,641.66,1583.33,1393.8,14.62,21.61,554.93,2388.0,9057.05,1.3,47.15,522.08,2388.02,8140.25,8.3627,0.03,391,2388,100.0,39.16,23.4174
78,50,-0.0004,-0.0004,100.0,518.67,641.95,1581.55,1396.01,14.62,21.6,554.28,2387.94,9061.84,1.3,47.06,522.82,2387.96,8139.42,8.3657,0.03,391,2388,100.0,38.98,23.3839
78,51,-0.0001,-0.0,100.0,518.67,641.97,1581.17,1390.54,14.62,21.61,554.65,2388.04,9059.36,1.3,47.2,522.55,2387.98,8150.6,8.3739,0.03,392,2388,100.0,38.99,23.4817
78,52,0.0019,-0.0,100.0,518.67,641.75,1584.1,1389.92,14.62,21.61,554.08,2388.03,9064.91,1.3,47.13,522.13,2387.98,8148.46,8.3652,0.03,392,2388,100.0,39.03,23.4446
78,53,0.0016,0.0005,100.0,518.67,641.84,1587.36,1396.04,14.62,21.6,554.46,2388.04,9056.26,1.3,47.26,523.0,2388.0,8141.01,8.3882,0.03,390,2388,100.0,38.87,23.4815
78,54,-0.0029,-0.0003,100.0,518.67,641.69,1589.54,1396.4,14.62,21.61,554.26,2388.02,9062.78,1.3,47.1,522.56,2388.04,8146.38,8.3468,0.03,392,2388,100.0,39.16,23.3573
78,55,0.0001,-0.0001,100.0,518.67,642.36,1578.69,1397.13,14.62,21.61,554.66,2387.95,9060.71,1.3,47.23,522.12,2387.98,8149.74,8.3629,0.03,390,2388,100.0,38.85,23.5492
78,56,-0.0013,0.0005,100.0,518.67,642.28,1582.12,1398.59,14.62,21.6,553.89,2388.01,9063.12,1.3,47.21,522.42,2388.06,8142.31,8.4027,0.03,390,2388,100.0,38.98,23.4726
78,57,0.0009,-0.0003,100.0,518.67,641.78,1580.96,1402.52,14.62,21.61,554.53,2388.04,9054.99,1.3,47.19,522.36,2387.97,8138.86,8.3937,0.03,390,2388,100.0,39.08,23.4134
78,58,0.0016,-0.0001,100.0,518.67,642.18,1588.43,1389.54,14.62,21.61,554.07,2387.94,9068.38,1.3,46.92,522.5,2387.98,8146.54,8.4099,0.03,392,2388,100.0,39.08,23.3792
78,59,0.0025,0.0001,100.0,518.67,641.62,1584.22,1392.76,14.62,21.61,554.15,2387.97,9059.33,1.3,47.14,522.9,2388.0,8142.02,8.3993,0.03,389,2388,100.0,39.11,23.5331
78,60,-0.0021,-0.0002,100.0,518.67,641.64,1579.29,1397.16,14.62,21.61,554.85,2387.97,9060.52,1.3,47.18,522.63,2387.97,8148.04,8.4163,0.03,393,2388,100.0,39.1,23.505
78,61,0.0005,-0.0002,100.0,518.67,642.25,1581.37,1396.95,14.62,21.61,554.29,2387.99,9066.64,1.3,47.17,522.71,2387.94,8144.84,8.3886,0.03,392,2388,100.0,39.16,23.4632
78,62,0.0014,0.0004,100.0,518.67,642.12,1587.14,1396.26,14.62,21.6,554.37,2387.95,9059.52,1.3,47.01,522.4,2387.96,8145.25,8.3719,0.03,391,2388,100.0,39.23,23.4188
78,63,-0.0002,-0.0003,100.0,518.67,642.18,1584.53,1394.0,14.62,21.61,554.82,2387.98,9063.28,1.3,47.27,522.11,2388.01,8146.2,8.398,0.03,391,2388,100.0,39.03,23.3939
78,64,0.0014,0.0004,100.0,518.67,641.93,1575.89,1396.21,14.62,21.61,554.71,2388.0,9065.64,1.3,47.32,522.53,2387.99,8142.28,8.4391,0.03,392,2388,100.0,38.93,23.4163
78,65,-0.0029,-0.0003,100.0,518.67,641.98,1579.88,1397.54,14.62,21.61,553.85,2388.0,9072.88,1.3,47.2,522.8,2387.98,8144.91,8.3925,0.03,392,2388,100.0,39.16,23.4864
78,66,-0.0014,0.0001,100.0,518.67,642.25,1588.49,1396.84,14.62,21.61,554.43,2387.97,9069.91,1.3,46.98,522.06,2387.93,8147.39,8.4066,0.03,392,2388,100.0,39.06,23.4058
78,67,0.0002,-0.0001,100.0,518.67,642.6,1577.92,1397.56,14.62,21.61,554.81,2387.98,9073.11,1.3,47.25,522.72,2387.96,8147.91,8.3899,0.03,391,2388,100.0,39.22,23.4178
78,68,-0.0019,0.0005,100.0,518.67,642.1,1582.5,1395.29,14.62,21.61,554.63,2388.0,9058.98,1.3,47.11,522.44,2387.98,8148.3,8.4074,0.03,390,2388,100.0,39.11,23.4332
78,69,-0.001,0.0004,100.0,518.67,642.14,1589.17,1389.66,14.62,21.61,554.7,2387.97,9069.44,1.3,46.89,522.34,2387.97,8153.99,8.3847,0.03,390,2388,100.0,39.06,23.4734
78,70,0.0036,-0.0002,100.0,518.67,642.45,1586.97,1405.26,14.62,21.6,555.0,2387.95,9061.42,1.3,47.16,522.56,2388.03,8149.68,8.4112,0.03,391,2388,100.0,39.04,23.4428
78,71,-0.0049,0.0004,100.0,518.67,642.03,1579.38,1396.46,14.62,21.61,555.07,2388.02,9068.64,1.3,47.16,522.38,2388.01,8150.25,8.4166,0.03,392,2388,100.0,39.16,23.4336
78,72,-0.0034,0.0003,100.0,518.67,641.78,1580.66,1389.33,14.62,21.61,554.93,2387.99,9062.94,1.3,47.2,522.51,2387.96,8148.46,8.3793,0.03,391,2388,100.0,39.0,23.2748
81,1,0.0003,-0.0003,100.0,518.67,642.03,1593.57,1402.35,14.62,21.61,554.19,2388.04,9065.91,1.3,47.28,521.57,2387.98,8150.12,8.4176,0.03,393,2388,100.0,38.96,23.4348
81,2,-0.0026,-0.0001,100.0,518.67,642.26,1585.15,1403.12,14.62,21.61,553.8,2388.01,9068.12,1.3,47.19,522.12,2388.0,8149.41,8.4085,0.03,392,2388,100.0,39.09,23.423
81,3,-0.0023,-0.0003,100.0,518.67,642.56,1583.01,1398.57,14.62,21.61,553.98,2388.07,9063.53,1.3,47.11,522.39,2388.0,8149.17,8.4128,0.03,393,2388,100.0,38.87,23.308
81,4,-0.0002,0.0,100.0,518.67,642.38,1592.24,1403.65,14.62,21.61,554.33,2388.0,9070.9,1.3,47.35,522.06,2388.04,8150.99,8.4016,0.03,393,2388,100.0,38.81,23.2552
81,5,-0.0038,-0.0004,100.0,518.67,642.12,1578.73,1401.72,14.62,21.61,554.3,2388.03,9068.48,1.3,47.22,521.32,2388.03,8146.69,8.4167,0.03,392,2388,100.0,38.94,23.4607
81,6,-0.0038,0.0004,100.0,518.67,642.5,1590.26,1395.68,14.62,21.61,554.32,2388.01,9071.67,1.3,47.32,522.19,2388.0,8148.92,8.4254,0.03,391,2388,100.0,38.9,23.4445
81,7,-0.0027,0.0004,100.0,518.67,641.93,1585.6,1400.13,14.62,21.61,553.97,2388.04,9075.06,1.3,47.25,521.62,2388.05,8144.36,8.4361,0.03,392,2388,100.0,38.89,23.4641
81,8,0.003,0.0003,100.0,518.67,642.67,1594.7,1396.66,14.62,21.61,554.11,2388.11,9066.35,1.3,47.14,522.57,2388.02,8149.97,8.4004,0.03,392,2388,100.0,39.0,23.337
81,9,-0.0008,-0.0004,100.0,518.67,641.93,1581.56,1403.9,14.62,21.61,554.84,2388.02,9068.87,1.3,47.39,522.01,2388.06,8148.57,8.406,0.03,393,2388,100.0,39.11,23.3897
81,10,-0.0031,-0.0002,100.0,518.67,642.17,1584.87,1404.03,14.62,21.61,553.89,2388.02,9074.25,1.3,47.27,522.77,2387.99,8148.23,8.4705,0.03,393,2388,100.0,38.88,23.3395
81,11,0.0052,-0.0002,100.0,518.67,642.14,1589.21,1399.74,14.62,21.61,553.97,2388.04,9058.15,1.3,47.45,521.78,2387.95,8147.0,8.4223,0.03,393,2388,100.0,39.05,23.4155
81,12,-0.004,-0.0003,100.0,518.67,642.25,1583.93,1404.01,14.62,21.61,554.35,2388.05,9064.48,1.3,47.23,522.38,2388.04,8149.19,8.4146,0.03,392,2388,100.0,38.98,23.3192
81,13,-0.0027,0.0001,100.0,518.67,642.67,1589.97,1394.69,14.62,21.61,553.54,2387.99,9067.17,1.3,47.22,521.76,2388.02,8148.54,8.424,0.03,392,2388,100.0,39.03,23.4365
81,14,0.0024,0.0004,100.0,518.67,641.81,1588.44,1404.95,14.62,21.61,553.81,2388.02,9065.18,1.3,47.09,522.17,2388.04,8142.68,8.3774,0.03,390,2388,100.0,39.01,23.3783
81,15,0.0009,0.0003,100.0,518.67,642.62,1588.71,1407.22,14.62,21.61,554.36,2387.99,9069.66,1.3,47.42,522.32,2388.05,8148.19,8.4111,0.03,391,2388,100.0,39.18,23.3025
81,16,-0.0041,-0.0005,100.0,518.67,641.99,1578.25,1407.69,14.62,21.61,554.64,2388.0,9069.32,1.3,47.36,522.31,2388.01,8145.28,8.4507,0.03,393,2388,100.0,38.92,23.3325
81,17,-0.0023,-0.0001,100.0,518.67,641.82,1589.49,1398.08,14.62,21.61,554.73,2388.03,9064.85,1.3,47.18,522.08,2388.07,8149.46,8.3751,0.03,392,2388,100.0,38.95,23.3502
81,18,-0.0027,0.0002,100.0,518.67,642.19,1586.03,1399.89,14.62,21.61,553.9,2387.99,9070.36,1.3,47.28,521.46,2388.03,8147.0,8.4139,0.03,394,2388,100.0,39.25,23.4341
81,19,-0.0003,-0.0002,100.0,518.67,642.04,1585.23,1396.7,14.62,21.61,553.41,2387.98,9063.9,1.3,47.23,521.35,2388.06,8148.38,8.4165,0.03,392,2388,100.0,39.02,23.3136
81,20,-0.0031,-0.0006,100.0,518.67,642.46,1587.33,1398.95,14.62,21.61,554.17,2388.02,9080.35,1.3,47.37,522.13,2388.04,8145.31,8.39,0.03,393,2388,100.0,38.99,23.4187
81,21,-0.0005,-0.0004,100.0,518.67,641.82,1592.36,1397.57,14.62,21.61,553.96,2388.04,9073.14,1.3,47.37,522.02,2388.0,8146.76,8.3841,0.03,392,2388,100.0,38.97,23.4349
81,22,0.0038,-0.0003,100.0,518.67,642.4,1584.8,1400.78,14.62,21.61,554.54,2388.01,9068.66,1.3,47.27,521.51,2388.06,8153.26,8.4278,0.03,392,2388,100.0,39.0,23.4187
81,23,-0.0014,-0.0003,100.0,518.67,642.41,1584.12,1404.21,14.62,21.61,554.32,2388.03,9064.1,1.3,47.22,522.45,2388.0,8146.25,8.3875,0.03,392,2388,100.0,38.93,23.3627
81,24,0.0001,0.0003,100.0,518.67,642.48,1576.21,1397.49,14.62,21.61,553.7,2388.04,9072.04,1.3,47.29,522.45,2387.98,8154.04,8.4158,0.03,391,2388,100.0,39.01,23.3806
81,25,-0.0019,0.0003,100.0,518.67,642.24,1588.45,1402.17,14.62,21.61,554.75,2388.05,9066.0,1.3,47.17,522.02,2388.05,8146.67,8.3744,0.03,392,2388,100.0,38.97,23.25
81,26,-0.0009,-0.0,100.0,518.67,642.76,1590.49,1400.0,14.62,21.61,554.12,2388.03,9066.38,1.3,47.23,522.0,2388.02,8148.69,8.4258,0.03,391,2388,100.0,38.9,23.3624
81,27,0.0006,0.0001,100.0,518.67,642.41,1589.42,1401.75,14.62,21.61,554.35,2388.08,9063.92,1.3,47.32,521.87,2388.01,8146.47,8.4175,0.03,392,2388,100.0,39.01,23.3767
81,28,0.0005,-0.0006,100.0,518.67,641.81,1591.06,1397.57,14.62,21.61,553.96,2388.0,9069.94,1.3,47.39,522.59,2388.03,8149.62,8.4069,0.03,393,2388,100.0,38.85,23.3119
81,29,0.0021,0.0004,100.0,518.67,642.04,1582.58,1403.54,14.62,21.61,554.08,2387.98,9068.14,1.3,47.19,521.85,2388.03,8150.93,8.3956,0.03,392,2388,100.0,39.12,23.4403
81,30,-0.0038,-0.0001,100.0,518.67,642.29,1590.34,1410.06,14.62,21.61,553.82,2388.03,9070.49,1.3,47.29,521.99,2387.97,8140.82,8.3945,0.03,392,2388,100.0,38.96,23.4432
81,31,-0.0023,0.0001,100.0,518.67,642.41,1591.13,1401.66,14.62,21.61,554.06,2387.98,9071.54,1.3,47.37,522.01,2387.95,8145.79,8.4054,0.03,393,2388,100.0,38.97,23.3846
81,32,0.0035,0.0003,100.0,518.67,642.12,1584.91,1406.19,14.62,21.61,554.86,2388.04,9066.46,1.3,47.36,522.46,2388.02,8157.83,8.3668,0.03,393,2388,100.0,38.82,23.4756
81,33,0.0021,-0.0002,100.0,518.67,642.3,1582.11,1397.97,14.62,21.61,554.09,2388.0,9065.51,1.3,47.22,522.23,2388.06,8147.61,8.4032,0.03,393,2388,100.0,39.12,23.4419
81,34,0.0008,-0.0002,100.0,518.67,642.51,1586.73,1404.77,14.62,21.61,554.29,2388.03,9064.72,1.3,47.44,521.81,2388.04,8149.01,8.4276,0.03,393,2388,100.0,38.99,23.2937
81,35,0.0011,-0.0002,100.0,518.67,642.23,1585.43,1409.62,14.62,21.61,554.48,2388.07,9065.79,1.3,47.44,521.83,2388.08,8148.37,8.4364,0.03,391,2388,100.0,38.76,23.3492
81,36,0.0005,0.0002,100.0,518.67,642.16,1582.99,1403.51,14.62,21.61,554.12,2388.02,9074.73,1.3,47.32,522.38,2388.01,8150.35,8.4513,0.03,394,2388,100.0,38.78,23.3098
81,37,-0.0005,-0.0002,100.0,518.67,642.03,1586.13,1399.93,14.62,21.61,554.35,2388.06,9067.47,1.3,47.27,521.97,2388.02,8148.84,8.3992,0.03,391,2388,100.0,38.97,23.3727
81,38,-0.0009,-0.0003,100.0,518.67,641.98,1590.39,1400.62,14.62,21.61,554.17,2388.06,9061.62,1.3,47.24,522.3,2388.05,8145.38,8.386,0.03,392,2388,100.0,39.0,23.4293
81,39,-0.0006,0.0001,100.0,518.67,642.2,1586.94,1403.61,14.62,21.61,554.68,2388.02,9058.91,1.3,47.19,521.92,2388.0,8150.7,8.4079,0.03,392,2388,100.0,38.93,23.3927
81,40,-0.0003,0.0,100.0,518.67,642.43,1587.75,1414.28,14.62,21.61,554.03,2388.06,9070.62,1.3,47.44,521.78,2388.04,8150.18,8.4424,0.03,393,2388,100.0,38.84,23.351
81,41,0.0006,0.0004,100.0,518.67,642.95,1575.61,1401.26,14.62,21.61,554.6,2388.03,9071.7,1.3,47.22,521.62,2388.04,8155.92,8.3919,0.03,394,2388,100.0,39.0,23.3862
81,42,0.0012,0.0002,100.0,518.67,642.27,1579.33,1397.07,14.62,21.61,553.89,2388.01,9069.25,1.3,47.28,522.4,2388.07,8146.67,8.4269,0.03,393,2388,100.0,38.71,23.3528
81,43,0.0001,-0.0003,100.0,518.67,642.38,1585.43,1403.5,14.62,21.61,554.29,2388.04,9069.13,1.3,47.3,521.81,2388.07,8148.17,8.4007,0.03,393,2388,100.0,38.97,23.4349
81,44,-0.0026,-0.0,100.0,518.67,643.17,1586.57,1411.78,14.62,21.61,554.96,2388.02,9073.17,1.3,47.34,522.24,2388.02,8144.8,8.4169,0.03,391,2388,100.0,39.0,23.3091
81,45,0.0001,-0.0004,100.0,518.67,642.07,1592.79,1398.22,14.62,21.61,553.71,2388.02,9070.89,1.3,47.35,521.45,2388.05,8145.45,8.4192,0.03,391,2388,100.0,38.98,23.3635
81,46,0.0006,-0.0004,100.0,518.67,642.37,1589.22,1397.94,14.62,21.61,554.13,2388.08,9070.84,1.3,47.25,522.3,2388.03,8151.27,8.4681,0.03,392,2388,100.0,38.84,23.3593
81,47,0.0023,-0.0004,100.0,518.67,642.22,1587.58,1406.61,14.62,21.61,553.87,2388.05,9068.82,1.3,47.2,521.89,2388.01,8145.08,8.4421,0.03,391,2388,100.0,38.99,23.2636
81,48,0.0006,0.0001,100.0,518.67,642.82,1583.5,1405.57,14.62,21.61,554.35,2388.03,9068.83,1.3,47.23,521.93,2388.01,8144.72,8.4453,0.03,393,2388,100.0,38.78,23.4992
81,49,-0.0002,-0.0001,100.0,518.67,642.17,1589.06,1403.46,14.62,21.61,553.89,2388.02,9066.74,1.3,47.27,521.77,2388.05,8150.31,8.4334,0.03,392,2388,100.0,38.78,23.3411
81,50,-0.0006,-0.0003,100.0,518.67,641.91,1588.07,1402.34,14.62,21.61,554.48,2388.0,9068.96,1.3,47.24,521.96,2387.98,8145.12,8.4014,0.03,394,2388,100.0,39.06,23.388
81,51,0.0022,0.0003,100.0,518.67,642.35,1588.04,1396.45,14.62,21.61,554.18,2388.04,9070.41,1.3,47.25,521.87,2388.03,8146.53,8.394,0.03,393,2388,100.0,39.19,23.379
81,52,0.0028,0.0,100.0,518.67,642.23,1577.06,1399.72,14.62,21.61,553.06,2388.03,9062.21,1.3,47.41,521.99,2388.09,8144.41,8.4239,0.03,392,2388,100.0,38.92,23.4084
81,53,-0.0008,-0.0005,100.0,518.67,642.16,1582.04,1398.17,14.62,21.61,553.86,2388.01,9071.66,1.3,47.42,522.43,2388.05,8146.98,8.4133,0.03,392,2388,100.0,38.96,23.3866
81,54,-0.0015,-0.0002,100.0,518.67,642.19,1581.42,1401.8,14.62,21.61,553.96,2388.05,9065.22,1.3,47.45,521.69,2388.09,8153.48,8.4308,0.03,392,2388,100.0,38.88,23.31
81,55,0.0006,0.0003,100.0,518.67,642.19,1586.47,1402.79,14.62,21.61,553.28,2388.04,9074.72,1.3,47.31,521.93,2388.0,8148.0,8.4295,0.03,393,2388,100.0,38.8,23.2567
81,56,-0.0044,0.0002,100.0,518.67,642.35,1582.51,1400.8,14.62,21.61,554.12,2388.02,9067.15,1.3,47.25,522.29,2388.03,8143.17,8.3906,0.03,393,2388,100.0,39.07,23.3612
81,57,0.0015,0.0003,100.0,518.67,642.08,1586.78,1397.71,14.62,21.61,553.67,2388.04,9066.17,1.3,47.23,522.01,2388.08,8149.09,8.4233,0.03,392,2388,100.0,38.94,23.4059
81,58,-0.0008,0.0,100.0,518.67,642.43,1583.64,1399.07,14.62,21.61,554.23,2388.09,9068.96,1.3,47.3,522.16,2388.02,8146.11,8.3934,0.03,392,2388,100.0,38.99,23.3416
81,59,-0.0024,-0.0002,100.0,518.67,642.18,1586.65,1399.98,14.62,21.61,554.24,2387.98,9068.15,1.3,47.37,521.65,2388.06,8145.72,8.4416,0.03,392,2388,100.0,38.72,23.3349
81,60,0.002,-0.0004,100.0,518.67,642.1,1590.56,1403.98,14.62,21.61,553.95,2388.02,9068.39,1.3,47.34,522.15,2388.06,8153.07,8.4012,0.03,393,2388,100.0,39.06,23.2678
81,61,-0.0013,0.0,100.0,518.67,642.85,1589.59,1401.51,14.62,21.61,554.13,2388.02,9068.9,1.3,47.48,522.15,2388.05,8151.73,8.4235,0.03,392,2388,100.0,39.06,23.3809
81,62,-0.0014,0.0004,100.0,518.67,642.43,1583.16,1401.47,14.62,21.6,554.06,2388.01,9072.73,1.3,47.37,521.72,2388.06,8146.4,8.4775,0.03,393,2388,100.0,38.92,23.388
81,63,0.0011,0.0004,100.0,518.67,642.43,1584.36,1406.65,14.62,21.61,554.04,2388.03,9059.95,1.3,47.44,522.51,2388.06,8148.06,8.4421,0.03,392,2388,100.0,38.8,23.4124
81,64,-0.0013,-0.0001,100.0,518.67,642.17,1586.37,1403.84,14.62,21.61,553.82,2388.08,9070.21,1.3,47.31,521.68,2388.06,8147.12,8.415,0.03,393,2388,100.0,39.05,23.3756
81,65,0.0009,0.0003,100.0,518.67,641.98,1587.34,1400.81,14.62,21.61,554.55,2388.0,9064.73,1.3,47.35,522.52,2388.02,8146.05,8.3944,0.03,393,2388,100.0,38.99,23.3694
81,66,0.0015,-0.0005,100.0,518.67,642.1,1584.89,1394.52,14.62,21.61,553.44,2388.02,9067.03,1.3,47.4,521.68,2388.07,8149.09,8.3796,0.03,393,2388,100.0,39.1,23.3783
81,67,0.0025,-0.0005,100.0,518.67,642.76,1584.73,1394.81,14.62,21.61,554.73,2388.08,9070.53,1.3,47.38,522.14,2388.04,8148.94,8.376,0.03,392,2388,100.0,38.92,23.2938
81,68,-0.0014,0.0002,100.0,518.67,642.81,1591.85,1395.96,14.62,21.61,554.2,2388.04,9058.93,1.3,47.48,522.15,2388.08,8154.78,8.4293,0.03,393,2388,100.0,38.98,23.3323
81,69,0.0029,-0.0001,100.0,518.67,642.54,1579.33,1400.83,14.62,21.61,554.67,2388.02,9065.65,1.3,47.1,522.12,2388.05,8148.74,8.4388,0.03,393,2388,100.0,39.03,23.3331
81,70,0.0027,-0.0004,100.0,518.67,642.51,1593.14,1404.0,14.62,21.61,553.5,2388.0,9063.5,1.3,47.33,522.27,2388.07,8149.53,8.4072,0.03,393,2388,100.0,38.92,23.4252
81,71,-0.0009,0.0001,100.0,518.67,642.38,1591.04,1395.67,14.62,21.61,553.69,2388.04,9073.7,1.3,47.21,521.76,2388.04,8153.49,8.4375,0.03,392,2388,100.0,38.73,23.3315
81,72,0.0027,0.0004,100.0,518.67,642.25,1589.19,1402.45,14.62,21.61,554.27,2388.01,9062.2,1.3,47.41,521.74,2388.03,8149.56,8.4091,0.03,395,2388,100.0,38.91,23.4583
81,73,0.0006,-0.0001,100.0,518.67,642.51,1592.95,1407.15,14.62,21.61,553.8,2388.02,9070.54,1.3,47.24,521.63,2388.04,8150.64,8.4231,0.03,392,2388,100.0,38.76,23.3777
81,74,-0.004,-0.0,100.0,518.67,642.62,1587.47,1397.32,14.62,21.6,553.65,2388.02,9066.24,1.3,47.4,521.86,2388.04,8150.38,8.3734,0.03,391,2388,100.0,38.93,23.3778
81,75,0.0038,-0.0003,100.0,518.67,642.3,1585.82,1396.89,14.62,21.61,554.17,2387.99,9071.36,1.3,47.29,522.26,2388.03,8151.58,8.4008,0.03,393,2388,100.0,38.82,23.4023
81,76,0.0003,-0.0005,100.0,518.67,642.49,1595.13,1408.08,14.62,21.61,554.01,2388.02,9069.79,1.3,47.33,521.78,2388.07,8147.29,8.4124,0.03,391,2388,100.0,39.02,23.3721
81,77,-0.0012,0.0001,100.0,518.67,642.05,1592.52,1400.9,14.62,21.61,553.86,2388.04,9067.27,1.3,47.41,521.88,2388.06,8153.29,8.4109,0.03,392,2388,100.0,38.73,23.3337
81,78,0.0014,0.0001,100.0,518.67,641.95,1585.22,1408.81,14.62,21.61,553.04,2388.1,9065.29,1.3,47.31,521.57,2388.03,8149.89,8.3748,0.03,392,2388,100.0,38.98,23.4142
81,79,-0.0009,-0.0,100.0,518.67,642.46,1589.9,1399.16,14.62,21.61,553.86,2388.03,9065.69,1.3,47.35,521.89,2388.06,8147.81,8.4273,0.03,391,2388,100.0,39.06,23.3946
81,80,0.0008,-0.0003,100.0,518.67,641.83,1585.74,1403.27,14.62,21.61,554.28,2388.05,9071.23,1.3,47.44,521.91,2387.99,8150.82,8.433,0.03,393,2388,100.0,38.99,23.2811
81,81,0.0037,0.0004,100.0,518.67,642.61,1588.7,1402.88,14.62,21.61,554.1,2388.06,9065.01,1.3,47.38,521.79,2388.03,8146.21,8.4288,0.03,393,2388,100.0,38.95,23.3209
81,82,-0.0008,-0.0005,100.0,518.67,642.53,1587.94,1397.56,14.62,21.61,553.68,2388.03,9074.54,1.3,47.47,521.88,2388.04,8155.62,8.4011,0.03,394,2388,100.0,38.92,23.4213
81,83,0.0004,0.0004,100.0,518.67,642.18,1586.38,1400.48,14.62,21.61,554.34,2388.02,9073.99,1.3,47.2,521.55,2388.03,8150.18,8.4078,0.03,392,2388,100.0,39.05,23.4031
81,84,0.0041,-0.0005,100.0,518.67,642.29,1588.68,1398.65,14.62,21.61,553.68,2388.09,9074.56,1.3,47.36,522.17,2388.04,8150.54,8.4089,0.03,392,2388,100.0,38.85,23.3473
81,85,-0.0006,-0.0002,100.0,518.67,642.34,1592.88,1406.73,14.62,21.61,553.89,2388.04,9066.6,1.3,47.35,522.11,2388.0,8144.75,8.3998,0.03,393,2388,100.0,38.73,23.4132
81,86,0.001,-0.0005,100.0,518.67,642.99,1590.25,1401.06,14.62,21.61,554.28,2388.06,9069.96,1.3,47.37,522.15,2388.08,8155.38,8.4279,0.03,393,2388,100.0,38.96,23.3346
81,87,-0.0006,0.0003,100.0,518.67,642.05,1591.68,1399.62,14.62,21.61,553.54,2388.06,9064.87,1.3,47.18,522.32,2388.03,8146.75,8.4065,0.03,393,2388,100.0,39.15,23.4195
81,88,0.0028,0.0001,100.0,518.67,642.4,1580.25,1399.89,14.62,21.61,553.75,2388.09,9071.44,1.3,47.31,521.9,2388.04,8151.17,8.4022,0.03,392,2388,100.0,39.01,23.3993
81,89,-0.0001,0.0,100.0,518.67,642.5,1588.59,1400.46,14.62,21.61,554.02,2388.11,9063.01,1.3,47.42,521.94,2388.09,8151.21,8.4616,0.03,392,2388,100.0,38.85,23.473
81,90,-0.0016,-0.0,100.0,518.67,642.46,1587.76,1411.21,14.62,21.61,553.57,2388.07,9067.25,1.3,47.43,521.9,2388.01,8150.49,8.4043,0.03,391,2388,100.0,39.05,23.3882
81,91,0.0022,-0.0004,100.0,518.67,642.59,1583.64,1399.84,14.62,21.61,553.68,2388.05,9064.99,1.3,47.23,522.43,2388.02,8152.08,8.4003,0.03,393,2388,100.0,38.94,23.2662
81,92,0.0007,0.0002,100.0,518.67,642.3,1591.51,1396.41,14.62,21.6,554.49,2388.1,9064.05,1.3,47.25,521.85,2388.07,8148.44,8.4287,0.03,391,2388,100.0,39.0,23.4377
81,93,-0.0013,-0.0004,100.0,518.67,642.14,1583.73,1401.36,14.62,21.61,554.17,2388.01,9065.88,1.3,47.27,521.68,2388.05,8150.05,8.4434,0.03,392,2388,100.0,39.02,23.4082
81,94,-0.0026,-0.0002,100.0,518.67,641.99,1588.11,1402.62,14.62,21.61,554.04,2388.06,9068.43,1.3,47.39,521.87,2388.06,8150.57,8.4005,0.03,391,2388,100.0,38.8,23.3719
81,95,-0.0029,-0.0001,100.0,518.67,642.31,1586.49,1415.72,14.62,21.61,554.19,2388.09,9073.19,1.3,47.47,521.96,2388.09,8147.4,8.3997,0.03,393,2388,100.0,38.96,23.2735
81,96,0.0021,-0.0005,100.0,518.67,642.43,1585.16,1400.06,14.62,21.61,554.29,2388.07,9075.72,1.3,47.36,521.82,2387.99,8154.62,8.4647,0.03,393,2388,100.0,39.04,23.418
81,97,-0.0,0.0,100.0,518.67,642.22,1584.55,1403.95,14.62,21.61,554.19,2388.09,9068.45,1.3,47.46,521.48,2388.04,8148.69,8.406,0.03,393,2388,100.0,38.72,23.3016
81,98,0.0001,0.0001,100.0,518.67,642.72,1586.94,1407.9,14.62,21.61,554.36,2388.02,9071.74,1.3,47.44,522.24,2388.05,8149.62,8.4194,0.03,393,2388,100.0,38.94,23.342
81,99,-0.0002,0.0003,100.0,518.67,642.59,1587.83,1400.84,14.62,21.61,553.73,2388.03,9065.13,1.3,47.26,522.07,2388.03,8153.31,8.3873,0.03,393,2388,100.0,38.78,23.2581
81,100,0.0008,-0.0001,100.0,518.67,641.95,1583.46,1406.12,14.62,21.61,553.58,2388.06,9065.1,1.3,47.4,522.05,2388.06,8147.78,8.4284,0.03,392,2388,100.0,38.94,23.3155
81,101,-0.001,0.0003,100.0,518.67,642.86,1579.97,1404.2,14.62,21.61,553.82,2388.04,9067.03,1.3,47.41,521.89,2388.05,8154.13,8.4169,0.03,393,2388,100.0,38.92,23.306
81,102,-0.0028,-0.0003,100.0,518.67,642.77,1590.24,1393.13,14.62,21.61,554.25,2388.07,9078.19,1.3,47.5,521.75,2388.03,8146.57,8.3989,0.03,392,2388,100.0,38.79,23.308
81,103,-0.0034,-0.0005,100.0,518.67,642.62,1583.61,1397.96,14.62,21.61,553.37,2388.01,9064.92,1.3,47.35,521.79,2388.0,8149.93,8.4371,0.03,392,2388,100.0,38.83,23.352
81,104,0.0009,0.0004,100.0,518.67,642.54,1586.0,1401.94,14.62,21.61,553.89,2388.09,9070.7,1.3,47.54,521.69,2388.06,8150.55,8.4304,0.03,393,2388,100.0,38.56,23.243
81,105,0.001,0.0003,100.0,518.67,642.58,1587.05,1403.46,14.62,21.61,553.21,2388.08,9067.61,1.3,47.46,521.8,2388.06,8149.28,8.3953,0.03,392,2388,100.0,38.85,23.2955
81,106,0.0002,0.0001,100.0,518.67,642.28,1588.82,1400.22,14.62,21.61,553.68,2388.02,9071.87,1.3,47.4,522.1,2388.01,8147.1,8.4637,0.03,393,2388,100.0,39.01,23.2793
81,107,-0.0039,0.0002,100.0,518.67,642.33,1582.05,1392.44,14.62,21.61,554.08,2388.07,9071.65,1.3,47.38,521.42,2388.05,8148.58,8.4314,0.03,393,2388,100.0,38.8,23.3079
81,108,-0.005,-0.0002,100.0,518.67,642.33,1595.01,1404.33,14.62,21.61,554.47,2388.06,9062.58,1.3,47.44,521.69,2388.07,8142.96,8.4118,0.03,393,2388,100.0,38.69,23.3707
81,109,0.0032,-0.0002,100.0,518.67,642.56,1585.64,1400.12,14.62,21.61,553.21,2388.03,9067.9,1.3,47.45,521.37,2388.05,8149.79,8.4231,0.03,393,2388,100.0,38.97,23.3296
81,110,-0.0002,0.0001,100.0,518.67,642.76,1584.21,1411.2,14.62,21.61,553.31,2388.07,9060.29,1.3,47.49,521.73,2388.0,8147.68,8.4289,0.03,394,2388,100.0,38.76,23.2509
81,111,0.0019,0.0003,100.0,518.67,642.75,1586.12,1411.95,14.62,21.61,553.62,2388.07,9063.73,1.3,47.36,521.97,2388.1,8151.51,8.4187,0.03,394,2388,100.0,38.8,23.3277
81,112,-0.0014,-0.0001,100.0,518.67,642.39,1591.87,1405.42,14.62,21.61,553.47,2388.01,9070.59,1.3,47.32,521.49,2388.05,8149.92,8.4075,0.03,392,2388,100.0,38.8,23.3926
81,113,0.001,-0.0001,100.0,518.67,642.36,1587.44,1405.13,14.62,21.61,553.34,2388.11,9068.38,1.3,47.42,522.0,2388.06,8150.94,8.4452,0.03,391,2388,100.0,38.92,23.3553
81,114,-0.0008,-0.0005,100.0,518.67,643.02,1582.59,1401.23,14.62,21.61,553.63,2388.05,9068.95,1.3,47.5,522.03,2388.07,8147.75,8.4404,0.03,392,2388,100.0,38.96,23.3095
81,115,0.0022,-0.0002,100.0,518.67,642.12,1588.53,1401.85,14.62,21.61,553.1,2388.06,9078.77,1.3,47.42,521.8,2388.11,8149.09,8.3969,0.03,393,2388,100.0,38.85,23.4541
81,116,-0.002,-0.0002,100.0,518.67,642.48,1592.26,1405.23,14.62,21.61,553.59,2388.05,9076.42,1.3,47.22,521.4,2388.07,8151.09,8.4337,0.03,393,2388,100.0,38.93,23.4098
81,117,-0.0037,-0.0001,100.0,518.67,642.79,1586.63,1402.23,14.62,21.61,553.98,2388.02,9068.69,1.3,47.34,521.43,2388.08,8154.4,8.4186,0.03,394,2388,100.0,38.76,23.3937
81,118,-0.0011,-0.0005,100.0,518.67,642.25,1590.44,1411.11,14.62,21.61,553.65,2388.06,9074.15,1.3,47.39,521.85,2387.96,8148.86,8.4182,0.03,393,2388,100.0,38.75,23.3082
81,119,-0.0001,-0.0005,100.0,518.67,641.99,1590.23,1402.46,14.62,21.61,553.75,2388.09,9064.44,1.3,47.64,521.39,2388.14,8148.35,8.4447,0.03,394,2388,100.0,38.83,23.3371
81,120,-0.0038,0.0,100.0,518.67,643.09,1585.75,1402.27,14.62,21.61,554.69,2388.07,9070.43,1.3,47.5,521.78,2388.03,8148.43,8.4556,0.03,392,2388,100.0,38.76,23.3352
81,121,0.0007,-0.0004,100.0,518.67,642.98,1581.27,1397.93,14.62,21.61,552.85,2388.01,9072.45,1.3,47.46,521.25,2388.04,8144.91,8.432,0.03,393,2388,100.0,39.01,23.3455
81,122,-0.0013,-0.0002,100.0,518.67,642.79,1587.02,1412.95,14.62,21.61,553.88,2388.06,9062.38,1.3,47.25,522.13,2388.0,8151.15,8.449,0.03,395,2388,100.0,38.87,23.2282
81,123,-0.0013,0.0003,100.0,518.67,642.91,1585.6,1409.91,14.62,21.61,553.75,2388.09,9070.96,1.3,47.47,520.95,2388.03,8147.66,8.4598,0.03,393,2388,100.0,38.87,23.1326
81,124,0.0043,-0.0001,100.0,518.67,643.22,1588.51,1400.77,14.62,21.61,553.62,2388.02,9069.89,1.3,47.67,521.9,2388.08,8146.93,8.4238,0.03,394,2388,100.0,38.78,23.3888
81,125,0.0025,-0.0001,100.0,518.67,642.79,1586.68,1406.2,14.62,21.61,553.41,2388.06,9067.32,1.3,47.37,521.72,2388.07,8154.46,8.4618,0.03,393,2388,100.0,38.79,23.3391
81,126,-0.0008,-0.0006,100.0,518.67,642.49,1586.05,1411.5,14.62,21.61,554.16,2388.05,9062.11,1.3,47.67,521.6,2388.07,8145.26,8.4552,0.03,393,2388,100.0,38.78,23.3139
81,127,0.0004,-0.0002,100.0,518.67,642.34,1594.38,1397.3,14.62,21.61,553.54,2388.05,9072.9,1.3,47.41,521.63,2388.03,8148.57,8.4503,0.03,392,2388,100.0,38.7,23.3106
81,128,0.0008,-0.0003,100.0,518.67,642.32,1592.87,1410.2,14.62,21.61,553.43,2388.08,9073.6,1.3,47.46,521.69,2388.1,8145.77,8.4008,0.03,393,2388,100.0,39.08,23.3234
81,129,-0.0017,0.0003,100.0,518.67,642.46,1582.42,1399.51,14.62,21.61,554.02,2388.0,9068.52,1.3,47.57,521.34,2388.11,8148.74,8.4187,0.03,394,2388,100.0,38.86,23.3182
81,130,0.0024,-0.0001,100.0,518.67,642.39,1579.04,1408.92,14.62,21.61,553.59,2388.01,9069.3,1.3,47.47,521.95,2388.1,8152.19,8.4182,0.03,394,2388,100.0,38.81,23.2704
81,131,-0.005,-0.0002,100.0,518.67,642.75,1589.82,1403.76,14.62,21.61,553.2,2388.08,9074.21,1.3,47.48,522.23,2388.09,8152.01,8.4474,0.03,394,2388,100.0,38.9,23.3014
81,132,-0.001,0.0001,100.0,518.67,642.78,1590.19,1404.54,14.62,21.61,553.09,2388.09,9068.92,1.3,47.36,521.93,2388.09,8145.89,8.4475,0.03,394,2388,100.0,38.7,23.3611
81,133,-0.0003,-0.0006,100.0,518.67,643.02,1583.42,1409.0,14.62,21.61,553.01,2388.1,9063.52,1.3,47.58,521.47,2388.08,8144.5,8.4309,0.03,392,2388,100.0,38.7,23.2336
81,134,0.0017,0.0001,100.0,518.67,642.62,1591.83,1403.54,14.62,21.61,553.57,2388.08,9064.21,1.3,47.63,521.63,2388.07,8145.12,8.4514,0.03,393,2388,100.0,39.01,23.2551
81,135,-0.0013,0.0001,100.0,518.67,642.8,1585.36,1404.94,14.62,21.61,552.56,2388.03,9073.16,1.3,47.65,521.21,2388.08,8143.71,8.4168,0.03,391,2388,100.0,38.96,23.3378
81,136,-0.0005,-0.0001,100.0,518.67,642.71,1590.8,1409.61,14.62,21.61,553.34,2388.11,9068.23,1.3,47.32,521.34,2388.06,8149.85,8.4241,0.03,394,2388,100.0,38.94,23.375
81,137,0.0,0.0001,100.0,518.67,642.36,1587.44,1406.43,14.62,21.61,553.89,2388.13,9070.23,1.3,47.55,521.4,2388.07,8155.14,8.4483,0.03,393,2388,100.0,38.94,23.3519
81,138,-0.0006,0.0002,100.0,518.67,642.66,1587.53,1398.81,14.62,21.61,552.94,2388.12,9075.65,1.3,47.37,521.85,2388.11,8145.52,8.4285,0.03,393,2388,100.0,38.86,23.2285
81,139,-0.0017,-0.0006,100.0,518.67,642.61,1584.07,1414.3,14.62,21.61,553.93,2388.12,9067.24,1.3,47.53,521.83,2388.1,8144.97,8.4557,0.03,393,2388,100.0,38.76,23.2667
81,140,-0.0022,-0.0,100.0,518.67,641.86,1589.4,1406.58,14.62,21.61,552.71,2388.11,9072.67,1.3,47.67,521.48,2388.07,8150.45,8.4485,0.03,393,2388,100.0,38.85,23.3519
81,141,-0.0002,-0.0006,100.0,518.67,642.32,1585.26,1416.6,14.62,21.61,553.57,2388.07,9078.62,1.3,47.58,521.59,2388.08,8149.03,8.4456,0.03,394,2388,100.0,38.92,23.318
81,142,0.0008,0.0003,100.0,518.67,642.16,1587.94,1400.83,14.62,21.61,553.56,2388.08,9074.79,1.3,47.62,521.64,2388.05,8149.42,8.4305,0.03,394,2388,100.0,38.88,23.2751
81,143,-0.0003,0.0004,100.0,518.67,642.62,1591.89,1400.25,14.62,21.61,554.12,2388.06,9069.17,1.3,47.51,522.12,2388.05,8150.15,8.4521,0.03,394,2388,100.0,38.84,23.2417
81,144,-0.003,-0.0,100.0,518.67,642.82,1589.72,1410.74,14.62,21.61,554.19,2388.14,9064.51,1.3,47.39,521.38,2388.1,8152.64,8.4505,0.03,395,2388,100.0,38.9,23.2791
81,145,0.0011,-0.0005,100.0,518.67,641.97,1588.17,1405.75,14.62,21.61,553.66,2388.15,9072.9,1.3,47.51,521.22,2388.09,8147.99,8.3879,0.03,394,2388,100.0,38.79,23.0624
81,146,-0.0005,-0.0002,100.0,518.67,642.55,1596.23,1411.45,14.62,21.61,553.59,2388.1,9071.06,1.3,47.45,521.86,2388.11,8144.96,8.4308,0.03,392,2388,100.0,38.92,23.2966
81,147,0.0014,-0.0005,100.0,518.67,642.72,1591.6,1418.97,14.62,21.61,553.21,2388.04,9062.38,1.3,47.57,521.65,2388.16,8147.61,8.4724,0.03,393,2388,100.0,38.95,23.3017
81,148,0.0034,-0.0004,100.0,518.67,642.82,1589.48,1412.04,14.62,21.61,552.64,2388.05,9077.78,1.3,47.48,521.31,2388.12,8150.31,8.4493,0.03,392,2388,100.0,38.78,23.328
81,149,0.0014,-0.0005,100.0,518.67,642.92,1591.39,1411.33,14.62,21.61,553.22,2388.12,9073.12,1.3,47.58,521.08,2388.09,8153.66,8.436,0.03,394,2388,100.0,38.99,23.2311
81,150,0.0037,0.0002,100.0,518.67,642.37,1597.32,1408.47,14.62,21.61,552.6,2388.1,9070.9,1.3,47.41,521.42,2388.07,8145.04,8.445,0.03,394,2388,100.0,38.71,23.3201
81,151,0.0007,-0.0004,100.0,518.67,642.91,1598.69,1407.37,14.62,21.61,552.79,2388.09,9079.93,1.3,47.46,521.57,2388.08,8147.36,8.4544,0.03,393,2388,100.0,38.94,23.3071
81,152,-0.0012,0.0001,100.0,518.67,642.1,1587.06,1408.07,14.62,21.61,553.19,2388.1,9072.47,1.3,47.43,520.86,2388.11,8147.79,8.4523,0.03,393,2388,100.0,38.74,23.3415
81,153,0.0005,0.0004,100.0,518.67,643.14,1590.11,1409.46,14.62,21.61,553.01,2388.1,9072.61,1.3,47.66,521.19,2388.1,8152.13,8.452,0.03,393,2388,100.0,38.74,23.1479
81,154,0.0016,0.0,100.0,518.67,642.87,1586.87,1409.91,14.62,21.61,552.29,2388.09,9063.25,1.3,47.55,521.24,2388.09,8143.74,8.4785,0.03,393,2388,100.0,38.81,23.2614
81,155,0.0026,-0.0001,100.0,518.67,642.52,1598.75,1412.12,14.62,21.61,553.52,2388.08,9067.32,1.3,47.52,521.47,2388.13,8144.59,8.4705,0.03,393,2388,100.0,38.9,23.2698
81,156,0.0014,0.0001,100.0,518.67,642.54,1596.93,1407.11,14.62,21.61,552.96,2388.07,9071.66,1.3,47.6,521.13,2388.13,8144.04,8.4534,0.03,396,2388,100.0,38.55,23.2967
81,157,0.0004,0.0003,100.0,518.67,642.67,1582.48,1414.33,14.62,21.61,553.01,2388.1,9069.36,1.3,47.79,521.41,2388.09,8156.84,8.4431,0.03,392,2388,100.0,38.8,23.2715
81,158,-0.0016,-0.0005,100.0,518.67,642.83,1588.07,1406.19,14.62,21.61,552.72,2388.1,9072.97,1.3,47.42,521.3,2388.07,8148.04,8.4555,0.03,393,2388,100.0,38.73,23.3178
81,159,0.0028,-0.0005,100.0,518.67,642.7,1589.92,1415.42,14.62,21.61,552.52,2388.06,9072.39,1.3,47.64,521.36,2388.08,8144.58,8.4196,0.03,394,2388,100.0,38.63,23.2191
81,160,-0.0032,0.0001,100.0,518.67,643.05,1584.31,1416.5,14.62,21.61,553.46,2388.03,9077.21,1.3,47.56,521.5,2388.14,8149.83,8.4271,0.03,392,2388,100.0,38.84,23.353
81,161,0.0004,-0.0001,100.0,518.67,642.82,1589.85,1410.17,14.62,21.61,552.58,2388.09,9073.99,1.3,47.53,521.22,2388.05,8150.53,8.4524,0.03,394,2388,100.0,38.79,23.3015
81,162,-0.0025,-0.0002,100.0,518.67,642.64,1595.54,1410.53,14.62,21.61,552.77,2388.05,9069.97,1.3,47.53,521.46,2388.13,8143.9,8.4432,0.03,394,2388,100.0,38.85,23.2428
81,163,0.0,0.0003,100.0,518.67,642.65,1595.61,1414.73,14.62,21.61,553.01,2388.09,9074.04,1.3,47.51,520.84,2388.07,8153.0,8.4406,0.03,393,2388,100.0,38.52,23.2033
81,164,0.0002,-0.0002,100.0,518.67,643.59,1589.69,1415.53,14.62,21.61,553.67,2388.11,9069.85,1.3,47.61,521.43,2388.12,8149.52,8.4576,0.03,394,2388,100.0,38.83,23.2402
81,165,0.0024,-0.0001,100.0,518.67,642.5,1591.56,1405.69,14.62,21.61,553.24,2388.14,9075.49,1.3,47.8,520.95,2388.09,8148.35,8.4323,0.03,394,2388,100.0,38.67,23.2746
81,166,-0.0008,-0.0002,100.0,518.67,642.78,1590.54,1414.46,14.62,21.61,552.93,2388.08,9075.65,1.3,47.64,521.14,2388.09,8147.76,8.4563,0.03,394,2388,100.0,38.87,23.2126
81,167,0.0016,0.0002,100.0,518.67,642.7,1597.71,1414.54,14.62,21.61,553.07,2388.16,9062.86,1.3,47.64,521.3,2388.09,8153.65,8.4632,0.03,395,2388,100.0,38.68,23.3785
81,168,0.0016,-0.0001,100.0,518.67,643.11,1597.91,1416.79,14.62,21.61,552.45,2388.13,9072.84,1.3,47.57,521.27,2388.08,8152.19,8.442,0.03,393,2388,100.0,38.62,23.2178
81,169,-0.0009,0.0004,100.0,518.67,643.04,1596.93,1412.65,14.62,21.61,552.77,2388.1,9068.51,1.3,47.75,520.58,2388.12,8147.37,8.479,0.03,394,2388,100.0,38.76,23.268
81,170,-0.0018,-0.0006,100.0,518.67,643.12,1600.22,1414.63,14.62,21.61,553.33,2388.1,9074.17,1.3,47.8,521.1,2388.19,8146.27,8.511,0.03,395,2388,100.0,38.48,23.2392
81,171,-0.0007,0.0003,100.0,518.67,642.96,1595.98,1413.74,14.62,21.61,553.09,2388.17,9075.41,1.3,47.61,520.82,2388.12,8150.7,8.4633,0.03,395,2388,100.0,38.65,23.2029
81,172,0.0007,-0.0002,100.0,518.67,643.09,1597.33,1421.6,14.62,21.61,552.91,2388.09,9071.21,1.3,47.74,521.22,2388.1,8146.08,8.4346,0.03,395,2388,100.0,38.68,23.3152
81,173,-0.0017,-0.0005,100.0,518.67,642.87,1589.62,1415.47,14.62,21.61,552.78,2388.13,9068.82,1.3,47.79,520.71,2388.12,8148.62,8.4768,0.03,394,2388,100.0,38.63,23.2418
81,174,0.0008,0.0003,100.0,518.67,643.04,1594.01,1407.66,14.62,21.61,553.22,2388.13,9079.78,1.3,47.76,521.06,2388.13,8147.98,8.4819,0.03,393,2388,100.0,38.71,23.1058
81,175,-0.0005,0.0001,100.0,518.67,643.39,1591.13,1421.41,14.62,21.61,552.78,2388.14,9076.6,1.3,47.63,521.13,2388.13,8150.45,8.4936,0.03,395,2388,100.0,38.8,23.2084
81,176,0.0026,0.0004,100.0,518.67,643.13,1587.87,1412.87,14.62,21.61,553.0,2388.07,9077.77,1.3,47.64,521.27,2388.1,8148.21,8.4956,0.03,394,2388,100.0,38.74,23.2992
81,177,0.0026,-0.0003,100.0,518.67,643.24,1583.26,1415.34,14.62,21.61,552.08,2388.16,9076.44,1.3,47.65,520.97,2388.12,8145.91,8.4272,0.03,395,2388,100.0,38.64,23.1924
81,178,-0.0002,-0.0004,100.0,518.67,642.76,1586.99,1412.82,14.62,21.61,552.31,2388.13,9071.86,1.3,47.65,520.91,2388.12,8154.75,8.4507,0.03,394,2388,100.0,38.66,23.2591
81,179,-0.0039,-0.0004,100.0,518.67,643.1,1591.99,1416.56,14.62,21.61,553.63,2388.07,9066.92,1.3,47.75,520.75,2388.17,8151.02,8.4781,0.03,394,2388,100.0,38.8,23.1777
81,180,0.002,-0.0002,100.0,518.67,642.93,1599.13,1412.16,14.62,21.61,553.03,2388.14,9072.11,1.3,47.86,521.32,2388.13,8146.49,8.4691,0.03,394,2388,100.0,38.62,23.2019
81,181,-0.0007,-0.0001,100.0,518.67,643.14,1593.54,1421.51,14.62,21.61,552.12,2388.1,9071.9,1.3,47.72,520.73,2388.11,8150.96,8.4509,0.03,395,2388,100.0,38.61,23.1667
81,182,0.0023,-0.0,100.0,518.67,642.85,1597.04,1412.56,14.62,21.61,552.42,2388.11,9069.79,1.3,47.77,521.08,2388.15,8148.92,8.4665,0.03,395,2388,100.0,38.71,23.2253
81,183,-0.0002,-0.0005,100.0,518.67,642.45,1590.38,1418.78,14.62,21.61,552.16,2388.19,9069.63,1.3,47.96,520.65,2388.16,8147.74,8.493,0.03,395,2388,100.0,38.6,23.1449
81,184,0.001,-0.0,100.0,518.67,643.38,1595.34,1414.68,14.62,21.61,552.04,2388.13,9071.88,1.3,47.92,520.46,2388.13,8142.68,8.4862,0.03,395,2388,100.0,38.82,23.1341
81,185,-0.0004,0.0002,100.0,518.67,643.1,1597.03,1414.46,14.62,21.61,551.95,2388.12,9071.3,1.3,47.9,520.26,2388.15,8144.27,8.4564,0.03,394,2388,100.0,38.61,23.1748
81,186,0.0004,0.0001,100.0,518.67,642.92,1602.07,1413.93,14.62,21.61,552.49,2388.13,9079.19,1.3,47.63,520.51,2388.11,8145.5,8.4477,0.03,394,2388,100.0,38.66,23.2433
81,187,0.0033,-0.0005,100.0,518.67,643.06,1590.9,1419.91,14.62,21.61,552.5,2388.1,9066.9,1.3,47.86,521.1,2388.11,8145.53,8.48,0.03,393,2388,100.0,38.61,23.2081
81,188,-0.0023,0.0002,100.0,518.67,643.34,1591.92,1414.62,14.62,21.61,551.83,2388.16,9069.87,1.3,47.8,521.04,2388.18,8150.23,8.4722,0.03,394,2388,100.0,38.68,23.1261
81,189,0.0002,-0.0004,100.0,518.67,642.66,1593.42,1418.91,14.62,21.61,552.02,2388.15,9078.17,1.3,47.65,520.22,2388.22,8149.32,8.5045,0.03,393,2388,100.0,38.7,23.2497
81,190,-0.0038,-0.0001,100.0,518.67,643.56,1597.33,1415.58,14.62,21.61,552.54,2388.15,9078.54,1.3,48.0,520.64,2388.14,8147.27,8.4845,0.03,395,2388,100.0,38.46,23.2339
81,191,-0.0006,-0.0003,100.0,518.67,643.25,1589.21,1418.35,14.62,21.61,552.48,2388.2,9081.53,1.3,47.84,520.38,2388.14,8145.23,8.4886,0.03,394,2388,100.0,38.67,23.2757
81,192,0.0004,-0.0006,100.0,518.67,643.07,1594.8,1421.78,14.62,21.61,552.44,2388.14,9076.73,1.3,47.87,520.51,2388.16,8148.0,8.4497,0.03,395,2388,100.0,38.55,23.1512
81,193,0.0006,-0.0004,100.0,518.67,643.63,1592.65,1420.73,14.62,21.61,553.28,2388.14,9077.66,1.3,47.93,520.36,2388.18,8150.49,8.4584,0.03,396,2388,100.0,38.6,23.2046
81,194,0.005,0.0002,100.0,518.67,643.25,1596.58,1422.33,14.62,21.61,551.93,2388.14,9073.06,1.3,47.9,520.57,2388.14,8152.88,8.4838,0.03,394,2388,100.0,38.73,23.0921
81,195,-0.0015,0.0002,100.0,518.67,643.47,1597.07,1422.75,14.62,21.61,552.52,2388.2,9071.93,1.3,47.9,520.34,2388.21,8150.41,8.4875,0.03,394,2388,100.0,38.58,23.2618
81,196,-0.001,0.0001,100.0,518.67,643.02,1593.4,1416.4,14.62,21.61,552.05,2388.18,9070.79,1.3,47.91,520.38,2388.18,8149.19,8.4829,0.03,395,2388,100.0,38.64,23.1379
81,197,-0.0028,-0.0,100.0,518.67,643.53,1606.04,1427.57,14.62,21.61,553.09,2388.21,9076.64,1.3,47.77,519.74,2388.17,8151.3,8.4846,0.03,395,2388,100.0,38.66,23.1704
81,198,-0.0005,-0.0001,100.0,518.67,644.3,1596.37,1411.14,14.62,21.61,552.24,2388.26,9074.15,1.3,47.83,520.58,2388.14,8148.21,8.4861,0.03,394,2388,100.0,38.65,23.1208
81,199,0.0036,-0.0,100.0,518.67,642.74,1598.69,1418.54,14.62,21.61,551.98,2388.16,9077.6,1.3,47.99,520.4,2388.15,8155.12,8.4919,0.03,395,2388,100.0,38.5,23.1704
81,200,0.0012,0.0002,100.0,518.67,643.17,1596.65,1415.11,14.62,21.61,551.79,2388.17,9077.11,1.3,47.97,520.5,2388.16,8149.76,8.4764,0.03,395,2388,100.0,38.67,23.1247
81,201,-0.0029,-0.0003,100.0,518.67,643.61,1601.84,1424.14,14.62,21.61,552.12,2388.19,9074.84,1.3,47.86,519.96,2388.16,8151.75,8.49,0.03,394,2388,100.0,38.68,23.1306
81,202,-0.0015,0.0,100.0,518.67,643.55,1605.03,1418.53,14.62,21.61,551.85,2388.16,9070.71,1.3,48.07,520.21,2388.24,8145.41,8.4745,0.03,394,2388,100.0,38.51,23.1779
81,203,0.0017,-0.0001,100.0,518.67,643.3,1599.33,1421.56,14.62,21.61,552.22,2388.24,9072.77,1.3,47.96,520.27,2388.18,8146.48,8.5015,0.03,395,2388,100.0,38.59,23.1117
81,204,-0.004,-0.0,100.0,518.67,643.81,1607.16,1419.73,14.62,21.61,552.19,2388.23,9078.49,1.3,47.97,520.61,2388.17,8154.94,8.444,0.03,396,2388,100.0,38.7,23.2421
81,205,0.0032,-0.0001,100.0,518.67,643.38,1597.63,1420.92,14.62,21.61,551.53,2388.14,9077.69,1.3,47.98,520.49,2388.19,8143.02,8.501,0.03,395,2388,100.0,38.44,23.0506
81,206,-0.0008,0.0002,100.0,518.67,643.45,1603.15,1421.71,14.62,21.61,551.96,2388.23,9080.89,1.3,47.8,519.68,2388.21,8154.93,8.5205,0.03,394,2388,100.0,38.52,23.1008
81,207,-0.0041,-0.0001,100.0,518.67,643.46,1606.62,1423.28,14.62,21.61,552.19,2388.14,9073.1,1.3,47.95,520.12,2388.21,8146.78,8.4964,0.03,395,2388,100.0,38.53,23.2108
81,208,0.0002,-0.0003,100.0,518.67,643.1,1596.42,1424.86,14.62,21.61,551.7,2388.19,9080.67,1.3,48.1,520.09,2388.18,8151.25,8.5127,0.03,395,2388,100.0,38.55,23.0621
81,209,0.0017,0.0004,100.0,518.67,643.69,1597.5,1423.64,14.62,21.61,551.26,2388.2,9078.98,1.3,48.04,519.72,2388.16,8151.18,8.4993,0.03,396,2388,100.0,38.58,23.1896
81,210,-0.0048,-0.0,100.0,518.67,643.16,1603.75,1428.95,14.62,21.61,551.01,2388.27,9082.3,1.3,47.9,520.24,2388.13,8154.07,8.5195,0.03,395,2388,100.0,38.51,23.0979
81,211,0.0017,-0.0003,100.0,518.67,643.48,1595.32,1427.12,14.62,21.61,551.19,2388.21,9076.24,1.3,48.13,519.58,2388.21,8146.29,8.5019,0.03,396,2388,100.0,38.33,23.1676
81,212,-0.001,0.0002,100.0,518.67,643.36,1600.1,1430.85,14.62,21.61,551.19,2388.2,9075.15,1.3,47.98,519.38,2388.24,8152.09,8.5137,0.03,396,2388,100.0,38.35,23.0435
81,213,-0.0027,0.0003,100.0,518.67,643.49,1598.35,1427.83,14.62,21.61,551.53,2388.2,9075.26,1.3,48.11,519.67,2388.22,8148.37,8.4987,0.03,397,2388,100.0,38.46,23.1537
83,1,0.0005,-0.0002,100.0,518.67,642.22,1592.15,1401.34,14.62,21.61,554.1,2388.06,9059.21,1.3,47.47,521.98,2388.05,8144.02,8.4082,0.03,393,2388,100.0,39.03,23.3783
83,2,0.003,0.0005,100.0,518.67,642.86,1584.16,1410.74,14.62,21.61,554.23,2388.04,9051.05,1.3,47.27,522.6,2388.06,8137.92,8.4304,0.03,392,2388,100.0,38.84,23.335
83,3,-0.0,0.0004,100.0,518.67,642.13,1581.27,1405.13,14.62,21.61,553.9,2388.06,9059.93,1.3,47.36,522.23,2388.06,8137.97,8.4274,0.03,390,2388,100.0,38.98,23.3488
83,4,-0.0006,-0.0002,100.0,518.67,642.49,1584.61,1402.46,14.62,21.61,553.74,2388.08,9062.01,1.3,47.36,522.56,2388.04,8140.9,8.4041,0.03,392,2388,100.0,38.99,23.3364
83,5,-0.0001,-0.0003,100.0,518.67,642.8,1582.4,1398.89,14.62,21.61,553.71,2388.09,9057.17,1.3,47.17,522.1,2388.06,8140.11,8.3979,0.03,390,2388,100.0,38.86,23.2396
83,6,0.0016,-0.0003,100.0,518.67,642.26,1589.77,1406.75,14.62,21.61,553.76,2388.05,9058.95,1.3,47.39,522.27,2388.02,8142.02,8.4025,0.03,394,2388,100.0,38.71,23.3617
83,7,-0.0045,-0.0003,100.0,518.67,642.3,1584.4,1402.76,14.62,21.61,553.94,2388.03,9058.86,1.3,47.32,522.3,2388.05,8142.03,8.4103,0.03,392,2388,100.0,38.85,23.2724
83,8,-0.002,0.0005,100.0,518.67,642.29,1588.84,1399.91,14.62,21.61,554.83,2388.04,9057.85,1.3,47.27,521.93,2388.06,8141.87,8.4449,0.03,391,2388,100.0,38.91,23.2756
83,9,-0.002,-0.0002,100.0,518.67,642.91,1588.93,1405.01,14.62,21.61,553.64,2388.09,9066.02,1.3,47.2,522.47,2388.04,8138.25,8.4056,0.03,391,2388,100.0,38.72,23.4303
83,10,0.004,-0.0,100.0,518.67,642.21,1585.53,1406.08,14.62,21.61,553.73,2388.01,9056.06,1.3,47.21,522.04,2388.08,8136.61,8.3996,0.03,392,2388,100.0,38.83,23.3789
83,11,-0.0021,0.0,100.0,518.67,642.17,1583.59,1407.52,14.62,21.61,554.15,2388.06,9057.51,1.3,47.38,522.17,2388.04,8137.71,8.383,0.03,393,2388,100.0,38.97,23.3489
83,12,0.005,0.0004,100.0,518.67,642.1,1590.81,1405.91,14.62,21.61,554.48,2388.07,9057.26,1.3,47.29,521.67,2388.05,8144.36,8.4062,0.03,392,2388,100.0,38.83,23.3098
83,13,-0.0016,-0.0001,100.0,518.67,641.98,1588.59,1404.42,14.62,21.61,553.95,2388.08,9051.17,1.3,47.42,522.26,2388.07,8139.95,8.4062,0.03,391,2388,100.0,38.94,23.3367
83,14,0.0018,0.0001,100.0,518.67,642.56,1592.42,1401.1,14.62,21.61,554.06,2388.03,9059.46,1.3,47.2,522.11,2388.0,8141.51,8.4295,0.03,393,2388,100.0,38.95,23.3687
83,15,-0.0029,-0.0003,100.0,518.67,642.49,1588.7,1394.03,14.62,21.61,553.99,2388.06,9051.83,1.3,47.23,522.3,2388.04,8142.92,8.4695,0.03,393,2388,100.0,38.92,23.5174
83,16,-0.0015,0.0005,100.0,518.67,642.15,1583.76,1405.37,14.62,21.61,554.23,2388.03,9057.35,1.3,47.37,521.85,2388.06,8138.34,8.4465,0.03,392,2388,100.0,38.91,23.3504
83,17,-0.0006,0.0,100.0,518.67,642.32,1584.24,1403.11,14.62,21.61,554.08,2388.02,9052.08,1.3,47.33,522.11,2387.97,8137.91,8.4195,0.03,392,2388,100.0,39.03,23.4483
83,18,0.0023,-0.0001,100.0,518.67,642.5,1582.33,1404.9,14.62,21.61,553.67,2388.06,9059.31,1.3,47.4,522.17,2388.1,8140.14,8.4183,0.03,392,2388,100.0,39.1,23.254
83,19,0.0025,0.0004,100.0,518.67,642.46,1584.4,1398.69,14.62,21.61,553.51,2388.05,9052.43,1.3,47.46,521.77,2388.07,8135.19,8.3683,0.03,391,2388,100.0,39.09,23.4022
83,20,-0.0022,-0.0003,100.0,518.67,642.42,1586.43,1404.3,14.62,21.61,553.88,2388.09,9054.87,1.3,47.47,521.84,2388.08,8138.63,8.424,0.03,392,2388,100.0,39.04,23.3589
83,21,0.0011,-0.0002,100.0,518.67,642.04,1584.59,1404.65,14.62,21.61,554.34,2388.07,9055.07,1.3,47.35,522.47,2388.01,8142.36,8.4081,0.03,393,2388,100.0,38.99,23.3464
83,22,0.0025,-0.0001,100.0,518.67,641.92,1590.34,1400.06,14.62,21.61,553.77,2388.07,9054.49,1.3,47.35,521.29,2388.07,8137.59,8.3982,0.03,391,2388,100.0,38.99,23.3593
83,23,-0.0028,0.0005,100.0,518.67,642.3,1584.07,1407.29,14.62,21.61,553.76,2388.08,9056.23,1.3,47.32,522.08,2388.09,8137.88,8.4261,0.03,393,2388,100.0,39.01,23.4355
83,24,-0.0006,0.0003,100.0,518.67,642.28,1594.88,1404.19,14.62,21.61,553.11,2388.06,9057.64,1.3,47.35,522.18,2388.05,8137.02,8.42,0.03,392,2388,100.0,39.05,23.4765
83,25,0.0004,0.0004,100.0,518.67,642.16,1589.42,1400.43,14.62,21.61,553.53,2388.0,9066.6,1.3,47.47,521.82,2388.06,8135.62,8.4122,0.03,392,2388,100.0,39.03,23.2516
83,26,-0.0005,0.0002,100.0,518.67,642.3,1585.42,1400.0,14.62,21.61,554.14,2388.08,9055.39,1.3,47.41,522.06,2388.04,8140.86,8.4232,0.03,393,2388,100.0,38.78,23.266
83,27,-0.0012,0.0006,100.0,518.67,641.81,1588.13,1397.16,14.62,21.61,554.05,2388.06,9057.47,1.3,47.11,522.41,2388.09,8138.11,8.3971,0.03,393,2388,100.0,38.94,23.4585
83,28,0.0033,0.0003,100.0,518.67,642.13,1586.4,1405.59,14.62,21.61,554.1,2388.09,9054.4,1.3,47.35,521.78,2388.0,8141.94,8.4202,0.03,392,2388,100.0,38.85,23.4171
83,29,0.0018,-0.0004,100.0,518.67,642.38,1587.25,1397.49,14.62,21.61,553.74,2388.09,9060.24,1.3,47.34,522.0,2388.05,8137.32,8.4137,0.03,391,2388,100.0,38.72,23.4526
83,30,-0.0012,0.0001,100.0,518.67,642.28,1580.21,1398.88,14.62,21.61,554.17,2388.06,9056.59,1.3,47.36,522.19,2388.05,8138.46,8.4039,0.03,393,2388,100.0,38.96,23.4349
83,31,-0.0004,-0.0001,100.0,518.67,642.07,1588.36,1403.09,14.62,21.61,553.77,2388.05,9056.17,1.3,47.41,521.75,2388.05,8142.31,8.4467,0.03,394,2388,100.0,38.89,23.3097
83,32,-0.0016,-0.0001,100.0,518.67,642.66,1584.88,1405.64,14.62,21.61,553.45,2388.03,9058.54,1.3,47.33,521.6,2388.05,8140.73,8.4113,0.03,393,2388,100.0,38.96,23.3383
83,33,0.0015,-0.0002,100.0,518.67,642.07,1591.04,1404.93,14.62,21.61,553.99,2388.06,9056.19,1.3,47.39,521.87,2388.04,8138.55,8.3937,0.03,394,2388,100.0,38.85,23.3515
83,34,0.0025,0.0005,100.0,518.67,642.42,1589.09,1407.13,14.62,21.61,554.16,2388.03,9060.29,1.3,47.24,522.35,2388.01,8137.43,8.4097,0.03,393,2388,100.0,38.93,23.3339
83,35,0.0042,0.0005,100.0,518.67,642.45,1578.08,1397.44,14.62,21.61,554.15,2388.06,9056.31,1.3,47.19,521.9,2388.08,8140.54,8.4098,0.03,391,2388,100.0,39.05,23.4718
83,36,-0.0001,0.0002,100.0,518.67,641.79,1592.69,1403.81,14.62,21.61,554.15,2388.03,9061.01,1.3,47.41,521.78,2388.09,8137.7,8.4255,0.03,392,2388,100.0,38.91,23.3602
83,37,0.0008,0.0003,100.0,518.67,641.91,1586.43,1404.87,14.62,21.61,553.46,2388.07,9057.0,1.3,47.48,521.93,2388.02,8140.37,8.4541,0.03,392,2388,100.0,39.01,23.4621
83,38,0.0006,0.0001,100.0,518.67,642.65,1591.4,1403.33,14.62,21.61,553.93,2388.09,9057.1,1.3,47.26,521.55,2388.01,8141.86,8.4367,0.03,391,2388,100.0,39.02,23.268
83,39,0.0021,0.0,100.0,518.67,642.65,1582.61,1404.21,14.62,21.61,553.89,2388.06,9054.25,1.3,47.21,521.76,2388.0,8140.03,8.3886,0.03,392,2388,100.0,38.9,23.3345
83,40,-0.003,-0.0004,100.0,518.67,642.47,1581.23,1403.48,14.62,21.61,554.69,2388.03,9051.69,1.3,47.41,522.12,2388.01,8138.23,8.3944,0.03,390,2388,100.0,38.89,23.3861
83,41,0.0018,-0.0001,100.0,518.67,642.39,1597.26,1397.12,14.62,21.61,553.6,2388.1,9059.92,1.3,47.23,521.93,2388.07,8143.76,8.416,0.03,391,2388,100.0,38.97,23.3216
83,42,0.001,-0.0001,100.0,518.67,642.45,1590.95,1393.4,14.62,21.61,553.61,2388.02,9052.71,1.3,47.3,521.97,2388.05,8134.62,8.4025,0.03,393,2388,100.0,38.92,23.3494
83,43,-0.0003,-0.0001,100.0,518.67,642.02,1586.2,1401.27,14.62,21.61,553.62,2387.98,9057.42,1.3,47.38,522.01,2388.02,8139.37,8.4374,0.03,393,2388,100.0,38.93,23.3772
83,44,0.0011,-0.0004,100.0,518.67,642.87,1588.67,1406.78,14.62,21.61,553.97,2388.05,9061.26,1.3,47.41,522.07,2388.09,8137.68,8.4136,0.03,393,2388,100.0,39.07,23.3526
83,45,-0.0013,0.0005,100.0,518.67,642.31,1588.99,1400.4,14.62,21.61,553.57,2388.06,9055.24,1.3,47.59,522.05,2388.1,8138.41,8.467,0.03,393,2388,100.0,38.94,23.3372
83,46,-0.0003,0.0006,100.0,518.67,642.69,1585.47,1407.1,14.62,21.61,553.69,2388.06,9062.5,1.3,47.55,521.61,2388.02,8135.13,8.4169,0.03,393,2388,100.0,38.76,23.3059
83,47,-0.0001,0.0004,100.0,518.67,642.39,1580.6,1401.23,14.62,21.61,553.75,2388.05,9062.79,1.3,47.47,521.9,2388.11,8138.77,8.4025,0.03,392,2388,100.0,38.96,23.3775
83,48,-0.0016,-0.0002,100.0,518.67,641.79,1585.7,1405.25,14.62,21.61,554.14,2388.08,9059.63,1.3,47.4,521.94,2388.08,8141.81,8.4272,0.03,391,2388,100.0,38.96,23.3393
83,49,0.0025,-0.0001,100.0,518.67,641.95,1586.28,1400.16,14.62,21.61,553.43,2388.1,9051.72,1.3,47.25,521.54,2388.09,8138.51,8.393,0.03,393,2388,100.0,39.07,23.3931
83,50,-0.0002,0.0005,100.0,518.67,642.59,1582.67,1402.72,14.62,21.61,553.67,2388.11,9065.91,1.3,47.53,522.16,2388.06,8137.51,8.437,0.03,394,2388,100.0,38.82,23.2744
83,51,-0.0048,-0.0003,100.0,518.67,642.28,1579.87,1401.71,14.62,21.61,553.34,2388.07,9056.72,1.3,47.43,521.93,2388.08,8138.45,8.4258,0.03,393,2388,100.0,38.81,23.3885
83,52,-0.0008,0.0003,100.0,518.67,642.65,1574.93,1408.47,14.62,21.61,554.36,2388.13,9058.73,1.3,47.12,522.14,2388.08,8137.3,8.4178,0.03,393,2388,100.0,38.73,23.444
83,53,-0.0009,-0.0002,100.0,518.67,642.64,1589.44,1404.86,14.62,21.61,554.12,2388.06,9056.41,1.3,47.29,521.36,2388.06,8144.47,8.4215,0.03,394,2388,100.0,38.96,23.3726
83,54,-0.001,-0.0004,100.0,518.67,642.11,1595.44,1397.87,14.62,21.61,554.62,2388.09,9066.32,1.3,47.45,521.76,2388.04,8139.29,8.4316,0.03,392,2388,100.0,38.94,23.3124
83,55,0.0015,0.0004,100.0,518.67,642.1,1584.21,1401.81,14.62,21.61,553.52,2388.02,9055.92,1.3,47.34,522.27,2388.0,8136.97,8.4098,0.03,391,2388,100.0,38.92,23.3544
83,56,0.0024,0.0005,100.0,518.67,642.67,1584.67,1405.67,14.62,21.61,554.05,2388.09,9062.96,1.3,47.34,521.32,2388.06,8144.32,8.4002,0.03,391,2388,100.0,38.87,23.3981
83,57,-0.0017,-0.0003,100.0,518.67,641.93,1589.8,1408.15,14.62,21.61,554.09,2388.1,9056.3,1.3,47.38,522.12,2388.08,8136.54,8.4139,0.03,392,2388,100.0,38.72,23.3534
83,58,0.0006,0.0003,100.0,518.67,642.59,1588.55,1405.65,14.62,21.61,553.44,2388.0,9059.01,1.3,47.16,521.69,2388.04,8141.99,8.386,0.03,391,2388,100.0,38.87,23.3999
83,59,-0.002,0.0004,100.0,518.67,642.42,1593.04,1404.71,14.62,21.61,553.78,2388.04,9056.18,1.3,47.34,521.7,2388.07,8138.37,8.4352,0.03,393,2388,100.0,38.94,23.3346
83,60,-0.0012,-0.0,100.0,518.67,642.39,1584.48,1406.89,14.62,21.61,553.51,2388.03,9055.95,1.3,47.31,522.25,2388.06,8135.85,8.4497,0.03,393,2388,100.0,38.94,23.3462
83,61,-0.0007,0.0003,100.0,518.67,642.1,1598.11,1410.24,14.62,21.61,553.73,2388.06,9059.24,1.3,47.2,521.97,2388.03,8133.92,8.4674,0.03,393,2388,100.0,38.94,23.249
83,62,-0.0019,0.0006,100.0,518.67,642.41,1593.65,1395.58,14.62,21.61,554.35,2388.04,9059.41,1.3,47.3,521.88,2388.07,8140.83,8.3873,0.03,394,2388,100.0,38.89,23.4386
83,63,0.0032,0.0005,100.0,518.67,642.06,1586.17,1405.5,14.62,21.61,553.78,2388.05,9064.48,1.3,47.28,521.89,2388.03,8132.95,8.4252,0.03,394,2388,100.0,38.91,23.4183
83,64,0.0015,-0.0003,100.0,518.67,642.91,1586.52,1403.91,14.62,21.61,554.13,2388.08,9055.0,1.3,47.37,521.82,2388.06,8139.08,8.4403,0.03,392,2388,100.0,38.96,23.3895
83,65,0.0006,0.0003,100.0,518.67,642.46,1588.48,1400.95,14.62,21.61,553.55,2388.06,9056.97,1.3,47.45,521.97,2388.07,8138.33,8.4197,0.03,392,2388,100.0,38.77,23.3754
83,66,-0.0049,0.0001,100.0,518.67,642.38,1586.94,1405.64,14.62,21.61,554.05,2388.06,9061.02,1.3,47.43,521.68,2388.06,8140.38,8.4206,0.03,391,2388,100.0,38.91,23.3059
83,67,-0.0029,-0.0004,100.0,518.67,642.03,1583.71,1410.4,14.62,21.61,553.92,2388.04,9056.63,1.3,47.45,521.42,2388.05,8136.1,8.4177,0.03,393,2388,100.0,38.99,23.3366
83,68,-0.0001,0.0004,100.0,518.67,642.49,1585.11,1402.93,14.62,21.61,553.79,2388.04,9050.87,1.3,47.34,522.45,2388.06,8144.11,8.4098,0.03,393,2388,100.0,38.83,23.303
83,69,-0.0007,-0.0003,100.0,518.67,642.51,1584.75,1406.99,14.62,21.61,554.5,2388.06,9060.06,1.3,47.47,521.69,2388.05,8143.57,8.3962,0.03,393,2388,100.0,39.2,23.2821
83,70,-0.0032,-0.0002,100.0,518.67,642.4,1585.18,1397.24,14.62,21.61,555.21,2388.03,9056.72,1.3,47.45,522.07,2388.07,8141.61,8.4364,0.03,393,2388,100.0,38.75,23.3897
83,71,0.0015,0.0002,100.0,518.67,642.38,1591.68,1403.28,14.62,21.61,553.62,2388.11,9053.24,1.3,47.34,521.79,2388.0,8141.18,8.4059,0.03,393,2388,100.0,38.88,23.4979
83,72,-0.0023,0.0001,100.0,518.67,642.83,1587.16,1398.07,14.62,21.61,554.59,2388.07,9065.4,1.3,47.47,522.08,2388.09,8137.19,8.4128,0.03,392,2388,100.0,38.91,23.3913
83,73,-0.0024,0.0002,100.0,518.67,642.81,1594.68,1406.9,14.62,21.61,553.87,2388.06,9058.7,1.3,47.2,521.67,2388.09,8141.38,8.4309,0.03,392,2388,100.0,38.74,23.3021
84,1,-0.0003,-0.0003,100.0,518.67,642.42,1585.46,1399.23,14.62,21.61,553.31,2388.11,9056.36,1.3,47.55,522.07,2388.02,8135.36,8.4445,0.03,392,2388,100.0,38.94,23.3887
84,2,0.0058,-0.0005,100.0,518.67,642.36,1580.43,1404.09,14.62,21.61,554.42,2388.08,9056.43,1.3,47.35,522.41,2388.09,8136.87,8.4203,0.03,391,2388,100.0,38.86,23.3332
84,3,-0.0006,-0.0002,100.0,518.67,642.43,1597.08,1398.13,14.62,21.61,553.47,2388.03,9057.21,1.3,47.51,521.36,2388.07,8135.76,8.4079,0.03,392,2388,100.0,38.85,23.3768
84,4,-0.0023,-0.0004,100.0,518.67,642.16,1586.96,1401.57,14.62,21.61,554.48,2388.05,9058.44,1.3,47.45,521.89,2388.1,8138.03,8.3995,0.03,392,2388,100.0,39.03,23.4083
84,5,0.0006,0.0001,100.0,518.67,642.27,1587.86,1404.71,14.62,21.61,553.61,2388.07,9057.68,1.3,47.32,521.99,2388.04,8133.72,8.4515,0.03,395,2388,100.0,39.07,23.4176
84,6,0.0002,-0.0002,100.0,518.67,642.38,1592.43,1404.36,14.62,21.61,553.86,2388.02,9056.84,1.3,47.43,521.61,2388.12,8133.98,8.3943,0.03,391,2388,100.0,38.7,23.3009
84,7,0.0012,-0.0,100.0,518.67,642.32,1579.45,1404.22,14.62,21.61,553.74,2388.06,9057.78,1.3,47.41,521.73,2388.09,8128.76,8.4381,0.03,392,2388,100.0,38.9,23.3352
84,8,0.0003,0.0001,100.0,518.67,642.72,1586.43,1402.5,14.62,21.61,553.73,2388.12,9056.61,1.3,47.48,521.09,2388.09,8135.74,8.4233,0.03,391,2388,100.0,38.84,23.4073
84,9,-0.0009,0.0002,100.0,518.67,642.91,1587.52,1411.07,14.62,21.61,554.12,2388.1,9058.22,1.3,47.57,521.91,2388.1,8137.77,8.4486,0.03,390,2388,100.0,38.82,23.2586
84,10,0.0004,0.0002,100.0,518.67,642.4,1591.92,1409.76,14.62,21.61,554.53,2388.08,9052.17,1.3,47.48,521.42,2388.05,8136.22,8.4494,0.03,393,2388,100.0,38.85,23.2225
84,11,0.0036,-0.0004,100.0,518.67,642.38,1589.84,1405.68,14.62,21.61,553.95,2388.08,9056.52,1.3,47.24,521.87,2388.05,8138.37,8.434,0.03,395,2388,100.0,38.79,23.4998
84,12,-0.0005,0.0003,100.0,518.67,642.27,1592.27,1405.81,14.62,21.61,554.71,2388.03,9054.45,1.3,47.36,521.24,2388.09,8136.16,8.4157,0.03,392,2388,100.0,38.93,23.3524
84,13,0.0014,-0.0005,100.0,518.67,642.39,1587.47,1406.47,14.62,21.61,552.89,2388.06,9052.09,1.3,47.36,522.39,2388.09,8137.57,8.4325,0.03,391,2388,100.0,38.81,23.3748
84,14,0.0038,0.0002,100.0,518.67,642.51,1584.41,1410.44,14.62,21.61,553.09,2388.07,9052.73,1.3,47.52,521.62,2388.08,8131.14,8.4443,0.03,391,2388,100.0,38.81,23.307
84,15,0.0021,0.0004,100.0,518.67,642.33,1583.34,1404.47,14.62,21.61,553.33,2388.07,9052.61,1.3,47.4,521.96,2388.07,8138.39,8.4054,0.03,392,2388,100.0,38.77,23.3257
84,16,-0.0018,0.0,100.0,518.67,642.79,1583.25,1405.03,14.62,21.61,554.04,2388.07,9056.64,1.3,47.44,521.94,2388.07,8137.76,8.4219,0.03,393,2388,100.0,38.99,23.3854
84,17,0.0022,-0.0005,100.0,518.67,642.67,1587.84,1405.18,14.62,21.61,554.2,2388.04,9054.92,1.3,47.47,522.31,2388.04,8139.27,8.4339,0.03,392,2388,100.0,39.02,23.403
84,18,-0.0035,-0.0001,100.0,518.67,642.39,1584.75,1401.56,14.62,21.61,554.2,2388.08,9063.95,1.3,47.39,522.07,2388.05,8136.19,8.4221,0.03,392,2388,100.0,38.9,23.3414
84,19,-0.0006,-0.0001,100.0,518.67,642.31,1589.06,1403.86,14.62,21.61,553.74,2388.04,9061.98,1.3,47.27,521.71,2388.01,8132.81,8.4227,0.03,391,2388,100.0,39.07,23.2638
84,20,-0.0027,-0.0002,100.0,518.67,642.25,1588.49,1398.08,14.62,21.61,553.64,2388.08,9056.32,1.3,47.34,522.04,2388.08,8139.91,8.4254,0.03,393,2388,100.0,38.95,23.2569
84,21,0.0009,-0.0005,100.0,518.67,641.9,1587.3,1405.5,14.62,21.61,554.53,2388.1,9056.65,1.3,47.35,521.87,2388.09,8137.12,8.4124,0.03,392,2388,100.0,38.74,23.2763
84,22,-0.0027,-0.0003,100.0,518.67,641.97,1593.95,1413.29,14.62,21.61,553.17,2388.07,9052.62,1.3,47.5,521.61,2388.1,8133.22,8.3911,0.03,394,2388,100.0,38.89,23.3523
84,23,0.0021,0.0003,100.0,518.67,642.29,1584.66,1406.78,14.62,21.61,553.46,2388.08,9051.78,1.3,47.26,521.69,2388.03,8131.64,8.4288,0.03,392,2388,100.0,38.86,23.3364
84,24,-0.0016,0.0001,100.0,518.67,642.4,1587.17,1406.37,14.62,21.61,554.03,2388.11,9053.22,1.3,47.19,521.88,2388.06,8137.82,8.4513,0.03,393,2388,100.0,38.8,23.332
84,25,0.0018,-0.0004,100.0,518.67,642.44,1587.27,1406.87,14.62,21.61,553.72,2388.07,9053.45,1.3,47.38,521.98,2388.1,8136.81,8.4073,0.03,392,2388,100.0,38.86,23.4116
84,26,0.0017,-0.0003,100.0,518.67,642.62,1588.21,1404.41,14.62,21.61,554.18,2388.09,9058.0,1.3,47.3,521.27,2388.06,8137.25,8.4165,0.03,394,2388,100.0,38.92,23.3026
84,27,0.0008,-0.0005,100.0,518.67,641.96,1589.11,1405.94,14.62,21.61,553.51,2388.07,9054.24,1.3,47.38,522.06,2388.11,8136.65,8.4714,0.03,392,2388,100.0,38.91,23.2997
84,28,-0.0017,-0.0004,100.0,518.67,642.39,1587.01,1401.91,14.62,21.61,553.66,2388.07,9055.44,1.3,47.58,521.74,2388.07,8134.26,8.4262,0.03,393,2388,100.0,39.0,23.3591
84,29,-0.0015,-0.0004,100.0,518.67,641.9,1591.3,1408.09,14.62,21.61,553.72,2388.07,9054.14,1.3,47.32,522.06,2388.08,8138.09,8.4251,0.03,393,2388,100.0,38.79,23.2964
84,30,0.0007,0.0005,100.0,518.67,641.99,1590.59,1395.27,14.62,21.61,553.86,2388.09,9059.51,1.3,47.45,521.57,2388.07,8139.21,8.4223,0.03,392,2388,100.0,38.9,23.3296
84,31,0.0011,0.0005,100.0,518.67,642.29,1586.28,1408.5,14.62,21.61,553.28,2388.08,9055.35,1.3,47.38,521.41,2388.12,8133.54,8.4251,0.03,393,2388,100.0,38.82,23.2967
84,32,0.0002,0.0001,100.0,518.67,642.53,1593.09,1400.56,14.62,21.61,553.9,2388.05,9053.97,1.3,47.59,520.69,2388.09,8132.46,8.4267,0.03,394,2388,100.0,39.0,23.304
84,33,-0.001,-0.0003,100.0,518.67,642.71,1586.94,1409.84,14.62,21.61,554.58,2388.06,9057.92,1.3,47.58,521.6,2388.07,8136.04,8.4383,0.03,393,2388,100.0,38.94,23.2655
84,34,-0.0005,0.0002,100.0,518.67,642.62,1585.48,1400.83,14.62,21.61,554.03,2388.06,9051.15,1.3,47.45,522.34,2388.04,8135.32,8.3839,0.03,393,2388,100.0,38.94,23.344
84,35,-0.0004,-0.0003,100.0,518.67,642.35,1586.41,1400.04,14.62,21.61,552.99,2388.08,9055.85,1.3,47.44,520.7,2388.06,8136.52,8.413,0.03,392,2388,100.0,38.9,23.3615
84,36,-0.0022,0.0003,100.0,518.67,642.34,1589.71,1404.87,14.62,21.61,554.11,2388.09,9056.21,1.3,47.49,521.84,2388.01,8135.1,8.3973,0.03,393,2388,100.0,38.97,23.3762
84,37,0.0031,0.0003,100.0,518.67,642.49,1587.46,1408.2,14.62,21.6,553.63,2388.04,9046.07,1.3,47.64,521.61,2388.09,8132.16,8.4288,0.03,392,2388,100.0,38.89,23.3433
84,38,0.0014,0.0003,100.0,518.67,642.11,1585.26,1402.67,14.62,21.61,553.77,2388.07,9055.21,1.3,47.43,522.16,2388.05,8137.95,8.4317,0.03,390,2388,100.0,38.67,23.37
84,39,-0.0007,0.0001,100.0,518.67,642.68,1590.22,1407.67,14.62,21.61,553.78,2388.1,9045.8,1.3,47.5,522.07,2388.12,8130.68,8.4165,0.03,393,2388,100.0,38.77,23.372
84,40,0.0023,-0.0002,100.0,518.67,642.57,1590.65,1403.86,14.62,21.61,553.31,2388.06,9058.63,1.3,47.64,521.94,2388.06,8138.38,8.4083,0.03,391,2388,100.0,38.82,23.2538
84,41,-0.0004,0.0003,100.0,518.67,642.84,1593.4,1409.86,14.62,21.61,553.81,2388.1,9053.49,1.3,47.34,521.58,2388.04,8135.94,8.4323,0.03,393,2388,100.0,38.99,23.3471
84,42,0.0004,-0.0001,100.0,518.67,642.44,1582.03,1394.26,14.62,21.61,553.54,2388.05,9053.17,1.3,47.32,522.04,2388.11,8138.74,8.4553,0.03,392,2388,100.0,39.06,23.3493
84,43,-0.0015,-0.0002,100.0,518.67,642.06,1588.27,1398.81,14.62,21.61,553.93,2388.1,9052.55,1.3,47.42,522.09,2388.09,8137.91,8.4283,0.03,392,2388,100.0,38.85,23.3409
84,44,0.0047,-0.0002,100.0,518.67,642.61,1582.76,1405.56,14.62,21.61,554.0,2388.1,9052.32,1.3,47.56,521.41,2388.07,8130.66,8.4424,0.03,393,2388,100.0,38.89,23.425
84,45,-0.0017,-0.0003,100.0,518.67,642.79,1588.12,1410.19,14.62,21.61,553.49,2388.05,9051.88,1.3,47.45,521.61,2388.04,8135.58,8.432,0.03,391,2388,100.0,38.9,23.291
84,46,0.002,-0.0005,100.0,518.67,642.8,1591.21,1405.21,14.62,21.61,553.24,2388.09,9049.54,1.3,47.58,522.05,2388.09,8135.12,8.4393,0.03,394,2388,100.0,38.75,23.2669
84,47,-0.0018,0.0003,100.0,518.67,642.28,1585.91,1398.61,14.62,21.61,553.64,2388.04,9054.0,1.3,47.48,521.48,2388.06,8129.26,8.4369,0.03,393,2388,100.0,38.91,23.2701
84,48,-0.001,-0.0001,100.0,518.67,642.76,1587.22,1398.49,14.62,21.61,554.55,2388.14,9056.26,1.3,47.27,521.48,2388.16,8136.93,8.4182,0.03,391,2388,100.0,38.83,23.3779
84,49,-0.0047,0.0001,100.0,518.67,642.29,1581.3,1395.69,14.62,21.61,553.82,2388.08,9061.6,1.3,47.42,521.64,2388.1,8133.7,8.4375,0.03,391,2388,100.0,38.86,23.3377
84,50,-0.0041,-0.0005,100.0,518.67,642.78,1593.15,1407.52,14.62,21.61,554.11,2388.08,9057.18,1.3,47.48,521.84,2388.05,8134.19,8.4377,0.03,394,2388,100.0,38.67,23.3098
84,51,-0.0045,0.0004,100.0,518.67,642.7,1591.88,1409.71,14.62,21.61,554.16,2388.1,9058.32,1.3,47.43,521.63,2388.12,8135.98,8.4215,0.03,393,2388,100.0,38.66,23.2726
84,52,-0.0017,0.0004,100.0,518.67,642.3,1592.99,1401.77,14.62,21.61,553.17,2388.05,9051.09,1.3,47.39,521.35,2388.05,8138.77,8.4216,0.03,393,2388,100.0,38.86,23.2785
84,53,0.0023,0.0001,100.0,518.67,642.31,1586.44,1403.28,14.62,21.61,553.6,2388.07,9052.1,1.3,47.33,522.01,2388.08,8137.71,8.4247,0.03,392,2388,100.0,38.89,23.3266
84,54,-0.0025,0.0003,100.0,518.67,642.66,1584.07,1400.65,14.62,21.61,553.59,2388.07,9057.05,1.3,47.46,521.51,2388.09,8134.69,8.4123,0.03,393,2388,100.0,38.83,23.3022
84,55,-0.0028,0.0004,100.0,518.67,642.49,1584.55,1405.09,14.62,21.61,552.98,2388.08,9061.25,1.3,47.3,522.14,2388.08,8137.34,8.4379,0.03,393,2388,100.0,38.89,23.4396
84,56,-0.0008,0.0003,100.0,518.67,642.05,1582.45,1404.77,14.62,21.61,553.4,2388.08,9060.75,1.3,47.57,521.69,2388.12,8136.1,8.449,0.03,392,2388,100.0,38.84,23.3891
84,57,-0.0006,-0.0005,100.0,518.67,642.5,1587.29,1404.51,14.62,21.61,553.82,2388.06,9053.58,1.3,47.59,521.41,2388.09,8133.88,8.4034,0.03,393,2388,100.0,38.82,23.243
84,58,-0.0028,-0.0001,100.0,518.67,641.84,1584.01,1400.08,14.62,21.61,553.36,2388.06,9049.39,1.3,47.64,521.22,2388.15,8135.47,8.3997,0.03,392,2388,100.0,38.99,23.2585
84,59,0.0044,-0.0005,100.0,518.67,642.71,1594.24,1408.11,14.62,21.61,553.04,2388.11,9053.48,1.3,47.45,521.32,2388.06,8135.7,8.4316,0.03,394,2388,100.0,38.91,23.2958
84,60,-0.0004,-0.0005,100.0,518.67,642.68,1589.4,1403.97,14.62,21.61,553.84,2388.1,9058.44,1.3,47.58,521.97,2388.1,8136.37,8.4282,0.03,393,2388,100.0,38.91,23.2954
84,61,-0.0003,0.0005,100.0,518.67,642.91,1582.48,1404.11,14.62,21.61,553.33,2388.06,9055.11,1.3,47.41,520.54,2388.07,8131.14,8.4496,0.03,392,2388,100.0,38.8,23.2656
84,62,-0.0018,0.0003,100.0,518.67,642.54,1585.87,1404.97,14.62,21.61,553.97,2388.14,9047.39,1.3,47.32,521.79,2388.02,8140.43,8.4109,0.03,391,2388,100.0,38.68,23.4083
84,63,0.0025,-0.0004,100.0,518.67,642.84,1582.96,1402.91,14.62,21.61,554.15,2388.05,9056.53,1.3,47.5,521.38,2388.08,8133.98,8.4534,0.03,393,2388,100.0,38.93,23.3437
84,64,0.001,-0.0004,100.0,518.67,642.45,1585.86,1402.84,14.62,21.61,554.28,2388.1,9061.25,1.3,47.26,521.51,2388.1,8131.67,8.3914,0.03,393,2388,100.0,38.79,23.3463
84,65,0.0,0.0002,100.0,518.67,642.37,1593.13,1402.66,14.62,21.61,553.88,2388.13,9057.5,1.3,47.48,521.72,2388.07,8136.26,8.4037,0.03,392,2388,100.0,38.86,23.3815
84,66,0.0001,-0.0005,100.0,518.67,642.71,1584.31,1409.23,14.62,21.61,553.59,2388.08,9052.21,1.3,47.55,521.6,2388.11,8135.57,8.4222,0.03,392,2388,100.0,38.93,23.2464
84,67,0.0028,0.0,100.0,518.67,642.22,1591.92,1407.91,14.62,21.61,552.69,2388.07,9048.11,1.3,47.41,521.32,2388.11,8135.98,8.3889,0.03,394,2388,100.0,38.98,23.4405
84,68,-0.0019,-0.0004,100.0,518.67,642.27,1585.15,1414.25,14.62,21.61,553.67,2388.09,9050.99,1.3,47.62,521.51,2388.1,8138.77,8.4382,0.03,392,2388,100.0,38.73,23.3689
84,69,-0.0042,0.0004,100.0,518.67,642.43,1592.53,1407.82,14.62,21.61,554.03,2388.07,9061.54,1.3,47.37,521.56,2388.06,8140.85,8.4231,0.03,393,2388,100.0,38.87,23.26
84,70,-0.0018,-0.0004,100.0,518.67,642.81,1589.11,1403.28,14.62,21.61,553.76,2388.09,9061.78,1.3,47.51,521.31,2388.06,8139.24,8.4109,0.03,394,2388,100.0,39.05,23.2689
84,71,-0.004,0.0004,100.0,518.67,643.15,1589.4,1406.11,14.62,21.61,553.62,2388.09,9051.45,1.3,47.45,521.65,2388.04,8134.0,8.3932,0.03,393,2388,100.0,38.84,23.3727
84,72,-0.0004,-0.0002,100.0,518.67,643.07,1585.27,1408.9,14.62,21.61,553.74,2388.08,9054.62,1.3,47.63,521.47,2388.07,8137.89,8.4218,0.03,391,2388,100.0,38.9,23.3654
84,73,-0.0019,0.0001,100.0,518.67,642.8,1580.31,1412.43,14.62,21.61,553.59,2388.1,9057.33,1.3,47.34,521.62,2388.05,8142.03,8.4559,0.03,391,2388,100.0,38.77,23.2634
84,74,0.0009,0.0004,100.0,518.67,642.16,1591.36,1400.0,14.62,21.61,553.17,2388.04,9054.02,1.3,47.29,521.71,2388.03,8136.99,8.3994,0.03,392,2388,100.0,38.87,23.3233
84,75,0.0003,0.0002,100.0,518.67,642.86,1589.14,1398.88,14.62,21.61,553.59,2388.05,9060.61,1.3,47.38,521.7,2388.11,8133.14,8.4216,0.03,393,2388,100.0,38.98,23.3509
84,76,-0.0041,-0.0004,100.0,518.67,642.77,1590.36,1404.5,14.62,21.61,553.55,2388.13,9049.68,1.3,47.47,521.32,2388.13,8132.6,8.4181,0.03,391,2388,100.0,38.85,23.4139
84,77,-0.0021,0.0002,100.0,518.67,642.47,1584.27,1405.69,14.62,21.61,554.05,2388.05,9059.25,1.3,47.33,522.05,2388.11,8135.12,8.4263,0.03,393,2388,100.0,38.95,23.3504
84,78,-0.0007,-0.0004,100.0,518.67,642.67,1582.87,1409.39,14.62,21.61,554.56,2388.07,9058.88,1.3,47.37,521.86,2388.03,8143.4,8.4272,0.03,394,2388,100.0,38.79,23.3221
84,79,0.0007,0.0003,100.0,518.67,642.58,1590.24,1408.34,14.62,21.61,553.25,2388.07,9044.96,1.3,47.42,521.17,2388.14,8138.39,8.4271,0.03,393,2388,100.0,38.93,23.3484
84,80,-0.0026,-0.0003,100.0,518.67,642.66,1587.69,1403.62,14.62,21.61,554.08,2388.1,9063.2,1.3,47.5,521.48,2388.07,8132.06,8.4389,0.03,392,2388,100.0,39.0,23.2939
84,81,0.0007,-0.0001,100.0,518.67,642.49,1587.46,1409.4,14.62,21.61,553.61,2388.12,9057.61,1.3,47.44,521.85,2388.08,8135.26,8.423,0.03,393,2388,100.0,38.87,23.2083
84,82,-0.0026,-0.0004,100.0,518.67,643.2,1593.95,1401.18,14.62,21.61,553.61,2388.03,9051.76,1.3,47.49,521.36,2388.12,8132.61,8.4125,0.03,392,2388,100.0,38.76,23.4174
84,83,0.0006,-0.0003,100.0,518.67,642.18,1588.4,1405.76,14.62,21.61,553.88,2388.12,9059.74,1.3,47.63,521.93,2388.1,8137.7,8.4516,0.03,392,2388,100.0,38.94,23.3931
84,84,-0.0003,-0.0002,100.0,518.67,642.19,1592.79,1401.8,14.62,21.61,553.25,2388.1,9054.91,1.3,47.44,522.13,2388.1,8138.26,8.4357,0.03,393,2388,100.0,38.88,23.2795
84,85,-0.0023,-0.0,100.0,518.67,642.55,1590.21,1401.95,14.62,21.61,553.78,2388.06,9056.42,1.3,47.35,522.17,2388.09,8133.43,8.4672,0.03,393,2388,100.0,38.88,23.2819
84,86,0.0027,0.0001,100.0,518.67,642.44,1585.19,1405.44,14.62,21.61,553.91,2388.06,9053.71,1.3,47.64,521.53,2388.11,8132.77,8.4289,0.03,392,2388,100.0,38.73,23.3007
84,87,-0.0065,-0.0003,100.0,518.67,642.29,1594.47,1404.72,14.62,21.61,553.5,2388.07,9052.69,1.3,47.68,521.01,2388.07,8135.32,8.4197,0.03,393,2388,100.0,38.98,23.295
84,88,0.002,0.0002,100.0,518.67,642.19,1588.4,1408.41,14.62,21.61,554.12,2388.05,9048.39,1.3,47.21,521.55,2388.08,8138.66,8.4149,0.03,393,2388,100.0,38.95,23.3886
84,89,-0.0046,-0.0004,100.0,518.67,642.48,1592.47,1405.88,14.62,21.61,553.46,2388.11,9062.49,1.3,47.52,521.3,2388.08,8134.79,8.4292,0.03,393,2388,100.0,38.73,23.2387
84,90,0.0007,-0.0001,100.0,518.67,642.8,1584.56,1400.15,14.62,21.61,553.7,2388.1,9055.84,1.3,47.65,521.77,2388.1,8135.49,8.4285,0.03,392,2388,100.0,38.86,23.2605
84,91,0.0022,0.0002,100.0,518.67,642.35,1592.03,1401.06,14.62,21.61,553.14,2388.1,9053.69,1.3,47.4,521.84,2388.08,8136.67,8.4278,0.03,394,2388,100.0,38.87,23.3011
84,92,-0.0013,-0.0001,100.0,518.67,643.03,1589.61,1409.12,14.62,21.61,553.59,2388.13,9055.34,1.3,47.36,521.34,2388.09,8130.36,8.4041,0.03,394,2388,100.0,38.78,23.3304
84,93,0.0037,0.0005,100.0,518.67,642.56,1594.58,1400.91,14.62,21.61,553.6,2388.12,9057.71,1.3,47.31,521.21,2388.12,8134.78,8.4435,0.03,392,2388,100.0,39.12,23.2147
84,94,-0.0007,-0.0004,100.0,518.67,642.39,1588.13,1403.18,14.62,21.61,553.37,2388.13,9057.44,1.3,47.51,521.23,2388.08,8141.07,8.4027,0.03,392,2388,100.0,38.88,23.2102
84,95,0.0004,-0.0002,100.0,518.67,642.68,1587.08,1407.86,14.62,21.61,553.36,2388.06,9054.69,1.3,47.37,521.9,2388.05,8137.13,8.4278,0.03,394,2388,100.0,38.8,23.1191
84,96,0.0015,-0.0004,100.0,518.67,642.62,1587.07,1417.07,14.62,21.61,553.6,2388.13,9059.57,1.3,47.41,521.43,2388.09,8138.08,8.4423,0.03,394,2388,100.0,38.84,23.3137
84,97,-0.003,-0.0001,100.0,518.67,642.51,1585.22,1409.02,14.62,21.61,553.5,2388.13,9052.88,1.3,47.48,521.5,2388.09,8135.65,8.4124,0.03,392,2388,100.0,39.01,23.406
84,98,-0.0006,0.0003,100.0,518.67,642.8,1587.08,1412.34,14.62,21.61,553.76,2388.1,9056.63,1.3,47.45,521.24,2388.09,8136.84,8.4622,0.03,393,2388,100.0,38.85,23.3347
84,99,-0.0018,0.0003,100.0,518.67,642.5,1589.45,1404.19,14.62,21.61,553.94,2388.12,9050.0,1.3,47.37,521.94,2388.12,8138.6,8.4367,0.03,394,2388,100.0,38.96,23.2757
84,100,0.0017,0.0003,100.0,518.67,642.87,1589.05,1410.48,14.62,21.61,553.7,2388.07,9059.42,1.3,47.72,521.25,2388.07,8136.05,8.4412,0.03,393,2388,100.0,38.92,23.3555
84,101,0.0021,-0.0,100.0,518.67,642.09,1594.8,1409.98,14.62,21.61,553.44,2388.05,9054.36,1.3,47.56,521.04,2388.09,8131.71,8.4505,0.03,391,2388,100.0,38.73,23.267
84,102,0.002,0.0003,100.0,518.67,642.69,1587.62,1406.97,14.62,21.61,552.9,2388.09,9057.03,1.3,47.4,521.9,2388.05,8132.54,8.3949,0.03,393,2388,100.0,38.84,23.2436
84,103,-0.0025,-0.0002,100.0,518.67,642.42,1593.49,1408.03,14.62,21.61,553.26,2388.08,9053.63,1.3,47.53,521.8,2388.09,8136.12,8.4336,0.03,392,2388,100.0,38.69,23.2432
84,104,-0.001,0.0002,100.0,518.67,642.65,1585.62,1400.0,14.62,21.61,553.84,2388.08,9055.78,1.3,47.63,521.89,2388.1,8136.22,8.4052,0.03,393,2388,100.0,38.76,23.3955
84,105,-0.0014,-0.0,100.0,518.67,642.47,1585.17,1398.07,14.62,21.61,553.48,2388.06,9057.17,1.3,47.56,521.95,2388.05,8137.31,8.4528,0.03,394,2388,100.0,38.63,23.3043
84,106,0.0002,0.0002,100.0,518.67,642.84,1592.18,1402.37,14.62,21.61,553.79,2388.11,9061.35,1.3,47.59,521.5,2388.05,8135.97,8.4167,0.03,393,2388,100.0,38.78,23.2944
84,107,-0.0046,0.0002,100.0,518.67,642.99,1593.09,1405.59,14.62,21.61,553.91,2388.07,9054.76,1.3,47.58,521.39,2388.13,8136.12,8.4487,0.03,392,2388,100.0,38.8,23.242
84,108,0.0014,-0.0004,100.0,518.67,642.56,1593.83,1407.96,14.62,21.61,553.13,2388.06,9057.94,1.3,47.52,521.71,2388.12,8137.33,8.4078,0.03,395,2388,100.0,38.69,23.3552
84,109,-0.0007,-0.0004,100.0,518.67,643.17,1595.94,1418.75,14.62,21.61,553.72,2388.12,9050.4,1.3,47.67,521.35,2388.17,8132.52,8.4535,0.03,394,2388,100.0,38.78,23.2988
84,110,-0.0017,-0.0,100.0,518.67,642.69,1582.67,1407.81,14.62,21.61,553.02,2388.11,9058.68,1.3,47.59,521.51,2388.08,8138.31,8.4484,0.03,392,2388,100.0,39.04,23.3179
84,111,0.0017,-0.0004,100.0,518.67,642.19,1595.77,1406.51,14.62,21.61,553.04,2388.12,9057.74,1.3,47.5,521.72,2388.12,8132.7,8.4493,0.03,393,2388,100.0,38.77,23.388
84,112,0.0023,-0.0004,100.0,518.67,642.49,1593.53,1410.29,14.62,21.61,553.56,2388.12,9050.87,1.3,47.33,521.57,2388.1,8139.19,8.4166,0.03,392,2388,100.0,38.78,23.3147
84,113,0.002,-0.0003,100.0,518.67,642.39,1588.89,1403.79,14.62,21.61,552.56,2388.11,9054.33,1.3,47.46,521.45,2388.11,8136.9,8.4386,0.03,391,2388,100.0,38.64,23.3681
84,114,0.0022,-0.0,100.0,518.67,642.81,1594.92,1411.36,14.62,21.61,553.97,2388.11,9051.54,1.3,47.52,521.63,2388.09,8134.37,8.4364,0.03,394,2388,100.0,38.8,23.437
84,115,-0.0012,0.0,100.0,518.67,642.81,1593.62,1402.66,14.62,21.61,553.35,2388.11,9053.53,1.3,47.36,521.3,2388.14,8130.39,8.4374,0.03,394,2388,100.0,38.77,23.3464
84,116,0.0035,0.0,100.0,518.67,642.47,1585.34,1408.22,14.62,21.61,553.85,2388.08,9054.05,1.3,47.58,521.37,2388.12,8136.1,8.4545,0.03,393,2388,100.0,38.74,23.3422
84,117,0.0011,-0.0003,100.0,518.67,642.63,1583.72,1405.87,14.62,21.61,554.05,2388.03,9050.86,1.3,47.42,521.85,2388.12,8133.81,8.4198,0.03,392,2388,100.0,38.8,23.2793
84,118,-0.0011,0.0003,100.0,518.67,642.63,1590.5,1407.59,14.62,21.61,554.08,2388.1,9051.58,1.3,47.65,521.42,2388.06,8135.83,8.4316,0.03,392,2388,100.0,38.81,23.3616
84,119,0.0024,-0.0004,100.0,518.67,642.56,1579.41,1408.96,14.62,21.61,553.16,2388.06,9046.8,1.3,47.41,521.34,2388.08,8138.58,8.4377,0.03,393,2388,100.0,38.8,23.3303
84,120,0.0006,-0.0001,100.0,518.67,642.5,1596.78,1405.99,14.62,21.61,553.15,2388.15,9056.96,1.3,47.63,521.84,2388.11,8135.91,8.4697,0.03,394,2388,100.0,38.69,23.2491
84,121,0.0005,0.0004,100.0,518.67,642.85,1585.17,1411.87,14.62,21.61,553.09,2388.09,9062.43,1.3,47.55,521.89,2388.07,8130.88,8.4339,0.03,392,2388,100.0,38.92,23.3344
84,122,0.0006,0.0002,100.0,518.67,642.9,1596.77,1403.14,14.62,21.61,553.59,2388.08,9049.42,1.3,47.61,521.46,2388.11,8131.33,8.4272,0.03,393,2388,100.0,38.74,23.285
84,123,-0.0026,0.0004,100.0,518.67,643.01,1584.28,1411.12,14.62,21.61,553.87,2388.07,9051.67,1.3,47.35,520.89,2388.15,8133.56,8.4353,0.03,393,2388,100.0,38.85,23.3109
84,124,-0.001,0.0004,100.0,518.67,642.13,1585.34,1411.69,14.62,21.61,553.54,2388.11,9057.41,1.3,47.55,521.29,2388.14,8135.99,8.461,0.03,394,2388,100.0,38.73,23.3619
84,125,0.0018,0.0001,100.0,518.67,642.14,1593.25,1407.6,14.62,21.61,553.22,2388.16,9056.59,1.3,47.57,521.65,2388.12,8133.73,8.4267,0.03,393,2388,100.0,39.07,23.2982
84,126,-0.003,0.0003,100.0,518.67,642.99,1590.37,1402.5,14.62,21.61,553.65,2388.11,9060.1,1.3,47.58,521.36,2388.11,8138.98,8.4416,0.03,393,2388,100.0,38.8,23.2673
84,127,-0.0018,0.0004,100.0,518.67,642.18,1588.74,1406.42,14.62,21.61,552.95,2388.15,9048.89,1.3,47.41,521.5,2388.1,8133.46,8.4446,0.03,391,2388,100.0,38.83,23.2833
84,128,0.0014,-0.0004,100.0,518.67,642.98,1583.3,1403.63,14.62,21.61,553.24,2388.11,9052.36,1.3,47.36,521.43,2388.18,8132.87,8.4668,0.03,394,2388,100.0,38.97,23.4382
84,129,-0.0027,-0.0,100.0,518.67,642.84,1587.92,1405.05,14.62,21.61,553.21,2388.14,9051.12,1.3,47.68,521.23,2388.17,8132.85,8.4492,0.03,393,2388,100.0,38.74,23.348
84,130,-0.0044,0.0001,100.0,518.67,643.41,1593.16,1412.57,14.62,21.61,553.16,2388.1,9057.83,1.3,47.71,521.08,2388.09,8129.0,8.4418,0.03,394,2388,100.0,39.01,23.3083
84,131,-0.0005,0.0002,100.0,518.67,642.08,1591.02,1410.09,14.62,21.61,553.1,2388.1,9052.49,1.3,47.4,521.39,2388.14,8138.39,8.4047,0.03,394,2388,100.0,38.72,23.2732
84,132,0.0032,0.0001,100.0,518.67,642.48,1594.23,1411.19,14.62,21.61,554.34,2388.17,9051.35,1.3,47.53,521.46,2388.11,8133.89,8.4705,0.03,393,2388,100.0,38.62,23.2535
84,133,0.0008,-0.0003,100.0,518.67,642.64,1587.9,1406.36,14.62,21.61,553.6,2388.08,9058.37,1.3,47.72,521.06,2388.12,8131.13,8.4584,0.03,393,2388,100.0,38.79,23.2772
84,134,0.0022,-0.0004,100.0,518.67,642.85,1590.19,1403.78,14.62,21.61,553.82,2388.08,9052.57,1.3,47.64,521.46,2388.11,8134.84,8.4337,0.03,394,2388,100.0,38.91,23.2282
84,135,-0.0006,0.0001,100.0,518.67,642.63,1589.98,1407.72,14.62,21.61,553.42,2388.13,9051.49,1.3,47.58,521.47,2388.12,8135.55,8.4404,0.03,394,2388,100.0,38.8,23.2521
84,136,-0.0013,0.0,100.0,518.67,642.57,1588.64,1414.12,14.62,21.61,553.63,2388.1,9051.76,1.3,47.61,521.05,2388.08,8133.9,8.4301,0.03,393,2388,100.0,38.84,23.2917
84,137,-0.0017,0.0005,100.0,518.67,642.91,1589.13,1407.41,14.62,21.61,552.79,2388.16,9057.0,1.3,47.73,521.46,2388.15,8136.29,8.4517,0.03,393,2388,100.0,38.82,23.3214
84,138,-0.002,-0.0004,100.0,518.67,642.32,1586.22,1413.92,14.62,21.61,553.32,2388.11,9053.37,1.3,47.53,521.4,2388.1,8139.4,8.4328,0.03,393,2388,100.0,38.77,23.1917
84,139,0.0012,0.0001,100.0,518.67,642.48,1589.45,1407.21,14.62,21.61,553.18,2388.19,9058.67,1.3,47.62,521.15,2388.15,8137.74,8.4485,0.03,392,2388,100.0,38.85,23.2721
84,140,0.0011,0.0004,100.0,518.67,642.93,1588.74,1409.62,14.62,21.61,552.95,2388.09,9053.29,1.3,47.65,521.79,2388.15,8133.39,8.4377,0.03,394,2388,100.0,38.74,23.2472
84,141,0.0008,0.0004,100.0,518.67,642.9,1598.35,1404.35,14.62,21.61,553.27,2388.1,9051.91,1.3,47.52,521.45,2388.15,8134.27,8.4497,0.03,393,2388,100.0,38.86,23.2252
84,142,0.001,0.0003,100.0,518.67,642.65,1594.19,1414.69,14.62,21.61,553.48,2388.08,9059.45,1.3,47.47,521.2,2388.11,8135.07,8.4531,0.03,394,2388,100.0,38.83,23.2893
84,143,-0.0052,0.0004,100.0,518.67,642.89,1593.42,1408.67,14.62,21.61,553.16,2388.11,9052.19,1.3,47.62,520.49,2388.11,8133.69,8.4888,0.03,394,2388,100.0,38.86,23.2661
84,144,0.0019,-0.0002,100.0,518.67,643.08,1593.53,1411.24,14.62,21.61,553.56,2388.12,9048.92,1.3,47.53,520.93,2388.14,8134.52,8.4594,0.03,394,2388,100.0,38.8,23.2928
84,145,-0.0013,0.0,100.0,518.67,642.7,1594.59,1408.04,14.62,21.61,553.16,2388.12,9057.75,1.3,47.49,521.22,2388.14,8133.12,8.4579,0.03,393,2388,100.0,38.69,23.2249
84,146,-0.0001,0.0004,100.0,518.67,642.32,1587.92,1416.94,14.62,21.61,552.96,2388.15,9061.1,1.3,47.43,521.14,2388.1,8128.86,8.388,0.03,393,2388,100.0,38.83,23.3666
84,147,-0.0032,-0.0003,100.0,518.67,643.32,1584.69,1413.64,14.62,21.61,553.76,2388.13,9061.48,1.3,47.74,521.55,2388.18,8130.6,8.4172,0.03,393,2388,100.0,38.64,23.3407
84,148,-0.0018,0.0002,100.0,518.67,643.43,1594.61,1420.14,14.62,21.61,553.49,2388.11,9045.1,1.3,47.65,521.57,2388.11,8137.54,8.4885,0.03,395,2388,100.0,38.73,23.2175
84,149,0.0006,-0.0004,100.0,518.67,642.99,1602.44,1413.45,14.62,21.61,553.41,2388.15,9060.15,1.3,47.67,521.18,2388.17,8128.32,8.4844,0.03,396,2388,100.0,38.82,23.1969
84,150,-0.0008,-0.0004,100.0,518.67,642.34,1591.83,1415.19,14.62,21.61,553.02,2388.11,9052.63,1.3,47.63,520.91,2388.06,8137.65,8.4346,0.03,394,2388,100.0,38.81,23.2477
84,151,-0.0005,0.0002,100.0,518.67,642.55,1590.95,1417.92,14.62,21.61,553.55,2388.09,9049.87,1.3,47.61,521.39,2388.16,8138.5,8.4313,0.03,394,2388,100.0,38.92,23.1738
84,152,-0.0022,-0.0003,100.0,518.67,643.01,1586.85,1408.82,14.62,21.61,552.8,2388.14,9049.95,1.3,47.84,521.19,2388.16,8129.26,8.4564,0.03,394,2388,100.0,38.75,23.3537
84,153,-0.0009,-0.0001,100.0,518.67,642.64,1590.84,1412.29,14.62,21.61,552.4,2388.14,9055.15,1.3,47.65,521.11,2388.13,8129.77,8.4428,0.03,394,2388,100.0,38.79,23.2636
84,154,0.0021,0.0002,100.0,518.67,642.98,1594.99,1410.77,14.62,21.61,553.61,2388.12,9056.78,1.3,47.61,521.13,2388.17,8126.63,8.4431,0.03,394,2388,100.0,38.66,23.2595
84,155,0.0009,-0.0003,100.0,518.67,642.56,1593.58,1406.31,14.62,21.61,553.13,2388.11,9051.37,1.3,47.8,520.96,2388.13,8138.77,8.463,0.03,394,2388,100.0,38.73,23.1976
84,156,0.0018,0.0004,100.0,518.67,643.08,1597.31,1408.84,14.62,21.61,553.13,2388.12,9052.31,1.3,47.45,522.12,2388.16,8130.96,8.4496,0.03,393,2388,100.0,38.65,23.2318
84,157,0.0037,-0.0003,100.0,518.67,642.85,1581.98,1407.22,14.62,21.61,552.71,2388.15,9060.58,1.3,47.71,521.75,2388.14,8129.17,8.45,0.03,395,2388,100.0,38.79,23.2925
84,158,-0.0009,-0.0003,100.0,518.67,642.8,1594.06,1406.58,14.62,21.61,552.31,2388.13,9050.65,1.3,47.54,521.14,2388.16,8131.1,8.4447,0.03,393,2388,100.0,38.72,23.2324
84,159,0.0007,0.0001,100.0,518.67,642.81,1591.06,1408.42,14.62,21.61,552.8,2388.12,9053.98,1.3,47.68,520.84,2388.11,8136.79,8.5001,0.03,394,2388,100.0,38.82,23.3177
84,160,-0.0005,-0.0003,100.0,518.67,642.88,1594.3,1412.93,14.62,21.61,552.82,2388.08,9054.07,1.3,47.7,520.63,2388.07,8133.05,8.4558,0.03,392,2388,100.0,38.73,23.2703
84,161,0.0059,-0.0002,100.0,518.67,643.08,1595.9,1414.32,14.62,21.61,552.89,2388.16,9051.08,1.3,47.66,521.54,2388.09,8133.87,8.4571,0.03,394,2388,100.0,38.83,23.2672
84,162,0.0033,0.0002,100.0,518.67,642.56,1597.13,1412.68,14.62,21.61,553.36,2388.16,9056.48,1.3,47.76,520.78,2388.17,8128.01,8.4895,0.03,394,2388,100.0,38.66,23.3313
84,163,0.0039,-0.0003,100.0,518.67,642.76,1590.42,1416.16,14.62,21.61,552.69,2388.19,9047.85,1.3,47.77,521.0,2388.17,8132.35,8.462,0.03,393,2388,100.0,38.7,23.2551
84,164,-0.0035,-0.0004,100.0,518.67,642.93,1586.14,1415.01,14.62,21.61,552.95,2388.17,9045.49,1.3,47.73,521.04,2388.11,8125.78,8.4463,0.03,394,2388,100.0,38.88,23.2147
84,165,-0.0005,0.0001,100.0,518.67,642.57,1584.34,1415.66,14.62,21.61,553.0,2388.15,9049.45,1.3,47.64,521.54,2388.13,8134.95,8.4478,0.03,394,2388,100.0,38.64,23.1879
84,166,-0.0002,-0.0003,100.0,518.67,642.97,1586.72,1412.09,14.62,21.61,552.79,2388.17,9050.75,1.3,47.63,521.03,2388.18,8129.86,8.4982,0.03,393,2388,100.0,38.71,23.19
84,167,-0.0005,0.0002,100.0,518.67,643.07,1588.75,1410.29,14.62,21.61,553.35,2388.16,9050.39,1.3,47.7,521.01,2388.09,8130.63,8.4673,0.03,394,2388,100.0,38.63,23.2047
84,168,-0.0058,0.0004,100.0,518.67,642.13,1600.0,1412.47,14.62,21.61,553.05,2388.14,9044.74,1.3,47.74,520.81,2388.08,8130.12,8.4839,0.03,394,2388,100.0,38.74,23.1645
84,169,0.0003,-0.0004,100.0,518.67,642.77,1590.95,1415.84,14.62,21.61,552.29,2388.17,9046.54,1.3,47.67,520.75,2388.13,8136.25,8.4453,0.03,394,2388,100.0,38.87,23.1782
84,170,-0.0017,-0.0005,100.0,518.67,642.83,1590.9,1408.25,14.62,21.61,552.89,2388.12,9050.84,1.3,47.61,521.2,2388.16,8129.04,8.4124,0.03,395,2388,100.0,38.73,23.2948
84,171,-0.002,-0.0003,100.0,518.67,642.66,1593.95,1406.93,14.62,21.61,551.92,2388.16,9048.98,1.3,47.67,520.72,2388.22,8129.32,8.4615,0.03,392,2388,100.0,38.74,23.2343
84,172,0.0015,0.0001,100.0,518.67,643.39,1588.7,1412.73,14.62,21.61,552.47,2388.16,9050.57,1.3,47.6,520.88,2388.22,8130.61,8.4791,0.03,395,2388,100.0,38.62,23.2039
85,1,0.0027,0.0001,100.0,518.67,642.3,1586.71,1406.68,14.62,21.61,553.89,2388.09,9048.61,1.3,47.55,521.98,2388.15,8127.39,8.3988,0.03,394,2388,100.0,39.1,23.3162
85,2,-0.0032,0.0004,100.0,518.67,643.1,1597.43,1412.84,14.62,21.61,553.72,2388.08,9049.93,1.3,47.48,521.45,2388.14,8129.36,8.4007,0.03,393,2388,100.0,38.9,23.3456
85,3,-0.001,-0.0002,100.0,518.67,642.62,1583.85,1403.72,14.62,21.61,553.77,2388.12,9053.87,1.3,47.36,521.34,2388.08,8130.32,8.439,0.03,392,2388,100.0,38.86,23.2688
85,4,0.0018,-0.0001,100.0,518.67,643.25,1591.73,1408.45,14.62,21.61,554.34,2388.1,9049.85,1.3,47.32,521.64,2388.14,8133.18,8.4132,0.03,393,2388,100.0,38.79,23.3258
85,5,-0.0017,0.0001,100.0,518.67,643.03,1591.0,1406.63,14.62,21.61,552.88,2388.17,9049.3,1.3,47.48,521.37,2388.12,8127.49,8.4572,0.03,394,2388,100.0,38.83,23.3684
85,6,0.0039,-0.0001,100.0,518.67,642.78,1593.23,1402.29,14.62,21.61,553.32,2388.12,9050.45,1.3,47.58,521.12,2388.11,8129.41,8.4043,0.03,394,2388,100.0,38.39,23.267
85,7,-0.0033,0.0001,100.0,518.67,643.03,1592.7,1405.93,14.62,21.61,552.5,2388.12,9049.24,1.3,47.46,521.39,2388.11,8132.79,8.4347,0.03,394,2388,100.0,38.73,23.1863
85,8,0.0004,-0.0003,100.0,518.67,642.11,1581.01,1404.5,14.62,21.61,553.76,2388.16,9048.34,1.3,47.5,521.45,2388.14,8125.92,8.4605,0.03,392,2388,100.0,38.97,23.3186
85,9,-0.002,0.0003,100.0,518.67,642.35,1586.8,1407.72,14.62,21.61,553.04,2388.15,9047.09,1.3,47.49,521.76,2388.13,8134.25,8.4491,0.03,394,2388,100.0,38.89,23.3281
85,10,0.0027,0.0004,100.0,518.67,642.74,1591.87,1410.55,14.62,21.61,553.4,2388.15,9047.08,1.3,47.29,521.86,2388.1,8131.0,8.4429,0.03,393,2388,100.0,38.85,23.3562
85,11,0.001,-0.0,100.0,518.67,642.26,1586.24,1403.1,14.62,21.61,552.83,2388.11,9047.77,1.3,47.61,521.14,2388.11,8127.7,8.397,0.03,394,2388,100.0,38.85,23.331
85,12,-0.002,-0.0001,100.0,518.67,642.73,1587.2,1410.15,14.62,21.61,553.06,2388.1,9050.43,1.3,47.41,521.21,2388.12,8129.03,8.4362,0.03,393,2388,100.0,38.71,23.2079
85,13,-0.0014,-0.0003,100.0,518.67,642.22,1588.76,1408.78,14.62,21.61,553.01,2388.12,9050.86,1.3,47.49,521.89,2388.11,8129.8,8.4234,0.03,394,2388,100.0,38.92,23.253
85,14,0.0012,-0.0003,100.0,518.67,642.45,1583.89,1406.32,14.62,21.61,553.62,2388.09,9051.08,1.3,47.4,521.73,2388.08,8127.49,8.4219,0.03,394,2388,100.0,38.88,23.3231
85,15,-0.0011,-0.0001,100.0,518.67,642.35,1588.88,1409.76,14.62,21.61,553.06,2388.1,9048.61,1.3,47.53,520.77,2388.09,8131.57,8.4711,0.03,394,2388,100.0,38.86,23.2904
85,16,-0.0006,-0.0004,100.0,518.67,642.74,1591.93,1401.29,14.62,21.61,553.23,2388.1,9047.69,1.3,47.42,521.39,2388.12,8120.53,8.4183,0.03,393,2388,100.0,38.91,23.2892
85,17,-0.0038,0.0,100.0,518.67,642.33,1590.09,1412.86,14.62,21.61,553.17,2388.08,9046.7,1.3,47.6,520.99,2388.13,8129.59,8.4403,0.03,393,2388,100.0,38.75,23.3321
85,18,0.0003,-0.0,100.0,518.67,642.37,1586.07,1413.63,14.62,21.61,552.98,2388.09,9052.76,1.3,47.44,521.19,2388.13,8130.1,8.4241,0.03,393,2388,100.0,38.86,23.466
85,19,0.0052,0.0004,100.0,518.67,642.96,1590.99,1407.51,14.62,21.61,553.91,2388.13,9053.65,1.3,47.48,521.46,2388.15,8133.47,8.4046,0.03,392,2388,100.0,38.63,23.3042
85,20,0.0042,-0.0003,100.0,518.67,642.93,1584.17,1411.71,14.62,21.61,553.78,2388.14,9049.19,1.3,47.46,521.24,2388.13,8124.93,8.4423,0.03,393,2388,100.0,38.79,23.3781
85,21,0.002,-0.0003,100.0,518.67,642.9,1587.29,1406.46,14.62,21.61,553.69,2388.07,9054.94,1.3,47.62,521.61,2388.06,8133.37,8.4488,0.03,394,2388,100.0,38.88,23.2379
85,22,-0.0004,0.0003,100.0,518.67,642.49,1591.27,1401.8,14.62,21.61,553.49,2388.14,9044.01,1.3,47.36,521.2,2388.17,8126.03,8.4155,0.03,393,2388,100.0,38.96,23.33
85,23,0.0002,0.0,100.0,518.67,642.43,1586.35,1402.71,14.62,21.61,553.75,2388.12,9050.28,1.3,47.57,521.77,2388.11,8128.57,8.3994,0.03,392,2388,100.0,38.79,23.3018
85,24,-0.0001,0.0004,100.0,518.67,642.26,1587.07,1407.72,14.62,21.61,553.37,2388.12,9047.08,1.3,47.5,521.64,2388.21,8130.01,8.4226,0.03,392,2388,100.0,38.72,23.3375
85,25,0.0026,-0.0002,100.0,518.67,642.75,1588.7,1406.07,14.62,21.61,553.45,2388.12,9050.63,1.3,47.38,521.34,2388.1,8129.53,8.4195,0.03,395,2388,100.0,38.83,23.3185
85,26,0.0004,-0.0003,100.0,518.67,642.28,1589.28,1405.72,14.62,21.61,552.62,2388.15,9043.28,1.3,47.3,521.52,2388.12,8129.21,8.3818,0.03,393,2388,100.0,38.97,23.2939
85,27,-0.0015,0.0002,100.0,518.67,642.37,1587.48,1413.51,14.62,21.61,553.04,2388.09,9049.34,1.3,47.4,520.79,2388.07,8128.05,8.4324,0.03,393,2388,100.0,38.92,23.3262
85,28,0.0022,0.0001,100.0,518.67,642.66,1595.28,1413.22,14.62,21.61,553.17,2388.11,9057.25,1.3,47.43,521.64,2388.11,8134.62,8.4345,0.03,393,2388,100.0,38.81,23.2117
85,29,-0.0059,0.0001,100.0,518.67,642.66,1592.58,1410.35,14.62,21.61,553.73,2388.11,9055.75,1.3,47.5,522.01,2388.1,8128.14,8.4188,0.03,393,2388,100.0,39.14,23.3285
85,30,0.0003,-0.0002,100.0,518.67,642.35,1589.63,1410.54,14.62,21.61,553.03,2388.09,9047.96,1.3,47.49,521.99,2388.15,8132.3,8.4355,0.03,393,2388,100.0,38.71,23.3132
85,31,0.0001,0.0002,100.0,518.67,643.04,1587.07,1398.22,14.62,21.61,553.31,2388.07,9051.82,1.3,47.45,521.54,2388.1,8129.64,8.4174,0.03,394,2388,100.0,38.9,23.1619
85,32,0.0014,-0.0004,100.0,518.67,642.99,1597.09,1401.76,14.62,21.61,552.89,2388.09,9051.3,1.3,47.46,521.1,2388.09,8130.73,8.4172,0.03,391,2388,100.0,38.9,23.2145
85,33,0.0,-0.0005,100.0,518.67,642.75,1588.33,1405.64,14.62,21.61,553.18,2388.13,9049.96,1.3,47.45,521.4,2388.14,8129.68,8.4336,0.03,393,2388,100.0,38.93,23.1918
85,34,0.0014,-0.0005,100.0,518.67,642.58,1582.94,1413.22,14.62,21.61,553.55,2388.07,9045.23,1.3,47.73,521.43,2388.09,8126.6,8.4228,0.03,393,2388,100.0,38.84,23.3107
86,1,-0.002,-0.0002,100.0,518.67,642.4,1585.93,1400.6,14.62,21.61,554.17,2388.02,9054.63,1.3,47.24,522.06,2388.07,8145.52,8.4242,0.03,392,2388,100.0,38.79,23.4524
86,2,0.0014,-0.0,100.0,518.67,642.15,1589.92,1406.49,14.62,21.61,554.18,2388.06,9057.98,1.3,47.61,521.81,2388.04,8136.47,8.4185,0.03,393,2388,100.0,38.81,23.287
86,3,-0.0008,-0.0002,100.0,518.67,642.7,1581.82,1400.09,14.62,21.61,553.21,2388.11,9064.22,1.3,47.43,521.33,2388.02,8139.54,8.454,0.03,394,2388,100.0,38.85,23.3347
86,4,0.0024,-0.0002,100.0,518.67,642.54,1584.53,1401.37,14.62,21.61,553.86,2388.05,9058.48,1.3,47.43,522.13,2388.04,8132.98,8.4202,0.03,392,2388,100.0,38.93,23.3246
86,5,0.0001,0.0001,100.0,518.67,642.57,1590.3,1400.8,14.62,21.61,553.66,2388.08,9053.23,1.3,47.42,520.9,2388.07,8135.95,8.4447,0.03,392,2388,100.0,38.88,23.3045
86,6,-0.0018,-0.0003,100.0,518.67,642.52,1589.59,1406.4,14.62,21.61,552.98,2388.1,9053.2,1.3,47.55,521.66,2388.1,8139.44,8.4513,0.03,393,2388,100.0,38.85,23.3178
86,7,-0.004,0.0004,100.0,518.67,641.89,1584.64,1406.03,14.62,21.61,553.35,2388.1,9061.53,1.3,47.25,521.73,2388.11,8141.83,8.4276,0.03,393,2388,100.0,38.93,23.3452
86,8,-0.0056,0.0002,100.0,518.67,642.29,1588.67,1402.53,14.62,21.61,554.2,2388.07,9054.83,1.3,47.49,521.93,2388.09,8139.58,8.4384,0.03,391,2388,100.0,38.81,23.3728
86,9,-0.0013,0.0005,100.0,518.67,642.22,1595.76,1405.61,14.62,21.61,554.0,2388.07,9061.72,1.3,47.38,521.55,2388.06,8140.08,8.4228,0.03,392,2388,100.0,38.86,23.4521
86,10,-0.0026,0.0002,100.0,518.67,641.96,1594.19,1404.42,14.62,21.61,553.8,2388.08,9064.82,1.3,47.35,522.44,2388.08,8141.1,8.3695,0.03,393,2388,100.0,38.88,23.3367
86,11,-0.0048,-0.0001,100.0,518.67,642.37,1583.56,1407.24,14.62,21.61,554.01,2388.07,9048.93,1.3,47.36,522.03,2388.06,8140.7,8.4122,0.03,392,2388,100.0,38.96,23.3829
86,12,0.0002,0.0003,100.0,518.67,642.66,1593.62,1401.14,14.62,21.61,554.08,2388.09,9059.84,1.3,47.48,521.69,2388.06,8143.26,8.4012,0.03,393,2388,100.0,38.93,23.3816
86,13,-0.0004,0.0001,100.0,518.67,642.79,1592.34,1400.76,14.62,21.61,554.15,2388.05,9065.75,1.3,47.42,521.98,2388.08,8138.94,8.4301,0.03,393,2388,100.0,38.91,23.3924
86,14,-0.002,0.0004,100.0,518.67,641.93,1594.47,1406.04,14.62,21.61,553.87,2388.1,9061.68,1.3,47.43,522.07,2388.06,8143.43,8.42,0.03,393,2388,100.0,38.87,23.3164
86,15,-0.0006,-0.0002,100.0,518.67,642.37,1589.9,1402.19,14.62,21.61,554.11,2388.07,9059.13,1.3,47.44,521.76,2388.02,8146.39,8.3968,0.03,392,2388,100.0,38.75,23.261
86,16,-0.002,0.0006,100.0,518.67,642.0,1592.97,1403.0,14.62,21.61,553.86,2388.06,9062.41,1.3,47.52,522.1,2388.07,8135.91,8.4368,0.03,393,2388,100.0,38.92,23.3788
86,17,-0.0009,0.0002,100.0,518.67,642.98,1585.69,1399.57,14.62,21.61,553.91,2388.05,9055.02,1.3,47.31,521.39,2388.01,8138.22,8.41,0.03,392,2388,100.0,38.93,23.3055
86,18,0.0002,0.0001,100.0,518.67,642.83,1594.29,1407.78,14.62,21.61,554.08,2388.05,9069.44,1.3,47.51,521.53,2388.08,8140.72,8.4227,0.03,393,2388,100.0,38.8,23.3644
86,19,-0.0001,0.0001,100.0,518.67,642.15,1583.37,1400.95,14.62,21.61,553.61,2388.05,9059.31,1.3,47.47,521.88,2388.08,8142.41,8.3957,0.03,393,2388,100.0,38.89,23.3943
86,20,-0.0039,-0.0003,100.0,518.67,642.66,1590.57,1398.33,14.62,21.61,553.61,2388.04,9058.77,1.3,47.36,521.19,2388.1,8138.78,8.4353,0.03,393,2388,100.0,39.0,23.1993
86,21,-0.0003,-0.0001,100.0,518.67,642.67,1590.44,1407.47,14.62,21.61,554.15,2388.07,9066.65,1.3,47.5,521.54,2388.05,8139.72,8.4375,0.03,392,2388,100.0,39.03,23.2808
86,22,-0.0016,0.0004,100.0,518.67,642.35,1588.71,1415.18,14.62,21.61,553.94,2388.04,9060.02,1.3,47.38,521.69,2388.03,8140.74,8.392,0.03,393,2388,100.0,39.02,23.3228
86,23,-0.004,-0.0003,100.0,518.67,642.0,1580.18,1415.77,14.62,21.61,553.71,2388.09,9060.82,1.3,47.22,521.73,2388.04,8142.82,8.4385,0.03,392,2388,100.0,39.01,23.3234
86,24,-0.0043,0.0006,100.0,518.67,642.57,1580.16,1404.77,14.62,21.61,554.31,2388.09,9056.7,1.3,47.37,521.86,2388.09,8134.15,8.429,0.03,391,2388,100.0,38.96,23.3189
86,25,-0.0033,0.0003,100.0,518.67,641.92,1594.13,1403.76,14.62,21.61,553.37,2388.04,9057.1,1.3,47.37,522.05,2388.09,8139.52,8.4132,0.03,394,2388,100.0,38.75,23.2359
86,26,0.0007,-0.0,100.0,518.67,642.82,1584.49,1399.35,14.62,21.61,553.27,2388.01,9064.37,1.3,47.45,521.94,2388.02,8138.78,8.4079,0.03,393,2388,100.0,38.9,23.3911
86,27,0.0032,0.0001,100.0,518.67,643.01,1590.48,1409.95,14.62,21.61,554.1,2388.1,9054.69,1.3,47.36,522.01,2388.1,8136.23,8.4591,0.03,392,2388,100.0,38.81,23.3687
86,28,0.0006,0.0002,100.0,518.67,642.28,1588.68,1407.36,14.62,21.61,553.82,2388.05,9053.66,1.3,47.41,521.76,2388.09,8135.86,8.4306,0.03,394,2388,100.0,39.17,23.3259
86,29,0.0061,-0.0004,100.0,518.67,642.58,1587.38,1406.75,14.62,21.61,553.22,2388.03,9061.61,1.3,47.41,521.39,2388.06,8140.52,8.4369,0.03,392,2388,100.0,38.95,23.2644
86,30,0.0042,0.0003,100.0,518.67,641.91,1584.5,1400.93,14.62,21.61,553.68,2388.05,9054.97,1.3,47.29,522.31,2388.04,8141.99,8.4068,0.03,394,2388,100.0,38.97,23.4159
86,31,0.003,0.0,100.0,518.67,642.72,1584.96,1403.05,14.62,21.61,553.16,2388.06,9055.23,1.3,47.49,521.45,2388.02,8143.42,8.4253,0.03,393,2388,100.0,38.8,23.3524
86,32,0.0018,-0.0004,100.0,518.67,642.52,1581.71,1406.43,14.62,21.61,554.41,2388.05,9062.14,1.3,47.17,522.37,2388.13,8134.74,8.4004,0.03,391,2388,100.0,38.84,23.2491
86,33,-0.0007,0.0005,100.0,518.67,642.34,1594.91,1407.71,14.62,21.61,554.23,2388.04,9051.56,1.3,47.37,522.46,2388.07,8140.16,8.4382,0.03,394,2388,100.0,38.96,23.3885
86,34,0.0022,0.0006,100.0,518.67,642.43,1585.44,1400.14,14.62,21.61,553.34,2388.03,9061.87,1.3,47.48,521.5,2388.05,8139.45,8.4149,0.03,393,2388,100.0,38.96,23.3784
86,35,-0.0021,0.0003,100.0,518.67,642.5,1584.54,1403.53,14.62,21.61,553.77,2388.07,9058.87,1.3,47.58,521.73,2388.06,8139.23,8.4406,0.03,393,2388,100.0,38.75,23.4052
86,36,-0.0022,-0.0003,100.0,518.67,642.41,1591.48,1406.41,14.62,21.61,553.77,2388.05,9061.69,1.3,47.46,521.9,2388.07,8137.73,8.446,0.03,393,2388,100.0,38.91,23.3625
86,37,0.0008,-0.0003,100.0,518.67,642.22,1596.2,1410.31,14.62,21.61,554.26,2388.06,9064.76,1.3,47.38,521.68,2387.99,8134.49,8.4622,0.03,394,2388,100.0,38.79,23.3463
86,38,0.0006,0.0005,100.0,518.67,642.53,1583.99,1404.8,14.62,21.61,553.75,2388.04,9063.32,1.3,47.4,521.73,2388.08,8143.93,8.4387,0.03,392,2388,100.0,38.87,23.4147
86,39,0.0053,0.0005,100.0,518.67,642.71,1587.24,1399.31,14.62,21.61,553.75,2388.05,9052.27,1.3,47.6,521.97,2388.06,8131.59,8.4242,0.03,395,2388,100.0,39.01,23.3866
86,40,-0.0021,-0.0001,100.0,518.67,642.43,1587.72,1396.14,14.62,21.61,554.23,2388.09,9051.44,1.3,47.34,521.61,2388.02,8136.29,8.4452,0.03,393,2388,100.0,39.0,23.416
86,41,-0.0028,-0.0001,100.0,518.67,642.8,1591.03,1401.93,14.62,21.61,554.43,2388.1,9058.61,1.3,47.54,522.19,2388.04,8141.28,8.4323,0.03,392,2388,100.0,38.72,23.2738
86,42,-0.0006,0.0002,100.0,518.67,642.33,1589.82,1398.37,14.62,21.61,553.98,2388.08,9064.87,1.3,47.5,521.03,2388.05,8137.19,8.4273,0.03,394,2388,100.0,38.88,23.3873
86,43,-0.0003,-0.0004,100.0,518.67,642.92,1586.06,1411.55,14.62,21.61,553.39,2388.08,9054.86,1.3,47.47,522.12,2388.08,8136.07,8.4348,0.03,393,2388,100.0,38.89,23.3442
86,44,-0.0004,0.0001,100.0,518.67,642.64,1590.51,1401.57,14.62,21.61,554.57,2388.1,9053.87,1.3,47.37,521.82,2388.09,8140.46,8.4059,0.03,394,2388,100.0,38.77,23.4183
86,45,0.0014,0.0005,100.0,518.67,642.31,1592.85,1407.96,14.62,21.61,553.78,2388.08,9056.8,1.3,47.38,522.03,2388.08,8143.83,8.4246,0.03,392,2388,100.0,38.9,23.3369
86,46,0.0023,-0.0003,100.0,518.67,642.77,1578.39,1405.79,14.62,21.61,553.45,2388.0,9058.92,1.3,47.26,521.61,2388.08,8140.63,8.4472,0.03,391,2388,100.0,38.92,23.2962
86,47,0.0018,0.0002,100.0,518.67,642.27,1579.05,1403.6,14.62,21.61,554.23,2388.07,9064.84,1.3,47.22,521.68,2388.09,8139.54,8.4354,0.03,393,2388,100.0,38.87,23.3461
86,48,0.0002,-0.0003,100.0,518.67,642.4,1588.62,1402.06,14.62,21.61,553.52,2388.03,9061.5,1.3,47.47,521.62,2388.06,8140.9,8.4214,0.03,393,2388,100.0,38.75,23.3025
86,49,0.0,-0.0004,100.0,518.67,642.36,1586.68,1403.13,14.62,21.61,553.77,2388.09,9057.76,1.3,47.23,521.73,2388.12,8137.19,8.4456,0.03,393,2388,100.0,38.81,23.2707
86,50,0.0024,0.0004,100.0,518.67,642.34,1584.61,1409.91,14.62,21.61,554.43,2388.09,9055.98,1.3,47.43,521.45,2388.07,8138.75,8.4544,0.03,393,2388,100.0,38.85,23.3391
86,51,-0.0016,0.0005,100.0,518.67,642.58,1583.0,1404.74,14.62,21.61,553.43,2388.05,9061.19,1.3,47.2,522.0,2388.12,8138.68,8.4633,0.03,394,2388,100.0,39.03,23.2986
86,52,0.0018,-0.0001,100.0,518.67,641.96,1589.31,1394.32,14.62,21.61,553.43,2388.09,9061.34,1.3,47.28,521.66,2388.09,8149.5,8.4408,0.03,394,2388,100.0,38.92,23.2999
86,53,-0.0027,-0.0004,100.0,518.67,642.99,1586.06,1402.53,14.62,21.61,553.65,2388.07,9056.96,1.3,47.47,521.04,2388.08,8140.74,8.4331,0.03,393,2388,100.0,38.87,23.3541
86,54,-0.0009,-0.0001,100.0,518.67,642.62,1581.75,1401.11,14.62,21.61,553.45,2388.05,9056.26,1.3,47.46,521.55,2388.07,8137.49,8.4224,0.03,394,2388,100.0,38.84,23.3844
86,55,0.0005,0.0003,100.0,518.67,642.59,1588.5,1407.13,14.62,21.61,553.95,2388.1,9053.65,1.3,47.51,521.65,2388.04,8138.76,8.4252,0.03,393,2388,100.0,39.01,23.2943
86,56,-0.0003,-0.0002,100.0,518.67,642.31,1590.53,1411.32,14.62,21.61,553.69,2388.12,9062.01,1.3,47.43,522.18,2388.05,8139.43,8.4459,0.03,392,2388,100.0,38.77,23.3806
86,57,-0.0017,-0.0003,100.0,518.67,642.7,1594.08,1398.85,14.62,21.61,553.68,2388.02,9062.39,1.3,47.34,521.04,2388.04,8139.56,8.4171,0.03,391,2388,100.0,39.0,23.2502
86,58,0.0005,0.0,100.0,518.67,642.75,1588.79,1405.62,14.62,21.61,553.53,2388.11,9058.26,1.3,47.41,521.29,2388.17,8140.14,8.463,0.03,394,2388,100.0,38.91,23.3662
86,59,0.0034,-0.0001,100.0,518.67,642.42,1585.98,1402.76,14.62,21.61,553.23,2388.12,9065.32,1.3,47.44,522.08,2388.06,8143.42,8.4388,0.03,392,2388,100.0,38.84,23.3351
86,60,-0.0067,-0.0001,100.0,518.67,642.2,1595.98,1405.18,14.62,21.61,553.38,2388.07,9059.76,1.3,47.49,521.72,2388.05,8139.42,8.4583,0.03,393,2388,100.0,38.88,23.3173
86,61,-0.0031,-0.0001,100.0,518.67,642.21,1583.31,1403.65,14.62,21.61,553.75,2388.15,9058.32,1.3,47.42,521.37,2388.11,8144.13,8.4028,0.03,393,2388,100.0,39.0,23.3022
86,62,-0.0029,-0.0002,100.0,518.67,642.47,1590.99,1402.27,14.62,21.61,554.11,2388.1,9059.92,1.3,47.3,521.71,2388.03,8141.68,8.4195,0.03,393,2388,100.0,38.85,23.3898
86,63,0.0016,0.0003,100.0,518.67,642.13,1589.66,1409.13,14.62,21.61,553.89,2388.04,9063.46,1.3,47.28,521.66,2388.06,8143.96,8.4119,0.03,393,2388,100.0,38.95,23.2886
86,64,0.0006,-0.0004,100.0,518.67,642.51,1597.88,1406.51,14.62,21.61,553.16,2388.06,9060.4,1.3,47.3,521.74,2388.07,8138.03,8.4479,0.03,391,2388,100.0,38.83,23.4238
86,65,-0.0005,-0.0002,100.0,518.67,642.61,1593.14,1405.43,14.62,21.61,553.77,2388.06,9054.22,1.3,47.27,521.33,2388.07,8139.68,8.4255,0.03,395,2388,100.0,38.93,23.32
86,66,-0.0018,-0.0004,100.0,518.67,642.82,1588.11,1404.23,14.62,21.61,553.27,2388.09,9063.89,1.3,47.38,521.89,2388.07,8141.19,8.4394,0.03,393,2388,100.0,38.87,23.3273
86,67,-0.0004,0.0003,100.0,518.67,642.41,1598.01,1399.24,14.62,21.61,553.18,2388.07,9060.12,1.3,47.37,521.95,2388.08,8143.72,8.4321,0.03,390,2388,100.0,38.84,23.3616
86,68,0.0025,-0.0002,100.0,518.67,642.37,1584.69,1398.74,14.62,21.61,554.84,2388.04,9069.71,1.3,47.25,522.34,2388.05,8145.54,8.4583,0.03,392,2388,100.0,38.87,23.3229
86,69,0.0041,0.0003,100.0,518.67,642.63,1589.4,1409.66,14.62,21.61,553.65,2388.1,9063.47,1.3,47.58,521.72,2388.12,8139.63,8.4322,0.03,392,2388,100.0,38.8,23.259
86,70,-0.0009,0.0004,100.0,518.67,642.13,1594.32,1404.79,14.62,21.61,553.94,2388.09,9060.4,1.3,47.5,521.68,2388.11,8145.03,8.4185,0.03,391,2388,100.0,38.89,23.2832
86,71,0.0008,0.0001,100.0,518.67,642.75,1587.31,1397.04,14.62,21.61,554.89,2388.05,9062.01,1.3,47.49,521.92,2388.08,8141.44,8.4249,0.03,392,2388,100.0,38.88,23.3237
86,72,-0.0013,-0.0003,100.0,518.67,642.78,1588.95,1404.32,14.62,21.61,553.79,2388.1,9065.97,1.3,47.59,521.21,2388.07,8141.24,8.4422,0.03,393,2388,100.0,38.98,23.2481
86,73,-0.0028,0.0003,100.0,518.67,642.5,1580.3,1410.9,14.62,21.61,553.65,2388.1,9063.34,1.3,47.66,522.16,2388.06,8142.13,8.4611,0.03,394,2388,100.0,38.81,23.4045
86,74,-0.0048,0.0001,100.0,518.67,642.87,1585.16,1412.29,14.62,21.61,553.33,2388.07,9066.43,1.3,47.45,522.13,2388.02,8141.98,8.4373,0.03,393,2388,100.0,38.87,23.397
86,75,-0.0023,0.0004,100.0,518.67,642.4,1591.59,1407.13,14.62,21.61,553.63,2388.05,9058.05,1.3,47.57,521.67,2388.03,8146.58,8.4328,0.03,393,2388,100.0,38.83,23.2317
86,76,0.004,0.0006,100.0,518.67,642.5,1588.15,1414.89,14.62,21.61,554.13,2388.04,9061.77,1.3,47.35,521.24,2388.08,8148.41,8.4,0.03,393,2388,100.0,38.87,23.3654
86,77,0.0039,0.0001,100.0,518.67,642.56,1586.7,1399.94,14.62,21.61,553.62,2388.12,9070.19,1.3,47.44,522.11,2388.12,8145.93,8.4302,0.03,392,2388,100.0,38.91,23.3308
86,78,-0.0035,-0.0,100.0,518.67,642.34,1580.94,1408.29,14.62,21.61,554.02,2388.01,9068.74,1.3,47.45,521.43,2388.05,8143.69,8.4587,0.03,393,2388,100.0,38.97,23.3804
86,79,-0.0008,-0.0,100.0,518.67,642.6,1586.68,1413.11,14.62,21.61,554.19,2388.1,9064.52,1.3,47.43,522.19,2388.07,8144.42,8.4511,0.03,394,2388,100.0,38.89,23.308
86,80,-0.0002,0.0001,100.0,518.67,642.9,1591.28,1408.55,14.62,21.61,553.73,2388.08,9065.34,1.3,47.63,521.84,2388.07,8140.77,8.4188,0.03,394,2388,100.0,38.99,23.341
86,81,-0.003,-0.0002,100.0,518.67,642.78,1579.4,1409.95,14.62,21.61,553.7,2388.05,9063.4,1.3,47.47,521.62,2388.09,8145.24,8.4375,0.03,392,2388,100.0,38.88,23.2647
86,82,0.0023,0.0,100.0,518.67,642.32,1593.03,1403.35,14.62,21.61,553.46,2388.06,9060.78,1.3,47.38,521.94,2388.09,8140.89,8.4392,0.03,394,2388,100.0,38.85,23.3256
86,83,-0.0018,0.0001,100.0,518.67,642.3,1593.21,1408.74,14.62,21.61,554.09,2388.11,9054.58,1.3,47.61,522.03,2388.07,8146.67,8.4435,0.03,391,2388,100.0,38.93,23.3263
86,84,-0.0042,0.0006,100.0,518.67,642.4,1583.61,1413.98,14.62,21.61,553.45,2388.15,9059.32,1.3,47.43,521.83,2388.04,8143.65,8.4027,0.03,392,2388,100.0,38.78,23.3283
86,85,-0.0,0.0004,100.0,518.67,642.59,1596.24,1407.8,14.62,21.61,553.34,2388.02,9057.63,1.3,47.46,521.41,2388.03,8148.53,8.4045,0.03,394,2388,100.0,38.91,23.347
86,86,0.0045,-0.0001,100.0,518.67,642.58,1587.82,1403.93,14.62,21.61,553.42,2388.09,9055.51,1.3,47.62,520.85,2388.07,8146.62,8.4347,0.03,394,2388,100.0,38.96,23.3198
86,87,-0.001,0.0002,100.0,518.67,642.48,1587.26,1410.54,14.62,21.61,553.93,2388.09,9074.34,1.3,47.47,521.77,2388.08,8146.0,8.4475,0.03,394,2388,100.0,38.71,23.3053
86,88,-0.0022,0.0001,100.0,518.67,642.79,1597.3,1409.83,14.62,21.61,553.38,2388.08,9066.56,1.3,47.4,521.59,2388.16,8143.1,8.4299,0.03,392,2388,100.0,38.74,23.2986
86,89,0.0007,0.0002,100.0,518.67,642.71,1588.54,1408.22,14.62,21.61,553.52,2388.05,9064.82,1.3,47.66,521.12,2388.08,8139.52,8.4136,0.03,391,2388,100.0,38.89,23.2603
86,90,-0.0019,-0.0002,100.0,518.67,643.01,1577.56,1410.21,14.62,21.61,553.53,2388.04,9061.7,1.3,47.39,521.46,2388.05,8147.85,8.4358,0.03,391,2388,100.0,38.82,23.3939
86,91,0.0024,0.0005,100.0,518.67,643.13,1594.43,1405.43,14.62,21.61,553.74,2388.08,9054.0,1.3,47.53,521.68,2388.05,8142.68,8.4402,0.03,392,2388,100.0,39.01,23.3168
86,92,0.0023,0.0,100.0,518.67,642.92,1588.56,1412.3,14.62,21.61,552.86,2388.1,9065.81,1.3,47.56,521.19,2388.1,8144.22,8.4443,0.03,394,2388,100.0,38.92,23.3748
86,93,-0.0006,-0.0004,100.0,518.67,642.71,1582.96,1401.57,14.62,21.61,553.39,2388.04,9063.89,1.3,47.5,521.81,2388.03,8143.48,8.4214,0.03,394,2388,100.0,38.92,23.2781
86,94,-0.0022,-0.0001,100.0,518.67,643.23,1592.95,1409.07,14.62,21.61,553.26,2388.11,9066.0,1.3,47.49,521.68,2388.1,8140.7,8.4239,0.03,393,2388,100.0,39.06,23.3762
86,95,-0.001,-0.0004,100.0,518.67,643.05,1587.28,1406.97,14.62,21.61,553.1,2388.04,9058.99,1.3,47.43,521.51,2388.09,8145.82,8.4218,0.03,394,2388,100.0,38.96,23.3737
86,96,-0.0025,-0.0004,100.0,518.67,642.0,1589.56,1415.62,14.62,21.61,553.75,2388.08,9062.49,1.3,47.42,521.37,2388.09,8147.36,8.4504,0.03,393,2388,100.0,38.96,23.3655
86,97,0.002,-0.0002,100.0,518.67,642.77,1593.68,1406.73,14.62,21.61,553.46,2388.01,9071.4,1.3,47.42,521.51,2388.07,8143.39,8.4098,0.03,393,2388,100.0,38.87,23.3932
86,98,-0.004,0.0004,100.0,518.67,642.3,1590.85,1403.89,14.62,21.61,554.17,2387.99,9064.81,1.3,47.48,522.57,2388.04,8143.65,8.4163,0.03,391,2388,100.0,38.7,23.3428
86,99,0.0018,0.0001,100.0,518.67,642.02,1588.36,1406.67,14.62,21.61,553.65,2388.06,9066.69,1.3,47.68,521.81,2388.1,8142.29,8.4467,0.03,394,2388,100.0,38.89,23.3509
86,100,0.0,0.0004,100.0,518.67,642.25,1585.2,1405.95,14.62,21.61,553.88,2388.06,9065.81,1.3,47.34,521.76,2388.1,8143.7,8.4225,0.03,392,2388,100.0,38.96,23.411
86,101,0.0001,0.0004,100.0,518.67,643.06,1586.45,1404.67,14.62,21.61,553.8,2388.09,9066.2,1.3,47.63,521.91,2388.07,8147.31,8.4132,0.03,393,2388,100.0,38.76,23.2793
86,102,0.0023,0.0003,100.0,518.67,642.2,1583.59,1402.91,14.62,21.61,552.77,2388.09,9061.69,1.3,47.47,521.37,2388.06,8144.93,8.4236,0.03,392,2388,100.0,38.81,23.3689
86,103,-0.0023,0.0006,100.0,518.67,642.06,1589.4,1405.8,14.62,21.61,553.63,2388.02,9055.84,1.3,47.5,521.2,2388.06,8138.48,8.4163,0.03,393,2388,100.0,38.79,23.2346
86,104,-0.0001,-0.0,100.0,518.67,642.99,1591.25,1401.84,14.62,21.61,552.68,2388.07,9069.15,1.3,47.52,521.32,2388.02,8147.98,8.4617,0.03,393,2388,100.0,38.95,23.32
86,105,0.0019,0.0005,100.0,518.67,642.59,1595.27,1409.35,14.62,21.61,553.05,2388.09,9074.91,1.3,47.46,521.58,2388.11,8144.95,8.4301,0.03,392,2388,100.0,38.83,23.2471
86,106,-0.0034,-0.0001,100.0,518.67,643.14,1584.19,1406.95,14.62,21.61,553.29,2388.06,9067.6,1.3,47.36,521.64,2388.07,8146.87,8.4339,0.03,394,2388,100.0,38.9,23.3295
86,107,0.0004,-0.0003,100.0,518.67,642.61,1586.41,1404.27,14.62,21.61,553.58,2388.09,9062.8,1.3,47.42,521.54,2388.05,8145.68,8.4643,0.03,391,2388,100.0,38.76,23.2915
86,108,-0.0035,-0.0,100.0,518.67,642.67,1592.16,1404.69,14.62,21.61,553.36,2388.06,9064.37,1.3,47.33,521.23,2388.14,8142.26,8.4135,0.03,392,2388,100.0,38.95,23.3062
86,109,-0.0019,0.0005,100.0,518.67,643.0,1585.71,1410.01,14.62,21.61,553.77,2388.06,9063.65,1.3,47.49,521.8,2388.11,8146.19,8.4392,0.03,392,2388,100.0,38.67,23.3718
86,110,-0.0012,0.0004,100.0,518.67,643.07,1586.29,1404.83,14.62,21.61,553.65,2388.05,9074.53,1.3,47.52,521.52,2388.13,8148.14,8.45,0.03,394,2388,100.0,38.94,23.2484
87,1,-0.0048,-0.0004,100.0,518.67,642.11,1584.55,1401.07,14.62,21.6,553.92,2388.06,9062.1,1.3,47.32,522.11,2387.97,8141.53,8.4081,0.03,389,2388,100.0,38.92,23.5003
87,2,-0.0032,-0.0001,100.0,518.67,642.22,1589.81,1396.08,14.62,21.61,554.55,2387.99,9060.22,1.3,47.27,522.68,2387.99,8146.0,8.4052,0.03,391,2388,100.0,38.91,23.3183
87,3,-0.0006,-0.0003,100.0,518.67,642.81,1582.54,1394.82,14.62,21.61,554.16,2388.01,9062.01,1.3,47.26,522.12,2387.98,8140.5,8.4239,0.03,391,2388,100.0,38.9,23.3864
87,4,0.0002,-0.0002,100.0,518.67,641.34,1579.31,1399.88,14.62,21.61,554.38,2387.96,9063.73,1.3,47.26,522.3,2388.02,8148.89,8.4267,0.03,391,2388,100.0,38.89,23.2962
87,5,-0.0003,0.0004,100.0,518.67,642.19,1588.7,1390.42,14.62,21.61,554.28,2388.02,9063.99,1.3,47.18,522.82,2388.01,8142.25,8.4278,0.03,392,2388,100.0,38.91,23.3607
87,6,0.0013,-0.0,100.0,518.67,642.09,1580.56,1392.21,14.62,21.6,554.31,2388.0,9058.57,1.3,47.31,522.58,2388.01,8138.43,8.4004,0.03,391,2388,100.0,39.05,23.3907
87,7,0.0014,-0.0003,100.0,518.67,641.88,1583.93,1396.79,14.62,21.61,554.67,2388.0,9062.14,1.3,47.37,522.04,2388.01,8140.23,8.4107,0.03,391,2388,100.0,39.06,23.4697
87,8,0.0049,0.0002,100.0,518.67,641.89,1583.58,1402.23,14.62,21.61,554.51,2388.02,9066.99,1.3,47.21,522.13,2388.04,8144.65,8.3649,0.03,391,2388,100.0,38.98,23.568
87,9,-0.0006,0.0002,100.0,518.67,642.3,1583.2,1395.24,14.62,21.61,554.23,2388.0,9057.85,1.3,47.37,522.08,2388.02,8148.15,8.3745,0.03,391,2388,100.0,39.05,23.4673
87,10,-0.0037,-0.0,100.0,518.67,641.79,1589.27,1397.8,14.62,21.61,554.07,2388.0,9063.35,1.3,47.13,521.94,2388.01,8138.01,8.4431,0.03,391,2388,100.0,38.9,23.4103
87,11,0.0034,0.0003,100.0,518.67,642.38,1585.0,1394.32,14.62,21.61,553.99,2388.06,9056.19,1.3,47.25,521.85,2388.08,8142.32,8.4158,0.03,391,2388,100.0,38.86,23.3868
87,12,0.0014,0.0,100.0,518.67,642.24,1587.45,1393.36,14.62,21.61,554.49,2388.05,9051.88,1.3,47.15,521.71,2388.05,8142.01,8.4131,0.03,392,2388,100.0,38.87,23.3288
87,13,-0.0063,0.0002,100.0,518.67,642.26,1588.01,1392.97,14.62,21.61,554.06,2387.99,9061.2,1.3,47.18,522.54,2387.99,8142.16,8.4267,0.03,392,2388,100.0,38.93,23.474
87,14,-0.0003,-0.0,100.0,518.67,642.13,1579.74,1405.8,14.62,21.61,553.43,2388.03,9057.75,1.3,47.38,522.65,2388.06,8150.5,8.3879,0.03,392,2388,100.0,38.9,23.4725
87,15,0.0029,0.0002,100.0,518.67,641.79,1579.08,1401.71,14.62,21.61,554.24,2388.02,9058.78,1.3,47.09,522.43,2388.01,8145.45,8.4353,0.03,392,2388,100.0,38.9,23.3275
87,16,0.005,0.0001,100.0,518.67,642.03,1583.5,1407.92,14.62,21.61,554.72,2388.02,9064.3,1.3,47.18,521.86,2388.04,8143.81,8.3943,0.03,392,2388,100.0,38.98,23.3815
87,17,0.0005,0.0003,100.0,518.67,643.53,1598.36,1401.01,14.62,21.61,554.67,2388.01,9060.07,1.3,47.29,521.46,2388.08,8138.16,8.4091,0.03,392,2388,100.0,39.08,23.397
87,18,-0.001,-0.0002,100.0,518.67,642.63,1589.54,1396.83,14.62,21.61,554.67,2388.03,9062.38,1.3,47.41,522.04,2388.01,8142.95,8.3993,0.03,391,2388,100.0,38.81,23.439
87,19,0.0028,0.0004,100.0,518.67,642.32,1580.65,1387.7,14.62,21.61,554.39,2387.97,9052.64,1.3,47.19,521.89,2388.02,8141.2,8.4066,0.03,392,2388,100.0,39.1,23.4402
87,20,-0.0027,0.0005,100.0,518.67,642.52,1582.35,1399.63,14.62,21.61,553.69,2387.99,9058.56,1.3,47.11,521.93,2388.04,8143.56,8.3854,0.03,393,2388,100.0,39.07,23.4653
87,21,0.0018,0.0001,100.0,518.67,642.4,1581.17,1400.48,14.62,21.61,554.15,2387.97,9061.13,1.3,47.07,522.2,2388.01,8146.71,8.3895,0.03,392,2388,100.0,39.06,23.3849
87,22,0.0011,0.0004,100.0,518.67,642.0,1584.14,1399.34,14.62,21.6,554.57,2388.03,9051.71,1.3,47.11,522.17,2388.1,8139.87,8.415,0.03,392,2388,100.0,38.94,23.4247
87,23,0.0054,0.0005,100.0,518.67,641.8,1584.96,1397.13,14.62,21.61,554.19,2388.02,9056.22,1.3,47.25,522.81,2388.04,8145.08,8.4273,0.03,392,2388,100.0,38.79,23.3814
87,24,0.0005,0.0005,100.0,518.67,642.23,1581.51,1403.11,14.62,21.6,554.22,2388.05,9069.98,1.3,47.18,522.1,2387.99,8143.42,8.3777,0.03,393,2388,100.0,39.01,23.4124
87,25,-0.004,0.0003,100.0,518.67,641.72,1587.26,1398.37,14.62,21.61,554.2,2388.01,9060.64,1.3,47.15,523.13,2388.0,8145.41,8.4102,0.03,392,2388,100.0,38.94,23.3692
87,26,0.0019,0.0001,100.0,518.67,641.84,1579.66,1400.69,14.62,21.61,553.72,2388.03,9061.59,1.3,47.09,521.88,2388.05,8140.86,8.4058,0.03,393,2388,100.0,39.02,23.4245
87,27,0.001,-0.0,100.0,518.67,642.02,1579.51,1405.96,14.62,21.61,554.53,2388.05,9061.81,1.3,47.42,521.85,2388.01,8145.23,8.3927,0.03,392,2388,100.0,38.9,23.3729
87,28,0.0049,-0.0004,100.0,518.67,641.94,1585.41,1404.52,14.62,21.61,554.0,2388.1,9059.94,1.3,47.36,522.23,2388.03,8140.23,8.4364,0.03,392,2388,100.0,39.01,23.4023
87,29,0.0013,0.0001,100.0,518.67,642.46,1589.54,1397.14,14.62,21.61,553.88,2387.98,9056.15,1.3,47.14,522.55,2387.99,8140.25,8.3947,0.03,392,2388,100.0,38.93,23.4316
87,30,-0.0033,-0.0001,100.0,518.67,642.08,1580.9,1396.21,14.62,21.61,554.21,2388.01,9069.29,1.3,47.18,522.01,2388.05,8140.33,8.3846,0.03,393,2388,100.0,39.11,23.3871
87,31,0.003,0.0,100.0,518.67,642.18,1586.7,1405.22,14.62,21.61,554.51,2388.02,9069.03,1.3,47.45,522.23,2388.04,8142.55,8.3937,0.03,392,2388,100.0,39.08,23.3949
87,32,-0.0004,-0.0003,100.0,518.67,641.64,1584.62,1395.75,14.62,21.61,553.92,2388.02,9061.34,1.3,47.31,522.4,2388.06,8140.3,8.4219,0.03,391,2388,100.0,39.11,23.3317
87,33,-0.0009,0.0001,100.0,518.67,641.71,1575.81,1397.64,14.62,21.61,554.1,2388.05,9056.16,1.3,47.29,521.53,2388.01,8138.89,8.422,0.03,392,2388,100.0,39.06,23.4139
87,34,0.0015,0.0003,100.0,518.67,641.95,1590.26,1400.5,14.62,21.61,554.46,2388.02,9061.04,1.3,47.31,522.41,2388.06,8142.54,8.4084,0.03,391,2388,100.0,38.89,23.3522
87,35,0.0023,-0.0002,100.0,518.67,641.98,1587.39,1393.17,14.62,21.61,554.85,2388.01,9059.75,1.3,47.21,521.98,2388.02,8138.16,8.4078,0.03,390,2388,100.0,38.92,23.4472
87,36,0.0023,-0.0003,100.0,518.67,642.73,1590.66,1402.7,14.62,21.61,553.77,2388.03,9054.74,1.3,47.16,521.83,2387.99,8140.41,8.3665,0.03,393,2388,100.0,38.87,23.438
87,37,0.0019,-0.0003,100.0,518.67,641.98,1584.45,1397.56,14.62,21.61,554.54,2388.06,9061.59,1.3,47.38,522.35,2388.01,8139.03,8.3919,0.03,390,2388,100.0,38.77,23.346
87,38,0.0004,0.0005,100.0,518.67,642.12,1588.91,1396.63,14.62,21.61,554.83,2388.02,9063.43,1.3,47.32,522.1,2388.04,8141.83,8.3888,0.03,392,2388,100.0,39.01,23.431
87,39,-0.0014,0.0004,100.0,518.67,641.97,1583.37,1394.21,14.62,21.61,554.34,2388.04,9068.22,1.3,47.15,521.85,2388.02,8144.24,8.4034,0.03,392,2388,100.0,38.99,23.4507
87,40,-0.0013,0.0002,100.0,518.67,642.32,1575.36,1402.26,14.62,21.61,554.49,2388.02,9060.59,1.3,47.21,522.4,2388.0,8141.77,8.4128,0.03,391,2388,100.0,38.89,23.3785
87,41,0.0017,-0.0001,100.0,518.67,642.63,1583.86,1400.11,14.62,21.61,553.78,2388.01,9073.64,1.3,47.13,522.17,2388.04,8146.33,8.4258,0.03,391,2388,100.0,39.08,23.3598
87,42,-0.0004,0.0002,100.0,518.67,642.22,1588.47,1389.17,14.62,21.61,554.01,2387.98,9057.94,1.3,47.45,522.56,2388.01,8143.13,8.4192,0.03,391,2388,100.0,38.88,23.4395
87,43,0.0001,0.0005,100.0,518.67,642.55,1583.94,1405.45,14.62,21.61,554.54,2388.01,9058.23,1.3,47.34,522.2,2388.1,8138.64,8.4263,0.03,392,2388,100.0,39.14,23.3822
87,44,0.0002,-0.0002,100.0,518.67,642.62,1584.44,1396.13,14.62,21.61,554.6,2388.04,9061.82,1.3,47.25,521.7,2388.06,8140.52,8.4215,0.03,394,2388,100.0,39.15,23.4093
87,45,-0.0024,-0.0004,100.0,518.67,642.18,1580.41,1398.87,14.62,21.61,553.85,2388.05,9065.7,1.3,47.08,522.15,2388.03,8144.83,8.411,0.03,391,2388,100.0,38.72,23.3272
87,46,-0.0018,0.0002,100.0,518.67,641.79,1590.88,1400.68,14.62,21.61,553.89,2388.01,9060.61,1.3,47.08,522.1,2388.08,8143.1,8.4083,0.03,393,2388,100.0,39.15,23.3679
87,47,-0.0002,-0.0002,100.0,518.67,642.24,1582.92,1400.89,14.62,21.61,554.47,2388.02,9058.21,1.3,47.42,522.1,2388.08,8141.54,8.3898,0.03,392,2388,100.0,38.9,23.2949
87,48,0.0005,0.0002,100.0,518.67,642.51,1585.45,1398.34,14.62,21.6,554.21,2388.03,9057.67,1.3,47.24,522.07,2388.05,8140.22,8.4084,0.03,392,2388,100.0,38.88,23.317
87,49,-0.0005,0.0001,100.0,518.67,642.7,1583.56,1397.89,14.62,21.61,553.8,2388.09,9052.93,1.3,47.35,521.7,2388.02,8136.35,8.4013,0.03,392,2388,100.0,38.97,23.4629
87,50,-0.001,0.0005,100.0,518.67,641.67,1586.36,1393.73,14.62,21.61,553.65,2388.01,9065.65,1.3,47.43,522.35,2388.05,8142.45,8.406,0.03,392,2388,100.0,39.0,23.4202
87,51,-0.0017,0.0003,100.0,518.67,641.46,1579.13,1402.35,14.62,21.61,554.4,2388.03,9062.46,1.3,47.19,521.42,2388.05,8143.12,8.4281,0.03,393,2388,100.0,39.05,23.3954
87,52,-0.0004,0.0002,100.0,518.67,641.94,1575.87,1396.13,14.62,21.61,554.91,2388.0,9062.34,1.3,47.31,522.25,2388.07,8144.1,8.3834,0.03,391,2388,100.0,38.95,23.4553
87,53,-0.0022,0.0001,100.0,518.67,641.89,1592.47,1399.06,14.62,21.61,554.48,2388.07,9055.37,1.3,47.36,521.86,2388.02,8144.6,8.3977,0.03,393,2388,100.0,39.04,23.39
87,54,-0.0045,-0.0002,100.0,518.67,642.79,1588.57,1401.03,14.62,21.61,553.61,2388.05,9062.61,1.3,47.18,521.83,2388.03,8136.02,8.4608,0.03,392,2388,100.0,39.07,23.3781
87,55,0.0014,0.0001,100.0,518.67,641.94,1587.94,1398.43,14.62,21.61,554.13,2388.04,9061.1,1.3,47.24,522.64,2388.08,8139.19,8.4168,0.03,392,2388,100.0,38.99,23.3902
87,56,-0.0019,0.0005,100.0,518.67,642.18,1584.33,1391.48,14.62,21.61,554.39,2388.04,9056.99,1.3,47.4,522.15,2388.02,8146.94,8.4313,0.03,393,2388,100.0,38.89,23.2605
88,1,0.0005,-0.0004,100.0,518.67,642.45,1594.7,1405.79,14.62,21.61,554.06,2388.07,9038.48,1.3,47.44,521.78,2388.13,8120.5,8.4205,0.03,394,2388,100.0,39.0,23.3014
88,2,0.0006,-0.0001,100.0,518.67,642.38,1589.78,1411.55,14.62,21.61,552.95,2388.14,9040.16,1.3,47.43,521.18,2388.08,8119.68,8.4491,0.03,395,2388,100.0,38.97,23.2753
88,3,0.0003,0.0004,100.0,518.67,642.79,1589.74,1408.06,14.62,21.61,552.28,2388.14,9041.05,1.3,47.54,521.36,2388.16,8123.02,8.4899,0.03,393,2388,100.0,38.82,23.2877
88,4,0.0015,-0.0,100.0,518.67,642.45,1593.78,1410.08,14.62,21.61,554.13,2388.11,9042.46,1.3,47.65,521.79,2388.12,8125.8,8.4347,0.03,393,2388,100.0,38.77,23.2596
88,5,-0.0008,-0.0003,100.0,518.67,642.77,1583.06,1412.94,14.62,21.61,553.75,2388.16,9044.05,1.3,47.35,521.34,2388.15,8119.79,8.3949,0.03,392,2388,100.0,38.87,23.2758
88,6,0.0006,-0.0,100.0,518.67,642.05,1595.09,1406.98,14.62,21.61,553.49,2388.2,9045.3,1.3,47.48,521.87,2388.14,8122.08,8.4394,0.03,393,2388,100.0,38.81,23.3344
88,7,-0.0001,-0.0003,100.0,518.67,642.46,1590.86,1404.3,14.62,21.61,552.81,2388.11,9034.75,1.3,47.42,521.47,2388.09,8123.71,8.4772,0.03,393,2388,100.0,38.83,23.2835
88,8,0.0006,0.0004,100.0,518.67,642.77,1590.3,1405.43,14.62,21.61,554.3,2388.12,9041.07,1.3,47.59,521.13,2388.07,8131.27,8.4335,0.03,392,2388,100.0,38.73,23.2987
88,9,-0.0036,-0.0001,100.0,518.67,642.49,1591.94,1403.4,14.62,21.61,553.54,2388.16,9045.96,1.3,47.49,521.34,2388.12,8127.13,8.4392,0.03,394,2388,100.0,38.92,23.3671
88,10,0.001,0.0001,100.0,518.67,642.96,1590.19,1406.88,14.62,21.61,552.93,2388.14,9045.97,1.3,47.49,521.21,2388.11,8118.44,8.4617,0.03,393,2388,100.0,38.84,23.3047
88,11,-0.0007,-0.0004,100.0,518.67,642.47,1590.62,1404.81,14.62,21.61,553.17,2388.08,9044.86,1.3,47.33,521.05,2388.12,8128.1,8.4533,0.03,392,2388,100.0,38.79,23.3003
88,12,-0.0004,-0.0005,100.0,518.67,642.61,1582.38,1410.24,14.62,21.61,553.33,2388.12,9038.59,1.3,47.54,521.66,2388.18,8122.8,8.4017,0.03,393,2388,100.0,38.91,23.3492
88,13,0.0006,0.0001,100.0,518.67,642.3,1589.02,1405.86,14.62,21.61,553.85,2388.11,9035.54,1.3,47.51,521.33,2388.08,8118.19,8.4316,0.03,394,2388,100.0,38.89,23.2538
88,14,0.0015,0.0004,100.0,518.67,641.87,1590.6,1409.76,14.62,21.61,553.98,2388.14,9041.86,1.3,47.39,521.69,2388.06,8125.03,8.45,0.03,393,2388,100.0,38.93,23.298
88,15,0.0031,0.0002,100.0,518.67,642.68,1592.96,1411.57,14.62,21.61,553.18,2388.12,9041.27,1.3,47.47,521.04,2388.16,8124.39,8.4502,0.03,392,2388,100.0,38.9,23.4407
88,16,-0.0023,0.0002,100.0,518.67,642.54,1597.64,1406.24,14.62,21.61,553.21,2388.13,9034.39,1.3,47.65,521.02,2388.1,8114.47,8.4267,0.03,394,2388,100.0,38.83,23.3101
88,17,-0.0025,0.0003,100.0,518.67,642.92,1584.32,1408.8,14.62,21.61,553.86,2388.13,9041.16,1.3,47.43,521.38,2388.12,8125.36,8.4297,0.03,392,2388,100.0,38.73,23.2393
88,18,-0.0005,0.0001,100.0,518.67,642.91,1590.96,1405.58,14.62,21.61,553.92,2388.13,9044.01,1.3,47.41,521.74,2388.13,8125.41,8.4603,0.03,393,2388,100.0,38.9,23.2783
88,19,-0.0032,-0.0003,100.0,518.67,642.66,1589.57,1403.25,14.62,21.61,554.02,2388.07,9038.02,1.3,47.48,521.32,2388.11,8119.37,8.4401,0.03,394,2388,100.0,38.75,23.3246
88,20,-0.0015,0.0002,100.0,518.67,642.49,1591.84,1407.01,14.62,21.61,553.77,2388.13,9036.1,1.3,47.46,521.61,2388.11,8122.65,8.4458,0.03,394,2388,100.0,38.85,23.363
88,21,-0.0016,-0.0005,100.0,518.67,642.25,1592.2,1410.01,14.62,21.61,552.95,2388.12,9039.73,1.3,47.56,521.71,2388.14,8126.12,8.468,0.03,392,2388,100.0,38.91,23.2894
88,22,0.0023,0.0004,100.0,518.67,642.41,1589.35,1402.18,14.62,21.61,554.39,2388.09,9050.13,1.3,47.68,521.34,2388.07,8125.08,8.405,0.03,393,2388,100.0,38.92,23.3008
88,23,0.0025,0.0003,100.0,518.67,643.06,1587.22,1402.71,14.62,21.61,553.06,2388.17,9040.59,1.3,47.35,521.87,2388.11,8121.91,8.4441,0.03,393,2388,100.0,38.79,23.316
88,24,-0.0008,-0.0003,100.0,518.67,642.55,1590.91,1407.58,14.62,21.61,553.88,2388.13,9043.56,1.3,47.83,521.53,2388.12,8124.69,8.4455,0.03,392,2388,100.0,39.01,23.2332
88,25,-0.0004,-0.0001,100.0,518.67,642.36,1585.02,1400.85,14.62,21.61,553.69,2388.12,9038.78,1.3,47.72,521.13,2388.14,8119.8,8.4406,0.03,391,2388,100.0,38.63,23.4414
88,26,-0.0003,-0.0004,100.0,518.67,642.85,1584.01,1408.72,14.62,21.61,553.66,2388.13,9040.47,1.3,47.57,521.57,2388.14,8123.78,8.439,0.03,393,2388,100.0,38.8,23.2317
88,27,0.0003,-0.0003,100.0,518.67,642.41,1582.7,1415.0,14.62,21.61,553.27,2388.18,9046.96,1.3,47.35,521.59,2388.13,8124.3,8.4386,0.03,394,2388,100.0,39.1,23.3721
88,28,0.0004,-0.0005,100.0,518.67,642.51,1589.92,1409.01,14.62,21.61,553.77,2388.11,9046.3,1.3,47.46,521.77,2388.15,8124.22,8.4541,0.03,393,2388,100.0,38.83,23.3438
88,29,0.0025,-0.0004,100.0,518.67,642.5,1594.83,1407.14,14.62,21.61,552.63,2388.2,9043.74,1.3,47.58,521.49,2388.13,8117.53,8.3956,0.03,393,2388,100.0,38.78,23.3085
88,30,0.0037,0.0002,100.0,518.67,642.62,1578.58,1407.33,14.62,21.61,553.55,2388.14,9039.45,1.3,47.49,521.2,2388.11,8127.76,8.4305,0.03,393,2388,100.0,38.91,23.2745
88,31,-0.0025,0.0004,100.0,518.67,642.79,1595.61,1406.36,14.62,21.61,552.87,2388.11,9037.41,1.3,47.28,521.27,2388.16,8122.32,8.4552,0.03,394,2388,100.0,38.63,23.2831
88,32,-0.0035,0.0001,100.0,518.67,642.9,1591.06,1407.04,14.62,21.61,553.08,2388.2,9039.57,1.3,47.48,521.57,2388.19,8122.97,8.4502,0.03,392,2388,100.0,38.95,23.3364
88,33,0.0007,-0.0003,100.0,518.67,642.34,1589.19,1408.02,14.62,21.61,553.1,2388.12,9040.93,1.3,47.57,521.78,2388.14,8126.24,8.4775,0.03,395,2388,100.0,38.81,23.3141
88,34,0.0018,0.0004,100.0,518.67,642.1,1593.4,1402.78,14.62,21.61,553.59,2388.15,9039.43,1.3,47.44,521.2,2388.12,8123.49,8.4462,0.03,393,2388,100.0,38.78,23.2251
88,35,-0.0044,0.0004,100.0,518.67,643.23,1594.84,1403.59,14.62,21.61,553.11,2388.17,9043.97,1.3,47.53,521.49,2388.15,8125.5,8.4012,0.03,394,2388,100.0,38.84,23.2679
88,36,-0.0023,-0.0003,100.0,518.67,642.11,1594.52,1418.9,14.62,21.61,553.04,2388.1,9048.44,1.3,47.6,521.17,2388.15,8123.93,8.4384,0.03,393,2388,100.0,39.05,23.2131
88,37,0.0005,-0.0001,100.0,518.67,642.77,1583.66,1408.46,14.62,21.61,552.94,2388.1,9041.37,1.3,47.61,521.7,2388.1,8120.17,8.4487,0.03,395,2388,100.0,39.09,23.3262
88,38,-0.0004,-0.0003,100.0,518.67,643.12,1590.95,1413.07,14.62,21.61,553.38,2388.21,9043.63,1.3,47.56,521.15,2388.1,8124.94,8.4223,0.03,393,2388,100.0,38.92,23.3481
88,39,-0.0028,-0.0004,100.0,518.67,642.37,1596.74,1411.1,14.62,21.61,552.41,2388.21,9037.93,1.3,47.64,521.41,2388.15,8117.1,8.4668,0.03,393,2388,100.0,38.72,23.3175
88,40,-0.0025,0.0003,100.0,518.67,642.79,1591.36,1411.97,14.62,21.61,553.06,2388.08,9040.35,1.3,47.57,521.46,2388.1,8124.42,8.4498,0.03,394,2388,100.0,38.84,23.2782
88,41,-0.0005,-0.0004,100.0,518.67,642.89,1590.11,1410.35,14.62,21.61,553.15,2388.14,9041.9,1.3,47.48,521.33,2388.15,8123.92,8.5013,0.03,392,2388,100.0,38.87,23.29
88,42,-0.0019,0.0004,100.0,518.67,642.97,1587.98,1403.75,14.62,21.61,553.22,2388.1,9035.26,1.3,47.49,521.24,2388.18,8126.85,8.4367,0.03,394,2388,100.0,38.88,23.3554
88,43,-0.0014,-0.0002,100.0,518.67,642.75,1585.52,1402.66,14.62,21.61,553.74,2388.13,9037.01,1.3,47.56,521.26,2388.13,8121.05,8.499,0.03,392,2388,100.0,38.64,23.3775
88,44,-0.0006,0.0001,100.0,518.67,642.75,1584.15,1406.4,14.62,21.61,553.41,2388.11,9040.04,1.3,47.66,521.39,2388.11,8122.68,8.4314,0.03,393,2388,100.0,38.73,23.2095
88,45,0.001,0.0002,100.0,518.67,642.21,1585.19,1410.25,14.62,21.61,552.63,2388.13,9040.54,1.3,47.55,521.66,2388.11,8126.22,8.4397,0.03,391,2388,100.0,39.03,23.265
88,46,-0.0011,-0.0,100.0,518.67,642.45,1592.1,1409.18,14.62,21.61,553.53,2388.14,9036.92,1.3,47.56,521.75,2388.13,8118.69,8.4614,0.03,393,2388,100.0,38.72,23.2785
88,47,-0.0007,-0.0005,100.0,518.67,642.93,1588.25,1412.45,14.62,21.61,552.57,2388.17,9037.86,1.3,47.56,521.67,2388.17,8120.56,8.4618,0.03,393,2388,100.0,38.75,23.2839
88,48,-0.0038,0.0001,100.0,518.67,643.02,1590.15,1414.78,14.62,21.61,553.13,2388.11,9042.42,1.3,47.54,521.32,2388.15,8126.06,8.4457,0.03,394,2388,100.0,38.89,23.3389
88,49,0.0011,-0.0001,100.0,518.67,642.93,1585.74,1410.12,14.62,21.61,553.63,2388.15,9036.17,1.3,47.49,521.11,2388.14,8119.46,8.4464,0.03,393,2388,100.0,38.86,23.3381
88,50,0.0007,-0.0002,100.0,518.67,642.73,1587.49,1413.38,14.62,21.61,553.13,2388.15,9041.44,1.3,47.8,521.45,2388.17,8123.4,8.4463,0.03,393,2388,100.0,38.86,23.3105
88,51,0.0025,0.0001,100.0,518.67,642.75,1587.61,1414.38,14.62,21.61,553.11,2388.15,9041.11,1.3,47.47,521.81,2388.16,8122.74,8.4187,0.03,393,2388,100.0,38.86,23.188
88,52,0.0006,0.0001,100.0,518.67,642.4,1594.14,1400.8,14.62,21.61,553.23,2388.09,9047.07,1.3,47.46,521.16,2388.15,8116.0,8.4407,0.03,392,2388,100.0,38.9,23.255
88,53,0.0006,-0.0005,100.0,518.67,642.7,1590.13,1417.21,14.62,21.61,552.38,2388.12,9041.2,1.3,47.5,521.47,2388.15,8121.5,8.4582,0.03,394,2388,100.0,38.91,23.3194
88,54,0.0003,0.0004,100.0,518.67,642.9,1595.03,1408.97,14.62,21.61,552.93,2388.18,9043.82,1.3,47.56,521.44,2388.11,8119.47,8.4574,0.03,393,2388,100.0,38.81,23.2953
88,55,-0.004,0.0002,100.0,518.67,642.65,1588.1,1409.13,14.62,21.61,553.93,2388.15,9044.38,1.3,47.62,521.07,2388.16,8123.46,8.4335,0.03,394,2388,100.0,38.86,23.3099
88,56,0.0017,-0.0001,100.0,518.67,642.73,1594.54,1405.19,14.62,21.61,554.24,2388.12,9044.18,1.3,47.67,520.97,2388.14,8122.56,8.4294,0.03,394,2388,100.0,38.76,23.3109
88,57,0.0004,0.0005,100.0,518.67,642.51,1584.53,1413.78,14.62,21.61,553.41,2388.13,9040.23,1.3,47.57,521.66,2388.16,8118.81,8.4466,0.03,392,2388,100.0,38.93,23.3871
88,58,0.0057,-0.0002,100.0,518.67,643.1,1597.42,1420.68,14.62,21.61,553.62,2388.13,9047.68,1.3,47.72,521.23,2388.13,8128.44,8.4471,0.03,393,2388,100.0,38.69,23.3424
88,59,-0.0016,0.0002,100.0,518.67,642.68,1587.45,1411.2,14.62,21.61,552.47,2388.11,9032.37,1.3,47.63,520.99,2388.17,8122.62,8.4474,0.03,394,2388,100.0,38.81,23.1188
88,60,0.0038,0.0002,100.0,518.67,642.57,1595.9,1410.42,14.62,21.61,553.53,2388.17,9035.46,1.3,47.52,521.05,2388.12,8126.04,8.4487,0.03,392,2388,100.0,38.7,23.2721
88,61,0.0012,0.0001,100.0,518.67,642.71,1596.66,1417.75,14.62,21.61,552.97,2388.13,9038.82,1.3,47.47,521.39,2388.12,8116.47,8.4695,0.03,393,2388,100.0,38.88,23.3831
88,62,0.0039,-0.0002,100.0,518.67,642.49,1590.53,1409.31,14.62,21.61,553.22,2388.12,9042.33,1.3,47.59,521.7,2388.15,8120.32,8.4381,0.03,394,2388,100.0,38.95,23.3198
88,63,-0.0011,0.0001,100.0,518.67,642.35,1593.15,1412.56,14.62,21.61,553.91,2388.11,9040.25,1.3,47.53,521.03,2388.19,8120.33,8.4343,0.03,392,2388,100.0,38.77,23.2003
88,64,-0.0008,-0.0002,100.0,518.67,643.13,1588.89,1407.75,14.62,21.61,553.41,2388.15,9039.31,1.3,47.66,520.76,2388.13,8116.7,8.4679,0.03,394,2388,100.0,38.74,23.2054
88,65,-0.0003,-0.0004,100.0,518.67,642.66,1585.78,1407.4,14.62,21.61,552.98,2388.17,9039.95,1.3,47.58,521.5,2388.13,8121.87,8.4519,0.03,392,2388,100.0,38.93,23.3195
88,66,0.0005,0.0003,100.0,518.67,642.52,1581.09,1413.59,14.62,21.61,553.44,2388.14,9042.09,1.3,47.57,521.05,2388.11,8124.67,8.4488,0.03,393,2388,100.0,38.92,23.3057
88,67,-0.0015,0.0004,100.0,518.67,643.41,1592.44,1410.12,14.62,21.61,553.4,2388.16,9045.02,1.3,47.76,521.34,2388.15,8126.17,8.4647,0.03,393,2388,100.0,38.67,23.3608
88,68,0.0021,0.0005,100.0,518.67,642.91,1593.67,1405.22,14.62,21.61,553.68,2388.14,9046.75,1.3,47.39,521.69,2388.18,8127.79,8.4101,0.03,394,2388,100.0,38.8,23.4181
90,1,-0.0037,-0.0,100.0,518.67,642.89,1587.96,1401.49,14.62,21.61,553.51,2388.11,9050.96,1.3,47.37,521.31,2388.08,8135.36,8.3984,0.03,393,2388,100.0,38.95,23.3891
90,2,-0.0002,0.0001,100.0,518.67,643.09,1589.03,1405.19,14.62,21.61,554.1,2388.06,9050.63,1.3,47.48,521.6,2388.07,8134.68,8.4127,0.03,393,2388,100.0,39.06,23.2078
90,3,0.0016,0.0003,100.0,518.67,642.99,1584.28,1405.17,14.62,21.61,553.29,2388.07,9052.24,1.3,47.38,521.78,2388.08,8133.14,8.4499,0.03,392,2388,100.0,39.13,23.2251
90,4,0.0002,-0.0003,100.0,518.67,642.11,1594.43,1404.64,14.62,21.61,554.09,2388.14,9057.29,1.3,47.38,522.1,2388.1,8133.98,8.4425,0.03,393,2388,100.0,38.89,23.1896
90,5,0.0013,0.0002,100.0,518.67,642.75,1589.58,1400.17,14.62,21.61,553.9,2388.04,9050.69,1.3,47.42,521.76,2388.1,8134.85,8.4035,0.03,393,2388,100.0,39.08,23.4549
90,6,0.0015,-0.0002,100.0,518.67,642.81,1587.37,1403.45,14.62,21.61,553.52,2388.02,9044.43,1.3,47.38,521.33,2388.07,8131.76,8.4273,0.03,391,2388,100.0,38.8,23.3419
90,7,0.0009,-0.0002,100.0,518.67,642.73,1583.12,1405.92,14.62,21.61,553.72,2388.1,9055.59,1.3,47.4,521.61,2388.05,8130.89,8.4112,0.03,393,2388,100.0,38.88,23.3761
90,8,-0.0015,-0.0001,100.0,518.67,642.68,1582.38,1409.45,14.62,21.61,553.47,2388.05,9045.37,1.3,47.53,521.15,2388.07,8134.7,8.4018,0.03,394,2388,100.0,39.11,23.294
90,9,0.0009,0.0002,100.0,518.67,642.45,1584.54,1400.23,14.62,21.61,553.89,2388.06,9051.64,1.3,47.5,521.9,2388.03,8132.89,8.3868,0.03,394,2388,100.0,38.79,23.308
90,10,-0.0012,-0.0002,100.0,518.67,642.82,1590.71,1402.91,14.62,21.61,554.5,2388.12,9057.95,1.3,47.45,521.55,2388.05,8129.96,8.4305,0.03,393,2388,100.0,38.88,23.3636
90,11,-0.0,-0.0001,100.0,518.67,642.44,1577.37,1400.56,14.62,21.61,554.09,2388.09,9052.21,1.3,47.39,521.7,2388.05,8131.19,8.4333,0.03,392,2388,100.0,38.76,23.2953
90,12,0.0019,-0.0001,100.0,518.67,642.16,1588.34,1410.98,14.62,21.61,554.19,2388.1,9052.8,1.3,47.47,522.13,2388.09,8134.84,8.3721,0.03,393,2388,100.0,38.98,23.4209
90,13,-0.0002,-0.0002,100.0,518.67,642.46,1580.51,1402.81,14.62,21.61,553.88,2388.04,9055.13,1.3,47.53,521.99,2388.12,8133.74,8.4003,0.03,393,2388,100.0,38.84,23.4099
90,14,-0.0016,-0.0002,100.0,518.67,642.61,1585.17,1396.49,14.62,21.61,555.21,2388.1,9048.35,1.3,47.35,521.75,2388.14,8133.11,8.4587,0.03,391,2388,100.0,38.74,23.2444
90,15,0.0002,0.0004,100.0,518.67,642.97,1586.41,1409.05,14.62,21.61,553.16,2388.11,9045.03,1.3,47.55,521.33,2388.09,8130.83,8.4444,0.03,393,2388,100.0,38.77,23.3659
90,16,0.0011,0.0004,100.0,518.67,642.45,1583.36,1402.35,14.62,21.61,554.11,2388.04,9054.23,1.3,47.4,521.82,2388.05,8133.35,8.4216,0.03,390,2388,100.0,39.01,23.3104
90,17,-0.0004,0.0001,100.0,518.67,642.39,1591.87,1410.22,14.62,21.61,554.44,2388.08,9057.82,1.3,47.62,521.08,2388.05,8130.48,8.445,0.03,392,2388,100.0,38.91,23.2874
90,18,-0.0013,0.0004,100.0,518.67,642.09,1594.43,1399.78,14.62,21.61,553.6,2388.08,9053.41,1.3,47.26,521.33,2388.04,8130.17,8.4517,0.03,393,2388,100.0,38.96,23.3594
90,19,-0.0006,0.0002,100.0,518.67,642.62,1599.25,1404.95,14.62,21.61,553.13,2388.09,9058.21,1.3,47.55,521.69,2388.08,8133.27,8.3993,0.03,392,2388,100.0,38.92,23.3568
90,20,-0.0014,0.0004,100.0,518.67,642.16,1582.44,1406.75,14.62,21.61,553.76,2388.1,9058.67,1.3,47.34,522.01,2388.07,8137.2,8.4224,0.03,394,2388,100.0,38.99,23.2402
90,21,-0.0008,0.0002,100.0,518.67,642.8,1586.47,1404.97,14.62,21.61,553.59,2388.07,9045.21,1.3,47.29,521.54,2388.11,8135.24,8.4469,0.03,392,2388,100.0,38.94,23.28
90,22,0.0023,0.0004,100.0,518.67,642.43,1586.68,1404.39,14.62,21.61,553.78,2388.08,9054.25,1.3,47.28,521.55,2388.15,8134.14,8.4311,0.03,392,2388,100.0,38.9,23.3558
90,23,0.0,0.0002,100.0,518.67,642.22,1595.9,1399.92,14.62,21.61,554.15,2388.06,9055.27,1.3,47.47,521.29,2388.08,8131.28,8.3915,0.03,394,2388,100.0,38.98,23.2621
90,24,0.0061,0.0002,100.0,518.67,642.43,1594.95,1409.68,14.62,21.61,553.76,2388.08,9053.41,1.3,47.44,521.84,2388.08,8132.39,8.3756,0.03,393,2388,100.0,38.83,23.3114
90,25,0.0008,0.0,100.0,518.67,642.63,1580.92,1410.09,14.62,21.61,553.76,2388.06,9054.02,1.3,47.23,521.38,2388.1,8134.46,8.4273,0.03,394,2388,100.0,38.91,23.3244
90,26,0.0013,-0.0005,100.0,518.67,641.93,1591.5,1406.96,14.62,21.61,553.48,2388.06,9055.46,1.3,47.39,521.33,2388.08,8137.33,8.4271,0.03,392,2388,100.0,38.91,23.4253
90,27,-0.0017,-0.0,100.0,518.67,642.68,1583.95,1409.06,14.62,21.61,554.0,2388.01,9060.73,1.3,47.27,522.07,2388.11,8134.89,8.4004,0.03,393,2388,100.0,38.71,23.4025
90,28,0.001,0.0003,100.0,518.67,642.57,1585.56,1401.1,14.62,21.61,554.18,2388.07,9057.11,1.3,47.29,522.22,2388.06,8138.5,8.4119,0.03,391,2388,100.0,38.86,23.2643
90,29,0.0014,0.0005,100.0,518.67,642.41,1595.89,1403.52,14.62,21.61,554.34,2388.07,9045.85,1.3,47.44,521.58,2388.08,8135.06,8.4479,0.03,394,2388,100.0,39.04,23.4625
90,30,0.0009,-0.0004,100.0,518.67,642.49,1587.02,1404.57,14.62,21.61,553.87,2388.06,9045.88,1.3,47.51,521.9,2388.08,8134.56,8.4235,0.03,391,2388,100.0,38.83,23.373
90,31,0.002,0.0002,100.0,518.67,643.14,1591.36,1407.54,14.62,21.61,553.43,2388.05,9048.89,1.3,47.42,521.47,2388.08,8129.3,8.4213,0.03,393,2388,100.0,38.83,23.2239
90,32,0.0012,-0.0,100.0,518.67,642.42,1589.52,1402.5,14.62,21.61,554.16,2388.06,9048.21,1.3,47.32,521.62,2388.11,8136.08,8.3933,0.03,392,2388,100.0,38.91,23.3657
90,33,0.0009,0.0002,100.0,518.67,641.94,1584.75,1407.94,14.62,21.61,553.32,2388.04,9054.36,1.3,47.47,521.63,2388.05,8138.88,8.4308,0.03,392,2388,100.0,38.91,23.3297
90,34,-0.001,0.0003,100.0,518.67,642.47,1587.14,1400.07,14.62,21.61,553.14,2388.11,9049.3,1.3,47.39,522.09,2388.11,8132.99,8.4128,0.03,393,2388,100.0,39.0,23.3164
90,35,-0.0009,-0.0002,100.0,518.67,642.57,1584.51,1409.09,14.62,21.61,554.15,2388.09,9056.49,1.3,47.27,521.56,2388.12,8136.06,8.4103,0.03,392,2388,100.0,39.04,23.3336
90,36,0.0004,0.0004,100.0,518.67,642.5,1585.6,1405.2,14.62,21.61,554.36,2388.08,9053.84,1.3,47.42,521.92,2388.12,8135.46,8.4165,0.03,394,2388,100.0,39.01,23.4152
90,37,0.002,-0.0002,100.0,518.67,642.39,1590.16,1398.54,14.62,21.61,554.05,2388.06,9055.93,1.3,47.3,521.63,2388.09,8133.18,8.41,0.03,393,2388,100.0,38.66,23.3703
90,38,0.0017,0.0003,100.0,518.67,642.62,1586.84,1401.77,14.62,21.61,553.51,2388.1,9059.65,1.3,47.42,522.0,2388.05,8136.6,8.4231,0.03,392,2388,100.0,38.9,23.3712
90,39,0.0023,-0.0,100.0,518.67,641.94,1587.37,1408.43,14.62,21.61,553.79,2388.07,9052.03,1.3,47.41,521.45,2388.09,8139.29,8.4504,0.03,393,2388,100.0,39.01,23.3395
90,40,-0.0017,0.0003,100.0,518.67,642.28,1586.28,1400.87,14.62,21.61,554.28,2388.09,9052.39,1.3,47.42,521.89,2388.08,8135.1,8.3946,0.03,393,2388,100.0,38.88,23.4001
90,41,-0.0007,0.0,100.0,518.67,642.66,1591.0,1398.48,14.62,21.61,553.96,2388.1,9056.76,1.3,47.33,520.98,2388.09,8133.41,8.4034,0.03,394,2388,100.0,38.8,23.3574
90,42,0.0011,-0.0001,100.0,518.67,642.47,1593.32,1404.38,14.62,21.61,554.24,2388.09,9053.17,1.3,47.52,521.99,2388.05,8135.66,8.4512,0.03,393,2388,100.0,38.64,23.2434
90,43,-0.0018,0.0003,100.0,518.67,642.39,1590.11,1412.79,14.62,21.61,553.79,2388.05,9051.82,1.3,47.33,521.48,2388.08,8139.43,8.4154,0.03,392,2388,100.0,38.97,23.2726
90,44,-0.0006,0.0002,100.0,518.67,642.49,1588.2,1411.32,14.62,21.61,554.17,2388.13,9055.81,1.3,47.42,521.59,2388.14,8133.76,8.4544,0.03,394,2388,100.0,39.08,23.1496
90,45,0.0009,0.0003,100.0,518.67,641.79,1581.06,1400.63,14.62,21.61,554.11,2388.1,9054.3,1.3,47.35,521.96,2388.09,8138.02,8.4101,0.03,393,2388,100.0,38.85,23.4287
90,46,0.0005,-0.0004,100.0,518.67,642.99,1585.4,1405.48,14.62,21.61,553.55,2388.06,9060.94,1.3,47.37,520.87,2388.03,8135.07,8.4329,0.03,392,2388,100.0,38.79,23.3658
90,47,-0.0004,-0.0003,100.0,518.67,642.81,1592.5,1406.86,14.62,21.61,553.23,2388.08,9044.51,1.3,47.41,522.32,2388.09,8136.19,8.41,0.03,392,2388,100.0,38.79,23.3724
90,48,-0.0042,-0.0004,100.0,518.67,642.68,1581.94,1409.55,14.62,21.61,553.54,2388.12,9055.84,1.3,47.42,521.1,2388.07,8138.67,8.4603,0.03,392,2388,100.0,38.87,23.4397
90,49,-0.0028,-0.0001,100.0,518.67,642.44,1584.01,1406.5,14.62,21.61,554.55,2388.04,9054.1,1.3,47.31,521.3,2388.07,8142.99,8.4184,0.03,393,2388,100.0,38.94,23.3724
90,50,-0.0052,-0.0001,100.0,518.67,642.4,1591.2,1405.6,14.62,21.61,553.57,2388.02,9056.04,1.3,47.43,521.46,2388.09,8135.24,8.4005,0.03,394,2388,100.0,38.85,23.3804
90,51,-0.0018,-0.0001,100.0,518.67,642.14,1587.77,1410.4,14.62,21.61,554.33,2388.08,9056.26,1.3,47.54,521.88,2388.04,8135.9,8.4169,0.03,393,2388,100.0,39.14,23.3603
90,52,0.0007,0.0003,100.0,518.67,642.19,1590.12,1407.39,14.62,21.61,554.11,2388.09,9053.73,1.3,47.49,522.1,2388.05,8140.47,8.3835,0.03,394,2388,100.0,38.88,23.1998
90,53,0.005,-0.0002,100.0,518.67,642.4,1592.85,1409.21,14.62,21.61,553.76,2388.04,9050.72,1.3,47.49,521.66,2388.04,8127.98,8.4148,0.03,392,2388,100.0,38.97,23.2785
90,54,-0.0033,0.0004,100.0,518.67,642.38,1586.9,1405.49,14.62,21.61,554.02,2388.16,9058.32,1.3,47.44,521.74,2388.16,8140.17,8.4052,0.03,393,2388,100.0,38.98,23.3071
90,55,-0.0022,0.0004,100.0,518.67,642.67,1583.55,1407.78,14.62,21.61,553.45,2388.13,9048.22,1.3,47.69,521.58,2388.07,8132.05,8.4344,0.03,393,2388,100.0,38.68,23.223
90,56,-0.0,0.0003,100.0,518.67,642.61,1593.72,1402.16,14.62,21.61,553.75,2388.11,9060.62,1.3,47.49,521.86,2388.08,8137.46,8.4213,0.03,393,2388,100.0,38.79,23.3167
90,57,-0.0025,0.0001,100.0,518.67,642.17,1588.76,1403.1,14.62,21.61,553.84,2388.13,9052.3,1.3,47.6,521.68,2388.07,8135.34,8.4375,0.03,392,2388,100.0,38.86,23.2938
90,58,0.0012,0.0001,100.0,518.67,643.01,1591.9,1402.74,14.62,21.61,553.27,2388.11,9051.17,1.3,47.38,521.38,2388.05,8136.13,8.4282,0.03,393,2388,100.0,38.93,23.3657
90,59,0.0039,0.0003,100.0,518.67,641.85,1587.22,1399.41,14.62,21.61,553.32,2388.07,9058.62,1.3,47.29,521.16,2388.11,8138.45,8.4231,0.03,394,2388,100.0,38.9,23.3723
90,60,-0.0031,0.0002,100.0,518.67,642.08,1584.08,1397.84,14.62,21.61,553.58,2388.11,9059.92,1.3,47.33,521.86,2388.06,8142.66,8.4257,0.03,393,2388,100.0,38.9,23.338
90,61,-0.0005,0.0001,100.0,518.67,641.82,1590.8,1408.74,14.62,21.61,552.91,2388.1,9047.43,1.3,47.72,521.73,2388.12,8133.64,8.443,0.03,393,2388,100.0,38.85,23.3701
90,62,-0.0023,-0.0003,100.0,518.67,642.8,1583.33,1402.98,14.62,21.61,553.03,2388.09,9060.69,1.3,47.31,521.76,2388.12,8131.95,8.4568,0.03,392,2388,100.0,38.6,23.3219
90,63,0.0011,0.0,100.0,518.67,642.5,1589.73,1408.18,14.62,21.61,553.71,2388.13,9060.07,1.3,47.57,521.79,2388.11,8142.67,8.423,0.03,394,2388,100.0,38.89,23.2679
90,64,-0.0011,-0.0,100.0,518.67,642.41,1591.75,1412.04,14.62,21.61,554.38,2388.06,9054.93,1.3,47.41,521.24,2388.14,8133.12,8.4451,0.03,393,2388,100.0,38.78,23.3348
90,65,-0.001,-0.0001,100.0,518.67,642.05,1587.87,1398.5,14.62,21.61,552.75,2388.03,9057.87,1.3,47.51,521.42,2388.13,8138.83,8.4354,0.03,392,2388,100.0,38.83,23.2937
90,66,-0.0005,0.0003,100.0,518.67,642.39,1585.92,1405.3,14.62,21.61,553.48,2388.04,9064.74,1.3,47.41,521.27,2388.07,8132.62,8.4356,0.03,392,2388,100.0,38.85,23.2364
90,67,0.0035,-0.0004,100.0,518.67,642.45,1595.81,1408.79,14.62,21.61,553.57,2388.05,9056.59,1.3,47.41,521.98,2388.07,8135.97,8.3958,0.03,392,2388,100.0,38.64,23.3605
90,68,-0.0031,-0.0004,100.0,518.67,642.11,1594.8,1408.33,14.62,21.61,553.58,2388.1,9051.78,1.3,47.44,521.46,2388.12,8135.7,8.3991,0.03,393,2388,100.0,38.93,23.3251
90,69,-0.0005,-0.0003,100.0,518.67,642.36,1595.03,1404.41,14.62,21.61,553.09,2388.1,9056.53,1.3,47.38,522.13,2388.1,8132.86,8.4375,0.03,394,2388,100.0,38.94,23.3623
90,70,-0.0007,0.0003,100.0,518.67,642.38,1596.06,1401.46,14.62,21.61,553.55,2388.12,9048.15,1.3,47.45,522.11,2388.1,8137.83,8.4205,0.03,393,2388,100.0,38.95,23.2985
90,71,-0.0037,-0.0004,100.0,518.67,642.47,1586.81,1408.9,14.62,21.61,553.17,2388.06,9057.1,1.3,47.51,521.86,2388.07,8136.22,8.4137,0.03,394,2388,100.0,38.77,23.1824
90,72,-0.0031,-0.0004,100.0,518.67,642.38,1586.22,1409.77,14.62,21.61,553.41,2388.11,9055.34,1.3,47.47,521.61,2387.98,8139.89,8.428,0.03,390,2388,100.0,38.71,23.2501
90,73,0.0016,0.0002,100.0,518.67,642.63,1584.31,1406.47,14.62,21.61,553.57,2388.09,9052.98,1.3,47.41,521.52,2388.12,8139.24,8.4275,0.03,394,2388,100.0,38.89,23.3578
90,74,-0.0012,0.0004,100.0,518.67,642.11,1584.48,1409.14,14.62,21.61,553.58,2388.14,9058.14,1.3,47.49,521.63,2388.09,8137.6,8.4309,0.03,392,2388,100.0,38.8,23.431
90,75,-0.0025,-0.0004,100.0,518.67,642.02,1594.53,1408.62,14.62,21.61,553.97,2388.04,9051.88,1.3,47.64,521.4,2388.05,8138.31,8.4334,0.03,391,2388,100.0,38.86,23.2023
90,76,-0.0018,0.0005,100.0,518.67,642.09,1589.92,1405.08,14.62,21.61,553.19,2388.12,9059.81,1.3,47.74,521.85,2388.11,8141.16,8.4028,0.03,394,2388,100.0,38.58,23.2111
90,77,0.0002,-0.0002,100.0,518.67,642.42,1587.67,1406.73,14.62,21.61,554.06,2388.08,9055.36,1.3,47.55,521.27,2388.12,8133.01,8.4277,0.03,393,2388,100.0,38.92,23.4005
90,78,-0.0003,-0.0004,100.0,518.67,642.34,1595.01,1402.76,14.62,21.61,554.0,2388.13,9048.51,1.3,47.69,521.67,2388.18,8137.06,8.4378,0.03,394,2388,100.0,38.99,23.2757
90,79,-0.0041,0.0,100.0,518.67,642.11,1588.36,1404.37,14.62,21.61,553.41,2388.08,9066.3,1.3,47.51,520.99,2388.09,8138.83,8.4237,0.03,393,2388,100.0,39.0,23.2649
90,80,0.0033,0.0004,100.0,518.67,642.5,1590.36,1401.23,14.62,21.61,553.79,2388.07,9063.03,1.3,47.59,521.4,2388.04,8137.15,8.4374,0.03,394,2388,100.0,38.96,23.2559
90,81,0.0047,-0.0003,100.0,518.67,642.59,1590.78,1402.22,14.62,21.61,553.93,2388.12,9062.2,1.3,47.51,521.64,2388.07,8135.49,8.4637,0.03,393,2388,100.0,38.91,23.3703
90,82,-0.0028,0.0004,100.0,518.67,642.58,1593.61,1407.61,14.62,21.61,553.57,2388.1,9062.62,1.3,47.5,521.63,2388.11,8137.75,8.4237,0.03,393,2388,100.0,38.74,23.2881
90,83,-0.0055,-0.0004,100.0,518.67,642.56,1587.42,1404.0,14.62,21.61,552.59,2388.06,9062.25,1.3,47.47,521.52,2388.15,8136.93,8.4602,0.03,393,2388,100.0,39.04,23.3756
90,84,0.0038,0.0002,100.0,518.67,642.36,1591.83,1409.17,14.62,21.61,553.18,2388.04,9065.56,1.3,47.58,521.9,2388.08,8139.32,8.4715,0.03,393,2388,100.0,38.87,23.3228
90,85,0.0008,-0.0003,100.0,518.67,642.43,1589.95,1409.99,14.62,21.61,552.31,2388.12,9055.37,1.3,47.36,521.56,2388.13,8141.71,8.4564,0.03,393,2388,100.0,38.9,23.2542
90,86,0.0,0.0004,100.0,518.67,642.45,1587.01,1409.1,14.62,21.61,553.08,2388.11,9057.52,1.3,47.62,521.41,2388.11,8142.25,8.4158,0.03,395,2388,100.0,38.99,23.2603
90,87,0.0004,0.0002,100.0,518.67,642.47,1582.08,1407.08,14.62,21.61,553.75,2388.15,9064.05,1.3,47.64,521.73,2388.12,8141.22,8.433,0.03,391,2388,100.0,38.88,23.2589
90,88,-0.0003,-0.0,100.0,518.67,642.59,1590.47,1405.39,14.62,21.61,552.38,2388.05,9058.17,1.3,47.34,521.58,2388.09,8140.47,8.4386,0.03,394,2388,100.0,38.81,23.3355
90,89,-0.0011,-0.0005,100.0,518.67,642.72,1594.12,1411.88,14.62,21.61,553.95,2388.12,9060.39,1.3,47.37,521.48,2388.07,8135.57,8.4268,0.03,394,2388,100.0,38.88,23.4016
90,90,0.0024,0.0002,100.0,518.67,643.29,1584.63,1410.87,14.62,21.61,553.59,2388.12,9066.83,1.3,47.38,521.68,2388.09,8137.17,8.409,0.03,393,2388,100.0,38.84,23.3329
90,91,-0.0026,-0.0002,100.0,518.67,642.42,1592.33,1408.02,14.62,21.61,552.75,2388.09,9058.5,1.3,47.46,521.41,2388.11,8139.53,8.4441,0.03,392,2388,100.0,38.83,23.3264
90,92,0.002,-0.0001,100.0,518.67,642.29,1586.97,1401.57,14.62,21.61,553.69,2388.12,9058.5,1.3,47.58,521.34,2388.13,8133.1,8.458,0.03,394,2388,100.0,38.8,23.249
90,93,-0.001,0.0001,100.0,518.67,642.65,1594.59,1414.35,14.62,21.61,553.58,2388.07,9062.81,1.3,47.25,521.68,2388.14,8140.56,8.4219,0.03,393,2388,100.0,38.76,23.3678
90,94,-0.0041,0.0001,100.0,518.67,642.39,1585.95,1405.55,14.62,21.61,553.02,2388.11,9062.39,1.3,47.41,521.02,2388.1,8144.61,8.4448,0.03,394,2388,100.0,38.8,23.346
90,95,0.0013,-0.0005,100.0,518.67,642.76,1590.91,1409.82,14.62,21.61,553.03,2388.11,9058.56,1.3,47.4,521.32,2388.11,8143.67,8.4615,0.03,393,2388,100.0,38.88,23.2959
90,96,-0.0027,-0.0004,100.0,518.67,642.32,1593.33,1409.01,14.62,21.61,553.48,2388.07,9056.31,1.3,47.42,521.82,2388.09,8141.59,8.4534,0.03,394,2388,100.0,38.83,23.3119
90,97,-0.0018,-0.0004,100.0,518.67,642.42,1590.98,1408.93,14.62,21.61,553.82,2388.11,9059.87,1.3,47.35,522.04,2388.15,8140.19,8.4819,0.03,393,2388,100.0,38.81,23.325
90,98,-0.003,0.0004,100.0,518.67,643.03,1587.28,1409.9,14.62,21.61,553.56,2388.11,9061.63,1.3,47.37,521.13,2388.09,8138.84,8.4719,0.03,394,2388,100.0,38.94,23.2928
90,99,0.0018,0.0002,100.0,518.67,642.5,1591.62,1407.14,14.62,21.61,553.28,2388.09,9063.7,1.3,47.51,521.15,2388.11,8136.9,8.4355,0.03,393,2388,100.0,38.76,23.4253
90,100,-0.002,0.0003,100.0,518.67,642.45,1589.11,1403.58,14.62,21.61,553.39,2388.07,9059.29,1.3,47.45,521.94,2388.13,8140.51,8.456,0.03,393,2388,100.0,38.82,23.2336
90,101,0.0009,-0.0003,100.0,518.67,642.77,1595.89,1404.95,14.62,21.61,553.68,2388.07,9059.82,1.3,47.68,521.67,2388.1,8139.7,8.4187,0.03,393,2388,100.0,38.94,23.2922
90,102,-0.0014,-0.0004,100.0,518.67,642.61,1589.8,1408.37,14.62,21.61,553.16,2388.1,9056.27,1.3,47.56,520.93,2388.07,8133.06,8.4108,0.03,393,2388,100.0,38.79,23.3012
90,103,0.0013,-0.0003,100.0,518.67,642.76,1593.9,1401.06,14.62,21.61,553.58,2388.08,9060.23,1.3,47.55,521.11,2388.13,8144.0,8.4524,0.03,394,2388,100.0,38.66,23.3159
90,104,0.0004,-0.0004,100.0,518.67,642.15,1588.91,1409.85,14.62,21.61,553.47,2388.15,9066.03,1.3,47.72,521.19,2388.14,8144.66,8.4284,0.03,392,2388,100.0,38.63,23.3244
90,105,-0.0022,-0.0001,100.0,518.67,642.75,1589.43,1407.28,14.62,21.61,552.68,2388.11,9062.39,1.3,47.61,521.21,2388.12,8142.74,8.4855,0.03,392,2388,100.0,39.0,23.3036
90,106,-0.0005,-0.0001,100.0,518.67,641.9,1592.75,1410.38,14.62,21.61,553.39,2388.12,9059.84,1.3,47.56,520.83,2388.12,8143.75,8.446,0.03,395,2388,100.0,38.99,23.4298
90,107,-0.0021,-0.0003,100.0,518.67,642.6,1586.62,1410.09,14.62,21.61,553.9,2388.09,9060.55,1.3,47.63,521.19,2388.0,8142.43,8.4418,0.03,393,2388,100.0,38.76,23.2226
90,108,0.0022,0.0001,100.0,518.67,642.83,1588.96,1412.33,14.62,21.61,553.13,2388.15,9059.59,1.3,47.65,521.6,2388.08,8143.57,8.444,0.03,394,2388,100.0,38.8,23.2166
90,109,0.0033,-0.0003,100.0,518.67,642.74,1591.36,1409.31,14.62,21.61,553.24,2388.18,9071.48,1.3,47.46,521.9,2388.07,8139.55,8.4402,0.03,391,2388,100.0,38.87,23.3
90,110,-0.005,-0.0002,100.0,518.67,642.95,1591.16,1412.34,14.62,21.61,552.67,2388.08,9066.37,1.3,47.41,521.58,2388.15,8146.97,8.461,0.03,393,2388,100.0,38.89,23.2839
90,111,0.003,0.0005,100.0,518.67,643.6,1595.47,1415.67,14.62,21.61,553.18,2388.1,9063.8,1.3,47.61,521.24,2388.11,8140.75,8.4539,0.03,395,2388,100.0,38.86,23.1534
90,112,0.0011,0.0001,100.0,518.67,642.72,1589.67,1410.97,14.62,21.61,553.33,2388.08,9063.21,1.3,47.53,520.99,2388.09,8142.46,8.4521,0.03,393,2388,100.0,38.77,23.1998
90,113,0.0012,0.0002,100.0,518.67,642.2,1593.16,1405.14,14.62,21.61,552.4,2388.11,9066.43,1.3,47.7,521.73,2388.16,8138.31,8.477,0.03,393,2388,100.0,38.82,23.2579
90,114,-0.0007,0.0004,100.0,518.67,642.77,1593.47,1410.06,14.62,21.61,553.1,2388.11,9060.55,1.3,47.69,521.63,2388.1,8145.41,8.4397,0.03,394,2388,100.0,38.75,23.2459
90,115,0.003,0.0003,100.0,518.67,642.55,1586.29,1415.38,14.62,21.61,553.1,2388.08,9058.9,1.3,47.45,521.03,2388.1,8143.56,8.4382,0.03,395,2388,100.0,38.72,23.1975
90,116,0.0043,0.0004,100.0,518.67,642.38,1587.73,1403.75,14.62,21.61,554.25,2388.1,9074.17,1.3,47.68,521.47,2388.1,8140.73,8.4633,0.03,394,2388,100.0,38.79,23.3683
90,117,-0.0017,0.0,100.0,518.67,643.2,1590.86,1413.98,14.62,21.61,552.96,2388.09,9066.17,1.3,47.52,520.63,2388.16,8150.64,8.4535,0.03,396,2388,100.0,38.76,23.2389
90,118,-0.0002,0.0005,100.0,518.67,642.84,1590.66,1409.22,14.62,21.61,552.75,2388.12,9075.99,1.3,47.6,521.48,2388.06,8146.94,8.4402,0.03,394,2388,100.0,38.93,23.1155
90,119,0.0041,-0.0001,100.0,518.67,642.93,1591.79,1413.03,14.62,21.61,552.73,2388.11,9076.65,1.3,47.53,521.1,2388.13,8146.55,8.424,0.03,395,2388,100.0,38.73,23.3368
90,120,-0.0002,-0.0003,100.0,518.67,642.46,1592.19,1409.27,14.62,21.61,553.14,2388.11,9067.41,1.3,47.51,521.0,2388.12,8148.26,8.4567,0.03,394,2388,100.0,38.9,23.2508
90,121,0.004,0.0001,100.0,518.67,642.66,1596.55,1418.47,14.62,21.61,552.93,2388.11,9071.0,1.3,47.57,521.07,2388.1,8141.67,8.4329,0.03,393,2388,100.0,38.72,23.2962
90,122,0.0017,-0.0003,100.0,518.67,642.97,1599.34,1410.7,14.62,21.61,553.27,2388.1,9064.94,1.3,47.54,520.9,2388.06,8153.51,8.4482,0.03,394,2388,100.0,38.7,23.2817
90,123,0.0011,0.0003,100.0,518.67,642.75,1593.14,1405.63,14.62,21.61,553.0,2388.09,9072.29,1.3,47.63,521.08,2388.11,8150.12,8.4504,0.03,394,2388,100.0,38.84,23.342
90,124,0.0016,-0.0001,100.0,518.67,642.77,1589.41,1409.07,14.62,21.61,552.57,2388.08,9079.79,1.3,47.74,520.77,2388.12,8141.17,8.4418,0.03,395,2388,100.0,38.61,23.2737
90,125,-0.003,0.0002,100.0,518.67,643.06,1592.08,1420.98,14.62,21.61,553.28,2388.16,9070.15,1.3,47.7,521.04,2388.14,8144.1,8.4873,0.03,394,2388,100.0,38.78,23.288
90,126,0.0015,-0.0004,100.0,518.67,643.05,1589.61,1412.62,14.62,21.61,552.78,2388.16,9069.31,1.3,47.54,521.24,2388.13,8145.8,8.4874,0.03,394,2388,100.0,38.75,23.3172
90,127,0.0008,-0.0004,100.0,518.67,643.0,1590.32,1411.93,14.62,21.61,552.76,2388.05,9069.96,1.3,47.67,520.81,2388.16,8149.97,8.4523,0.03,395,2388,100.0,38.78,23.1359
90,128,0.001,-0.0001,100.0,518.67,643.37,1595.03,1413.76,14.62,21.61,552.84,2388.18,9074.55,1.3,47.59,520.45,2388.11,8149.64,8.484,0.03,395,2388,100.0,38.78,23.2216
90,129,-0.0013,-0.0,100.0,518.67,643.03,1592.47,1420.08,14.62,21.61,552.52,2388.1,9073.07,1.3,47.69,521.31,2388.1,8147.95,8.4677,0.03,395,2388,100.0,38.79,23.2101
90,130,-0.0021,0.0004,100.0,518.67,642.45,1593.22,1416.62,14.62,21.61,552.76,2388.11,9082.85,1.3,47.91,521.22,2388.1,8152.5,8.457,0.03,394,2388,100.0,38.77,23.242
90,131,0.0015,0.0005,100.0,518.67,643.33,1591.59,1412.13,14.62,21.61,552.96,2388.1,9077.75,1.3,47.87,520.81,2388.19,8153.45,8.4735,0.03,394,2388,100.0,38.75,23.1518
90,132,0.0005,0.0001,100.0,518.67,642.98,1592.2,1417.8,14.62,21.61,553.05,2388.07,9070.6,1.3,47.62,520.61,2388.13,8151.52,8.4735,0.03,393,2388,100.0,38.64,23.2419
90,133,-0.0009,0.0003,100.0,518.67,642.31,1587.08,1408.53,14.62,21.61,553.59,2388.13,9078.56,1.3,47.69,521.49,2388.14,8149.23,8.4678,0.03,394,2388,100.0,38.68,23.2579
90,134,0.0033,0.0004,100.0,518.67,643.14,1590.87,1417.42,14.62,21.61,552.55,2388.17,9079.02,1.3,47.57,521.16,2388.13,8145.64,8.4984,0.03,395,2388,100.0,38.7,23.2234
90,135,-0.0035,-0.0004,100.0,518.67,642.92,1588.7,1411.8,14.62,21.61,553.05,2388.08,9077.77,1.3,47.83,520.92,2388.1,8153.93,8.4428,0.03,394,2388,100.0,38.68,23.2656
90,136,-0.0039,0.0005,100.0,518.67,642.7,1592.89,1420.97,14.62,21.61,553.55,2388.16,9080.49,1.3,47.73,520.85,2388.11,8148.69,8.4324,0.03,394,2388,100.0,38.66,23.2576
90,137,0.0001,-0.0005,100.0,518.67,642.94,1596.71,1417.83,14.62,21.61,552.81,2388.15,9073.35,1.3,47.73,521.18,2388.14,8154.51,8.463,0.03,394,2388,100.0,38.52,23.1678
90,138,0.0049,-0.0004,100.0,518.67,642.86,1595.98,1414.66,14.62,21.61,552.95,2388.12,9073.28,1.3,47.64,521.18,2388.09,8145.72,8.4683,0.03,396,2388,100.0,38.62,23.156
90,139,-0.0001,0.0002,100.0,518.67,642.53,1601.45,1412.61,14.62,21.61,552.96,2388.15,9073.83,1.3,47.81,520.57,2388.13,8154.28,8.4414,0.03,395,2388,100.0,38.83,23.1886
90,140,-0.0019,0.0003,100.0,518.67,643.37,1592.1,1416.38,14.62,21.61,553.07,2388.16,9077.0,1.3,47.96,520.79,2388.13,8153.61,8.4276,0.03,396,2388,100.0,38.77,23.2467
90,141,0.0014,-0.0002,100.0,518.67,643.1,1595.58,1420.96,14.62,21.61,553.24,2388.11,9082.7,1.3,47.65,521.46,2388.13,8153.2,8.4587,0.03,393,2388,100.0,38.71,23.1605
90,142,0.0027,-0.0003,100.0,518.67,643.31,1600.03,1424.62,14.62,21.61,553.32,2388.17,9078.4,1.3,47.86,520.32,2388.13,8158.94,8.4863,0.03,395,2388,100.0,38.73,23.1786
90,143,0.0028,-0.0005,100.0,518.67,643.3,1585.86,1412.34,14.62,21.61,552.92,2388.13,9085.09,1.3,47.86,520.95,2388.12,8157.99,8.4802,0.03,396,2388,100.0,38.7,23.0963
90,144,-0.0002,-0.0002,100.0,518.67,642.46,1597.28,1419.38,14.62,21.61,552.55,2388.19,9084.92,1.3,48.06,520.42,2388.1,8153.27,8.4487,0.03,395,2388,100.0,38.68,23.0662
90,145,0.0031,0.0003,100.0,518.67,643.3,1600.15,1423.58,14.62,21.61,552.04,2388.15,9083.44,1.3,48.06,520.0,2388.16,8156.4,8.4649,0.03,394,2388,100.0,38.49,23.1939
90,146,-0.0011,0.0003,100.0,518.67,643.45,1587.78,1418.85,14.62,21.61,552.31,2388.19,9087.59,1.3,48.0,521.32,2388.09,8156.46,8.4686,0.03,393,2388,100.0,38.6,23.1409
94,1,-0.002,-0.0,100.0,518.67,642.53,1594.22,1410.5,14.62,21.61,553.6,2388.06,9051.68,1.3,47.6,521.02,2388.05,8141.62,8.4082,0.03,393,2388,100.0,38.9,23.3876
94,2,0.0023,-0.0005,100.0,518.67,642.84,1580.67,1404.14,14.62,21.61,554.25,2388.1,9061.19,1.3,47.64,521.36,2388.12,8138.72,8.4436,0.03,393,2388,100.0,38.8,23.3623
94,3,0.0041,0.0005,100.0,518.67,642.97,1596.76,1411.42,14.62,21.61,553.16,2388.07,9060.91,1.3,47.44,521.75,2388.07,8142.19,8.4311,0.03,393,2388,100.0,38.8,23.341
94,4,-0.0003,0.0001,100.0,518.67,642.72,1585.79,1409.27,14.62,21.61,553.32,2388.12,9053.26,1.3,47.37,521.6,2388.09,8137.77,8.402,0.03,394,2388,100.0,38.8,23.3365
94,5,-0.0032,-0.0003,100.0,518.67,642.74,1581.75,1402.18,14.62,21.61,553.19,2388.1,9059.43,1.3,47.52,521.14,2388.1,8140.41,8.4254,0.03,392,2388,100.0,38.74,23.2661
94,6,-0.0011,0.0002,100.0,518.67,642.55,1587.09,1402.01,14.62,21.61,553.65,2388.09,9055.24,1.3,47.44,521.25,2388.06,8136.45,8.4396,0.03,392,2388,100.0,38.89,23.2523
94,7,-0.0024,0.0002,100.0,518.67,642.57,1587.19,1405.88,14.62,21.61,553.9,2388.09,9064.76,1.3,47.35,521.69,2388.05,8143.84,8.4284,0.03,394,2388,100.0,38.93,23.4128
94,8,0.0009,-0.0004,100.0,518.67,642.49,1585.67,1404.82,14.62,21.61,553.98,2388.08,9056.34,1.3,47.49,522.17,2388.06,8137.45,8.446,0.03,393,2388,100.0,39.21,23.3951
94,9,-0.0015,0.0,100.0,518.67,642.67,1589.82,1410.13,14.62,21.61,553.76,2388.07,9059.35,1.3,47.71,521.71,2388.05,8140.72,8.4153,0.03,392,2388,100.0,38.83,23.3147
94,10,0.001,-0.0002,100.0,518.67,642.87,1587.24,1409.84,14.62,21.61,553.37,2388.08,9061.24,1.3,47.45,521.34,2388.08,8131.68,8.4478,0.03,393,2388,100.0,38.84,23.3493
94,11,0.0016,0.0003,100.0,518.67,642.27,1595.43,1412.77,14.62,21.61,553.33,2388.02,9062.38,1.3,47.3,521.41,2388.07,8137.06,8.4056,0.03,393,2388,100.0,38.97,23.3036
94,12,0.0011,-0.0005,100.0,518.67,642.84,1591.23,1412.55,14.62,21.61,554.2,2388.02,9055.12,1.3,47.4,521.38,2388.07,8140.79,8.4038,0.03,394,2388,100.0,38.89,23.2425
94,13,0.0018,-0.0001,100.0,518.67,642.94,1586.2,1399.82,14.62,21.61,553.73,2388.07,9057.29,1.3,47.51,521.46,2388.07,8139.93,8.4614,0.03,394,2388,100.0,39.01,23.2686
94,14,0.0027,-0.0003,100.0,518.67,643.07,1592.01,1408.97,14.62,21.61,553.73,2388.04,9060.58,1.3,47.46,521.57,2388.1,8138.53,8.4462,0.03,393,2388,100.0,38.9,23.2361
94,15,0.0025,-0.0003,100.0,518.67,642.52,1590.21,1405.24,14.62,21.61,553.68,2388.1,9068.2,1.3,47.51,521.21,2388.05,8136.58,8.4354,0.03,393,2388,100.0,38.89,23.3348
94,16,-0.0032,0.0004,100.0,518.67,642.82,1594.87,1413.25,14.62,21.61,553.71,2388.08,9055.53,1.3,47.29,521.1,2388.1,8142.63,8.4416,0.03,392,2388,100.0,38.81,23.2732
94,17,-0.001,0.0003,100.0,518.67,642.79,1585.83,1406.44,14.62,21.61,553.47,2388.08,9052.18,1.3,47.4,521.46,2388.08,8139.67,8.4345,0.03,393,2388,100.0,38.82,23.2809
94,18,0.0006,0.0001,100.0,518.67,642.11,1588.04,1404.83,14.62,21.61,553.51,2388.06,9059.83,1.3,47.53,521.12,2388.1,8139.31,8.4228,0.03,394,2388,100.0,38.94,23.3135
94,19,0.0034,-0.0001,100.0,518.67,642.61,1588.01,1409.85,14.62,21.61,553.82,2388.11,9056.51,1.3,47.52,521.46,2388.13,8136.23,8.4042,0.03,392,2388,100.0,38.78,23.2914
94,20,-0.0003,0.0003,100.0,518.67,642.32,1582.32,1406.15,14.62,21.61,553.97,2388.05,9054.44,1.3,47.46,521.42,2388.07,8142.73,8.4284,0.03,392,2388,100.0,38.97,23.3443
94,21,-0.003,0.0003,100.0,518.67,642.43,1587.55,1400.65,14.62,21.61,553.4,2388.06,9059.02,1.3,47.59,521.92,2388.08,8140.52,8.4523,0.03,394,2388,100.0,38.9,23.3148
94,22,-0.0015,0.0004,100.0,518.67,643.24,1593.53,1407.17,14.62,21.61,553.94,2388.08,9064.06,1.3,47.48,521.51,2388.06,8139.67,8.4151,0.03,393,2388,100.0,38.79,23.3216
94,23,-0.0033,-0.0004,100.0,518.67,642.33,1590.59,1402.07,14.62,21.61,554.06,2388.13,9062.01,1.3,47.45,521.38,2388.1,8144.0,8.4247,0.03,391,2388,100.0,38.83,23.2713
94,24,-0.001,0.0003,100.0,518.67,642.32,1591.24,1413.07,14.62,21.61,553.27,2388.05,9059.33,1.3,47.63,521.25,2388.11,8139.41,8.4382,0.03,394,2388,100.0,38.65,23.2466
94,25,0.0023,-0.0003,100.0,518.67,642.34,1593.97,1408.7,14.62,21.61,553.37,2388.11,9058.09,1.3,47.41,521.97,2388.1,8138.2,8.4243,0.03,394,2388,100.0,38.67,23.2262
94,26,-0.0015,0.0001,100.0,518.67,643.13,1585.54,1403.64,14.62,21.61,553.54,2388.08,9053.46,1.3,47.4,521.9,2388.11,8137.78,8.412,0.03,394,2388,100.0,38.77,23.3107
94,27,0.0001,-0.0004,100.0,518.67,642.46,1587.07,1401.95,14.62,21.61,552.84,2388.1,9053.72,1.3,47.51,521.81,2388.1,8139.38,8.4861,0.03,392,2388,100.0,38.85,23.3189
94,28,-0.0019,0.0004,100.0,518.67,642.62,1593.53,1402.37,14.62,21.61,553.55,2388.1,9070.61,1.3,47.29,522.1,2388.1,8137.21,8.4317,0.03,393,2388,100.0,38.76,23.263
94,29,-0.0013,0.0001,100.0,518.67,642.94,1588.5,1406.87,14.62,21.61,553.63,2388.13,9050.89,1.3,47.58,521.4,2388.1,8138.69,8.4209,0.03,392,2388,100.0,38.73,23.2996
94,30,-0.0028,0.0002,100.0,518.67,643.01,1592.6,1404.37,14.62,21.61,553.02,2388.11,9064.95,1.3,47.59,521.09,2388.1,8136.75,8.467,0.03,395,2388,100.0,38.95,23.3347
94,31,-0.0033,0.0,100.0,518.67,642.45,1588.28,1409.29,14.62,21.61,553.72,2388.09,9059.48,1.3,47.39,521.43,2388.11,8139.15,8.4246,0.03,393,2388,100.0,38.81,23.3569
94,32,0.0006,0.0002,100.0,518.67,642.44,1586.06,1405.09,14.62,21.61,554.05,2388.01,9061.97,1.3,47.62,521.39,2388.12,8140.21,8.4552,0.03,393,2388,100.0,38.89,23.395
94,33,-0.0005,-0.0002,100.0,518.67,642.24,1587.68,1406.96,14.62,21.61,553.06,2388.08,9063.95,1.3,47.56,521.63,2388.1,8138.99,8.4335,0.03,393,2388,100.0,38.86,23.2206
94,34,-0.0034,-0.0005,100.0,518.67,642.74,1588.66,1406.43,14.62,21.61,553.96,2388.07,9059.35,1.3,47.58,521.1,2388.08,8139.57,8.4461,0.03,393,2388,100.0,38.81,23.3368
94,35,0.0022,-0.0005,100.0,518.67,642.52,1589.21,1400.67,14.62,21.61,554.0,2388.13,9058.02,1.3,47.59,521.75,2388.07,8148.26,8.4411,0.03,393,2388,100.0,38.62,23.2857
94,36,-0.0079,-0.0002,100.0,518.67,642.37,1593.09,1409.84,14.62,21.61,553.12,2388.13,9067.54,1.3,47.52,521.62,2388.07,8136.92,8.4196,0.03,394,2388,100.0,38.89,23.3814
94,37,0.0036,0.0003,100.0,518.67,642.74,1584.18,1397.15,14.62,21.61,554.03,2388.05,9066.67,1.3,47.52,521.56,2388.11,8141.73,8.4423,0.03,394,2388,100.0,38.91,23.369
94,38,0.0006,0.0004,100.0,518.67,642.52,1596.99,1402.87,14.62,21.61,552.88,2388.08,9059.03,1.3,47.52,521.52,2388.09,8135.63,8.4608,0.03,393,2388,100.0,38.87,23.3412
94,39,-0.0004,0.0004,100.0,518.67,642.66,1587.83,1411.52,14.62,21.61,553.0,2388.11,9061.07,1.3,47.3,521.74,2388.02,8138.72,8.43,0.03,393,2388,100.0,38.69,23.3626
94,40,0.0037,0.0001,100.0,518.67,642.54,1593.22,1404.09,14.62,21.61,553.75,2388.12,9058.34,1.3,47.47,521.97,2388.12,8137.65,8.4098,0.03,393,2388,100.0,38.93,23.0872
94,41,-0.0009,-0.0002,100.0,518.67,642.85,1580.81,1410.83,14.62,21.61,553.24,2388.06,9059.65,1.3,47.44,521.13,2388.08,8139.1,8.4492,0.03,392,2388,100.0,38.94,23.2761
94,42,-0.0011,0.0,100.0,518.67,642.36,1588.13,1413.88,14.62,21.61,553.65,2388.03,9056.57,1.3,47.57,521.88,2388.06,8136.1,8.4292,0.03,394,2388,100.0,39.1,23.2371
94,43,-0.0032,0.0001,100.0,518.67,642.51,1584.15,1406.58,14.62,21.61,553.18,2388.09,9049.85,1.3,47.49,521.74,2388.08,8139.46,8.4218,0.03,394,2388,100.0,38.66,23.3468
94,44,-0.002,0.0003,100.0,518.67,642.33,1589.09,1407.44,14.62,21.61,554.09,2388.09,9050.86,1.3,47.37,521.47,2388.09,8143.5,8.4136,0.03,392,2388,100.0,38.95,23.421
94,45,-0.002,0.0001,100.0,518.67,642.23,1585.87,1403.48,14.62,21.61,553.33,2388.11,9058.61,1.3,47.51,521.63,2388.09,8139.22,8.4613,0.03,393,2388,100.0,38.92,23.2048
94,46,0.0022,-0.0003,100.0,518.67,642.64,1586.87,1412.78,14.62,21.61,554.05,2388.05,9057.47,1.3,47.37,521.4,2388.04,8138.12,8.45,0.03,393,2388,100.0,38.84,23.3612
94,47,0.0039,-0.0001,100.0,518.67,642.97,1592.31,1407.8,14.62,21.61,553.13,2388.08,9054.54,1.3,47.32,520.95,2388.15,8140.22,8.4129,0.03,393,2388,100.0,38.8,23.3381
94,48,0.0025,-0.0005,100.0,518.67,642.86,1587.68,1408.24,14.62,21.61,553.13,2388.1,9055.55,1.3,47.49,521.7,2388.04,8140.69,8.3975,0.03,393,2388,100.0,38.9,23.3773
94,49,-0.0008,0.0002,100.0,518.67,642.76,1595.67,1401.82,14.62,21.61,553.31,2388.07,9058.94,1.3,47.65,521.4,2388.08,8133.79,8.4352,0.03,394,2388,100.0,38.86,23.2507
94,50,-0.0033,-0.0001,100.0,518.67,643.05,1582.96,1405.3,14.62,21.61,553.33,2388.08,9057.87,1.3,47.56,520.92,2388.1,8137.7,8.4498,0.03,393,2388,100.0,38.8,23.2768
94,51,-0.0045,-0.0003,100.0,518.67,642.58,1586.77,1413.82,14.62,21.61,554.08,2388.07,9057.33,1.3,47.47,521.08,2388.11,8137.8,8.4542,0.03,392,2388,100.0,38.69,23.318
94,52,-0.001,-0.0003,100.0,518.67,642.66,1595.5,1406.07,14.62,21.61,552.98,2388.11,9056.52,1.3,47.53,521.62,2388.06,8139.81,8.4288,0.03,392,2388,100.0,38.72,23.2555
94,53,0.0016,0.0001,100.0,518.67,642.93,1589.09,1401.83,14.62,21.61,554.25,2388.09,9060.73,1.3,47.57,521.69,2388.13,8139.58,8.4307,0.03,393,2388,100.0,38.88,23.4646
94,54,0.0021,0.0001,100.0,518.67,642.63,1587.21,1403.84,14.62,21.61,554.5,2388.13,9058.66,1.3,47.55,521.73,2388.11,8135.07,8.428,0.03,394,2388,100.0,38.86,23.3396
94,55,-0.001,0.0001,100.0,518.67,642.6,1582.63,1411.67,14.62,21.61,552.94,2388.1,9054.45,1.3,47.33,521.63,2388.18,8140.44,8.4157,0.03,395,2388,100.0,38.79,23.2669
94,56,0.0009,-0.0002,100.0,518.67,642.14,1588.57,1408.71,14.62,21.61,554.21,2388.15,9063.52,1.3,47.5,521.93,2388.08,8143.12,8.4174,0.03,392,2388,100.0,38.82,23.3291
94,57,0.0019,0.0002,100.0,518.67,642.39,1589.42,1401.6,14.62,21.61,554.14,2388.11,9052.31,1.3,47.57,521.52,2388.12,8136.83,8.4416,0.03,392,2388,100.0,38.92,23.2367
94,58,-0.0014,0.0002,100.0,518.67,642.8,1585.3,1411.07,14.62,21.61,553.98,2388.13,9058.73,1.3,47.32,521.65,2388.12,8137.1,8.4187,0.03,395,2388,100.0,38.79,23.178
94,59,-0.0003,0.0001,100.0,518.67,642.98,1589.51,1408.7,14.62,21.61,553.27,2388.12,9055.68,1.3,47.59,522.08,2388.14,8138.59,8.4215,0.03,393,2388,100.0,38.95,23.299
94,60,0.0005,-0.0005,100.0,518.67,643.1,1583.88,1410.86,14.62,21.61,553.77,2388.12,9060.86,1.3,47.55,521.63,2388.06,8137.85,8.4276,0.03,394,2388,100.0,38.9,23.369
94,61,-0.0025,0.0001,100.0,518.67,642.37,1586.27,1409.1,14.62,21.61,553.59,2388.12,9064.38,1.3,47.5,521.7,2388.1,8145.53,8.4013,0.03,393,2388,100.0,38.83,23.3366
94,62,-0.0003,-0.0001,100.0,518.67,642.61,1591.09,1409.08,14.62,21.61,553.3,2388.05,9058.68,1.3,47.45,521.44,2388.05,8136.29,8.4158,0.03,392,2388,100.0,38.89,23.2913
94,63,-0.0017,0.0004,100.0,518.67,642.8,1589.56,1411.59,14.62,21.61,553.56,2388.05,9061.72,1.3,47.38,521.25,2388.1,8140.27,8.462,0.03,395,2388,100.0,39.11,23.299
94,64,0.0013,-0.0,100.0,518.67,642.63,1586.86,1413.63,14.62,21.61,553.83,2388.04,9055.89,1.3,47.55,521.13,2388.1,8135.28,8.4209,0.03,390,2388,100.0,38.9,23.2558
94,65,0.0017,0.0002,100.0,518.67,642.68,1598.86,1404.96,14.62,21.61,553.46,2388.08,9056.03,1.3,47.52,521.67,2388.08,8134.91,8.4447,0.03,392,2388,100.0,38.92,23.2336
94,66,-0.0007,0.0,100.0,518.67,642.15,1580.52,1403.98,14.62,21.61,553.63,2388.17,9055.84,1.3,47.47,521.65,2388.08,8139.34,8.4444,0.03,394,2388,100.0,38.84,23.205
94,67,0.0015,0.0004,100.0,518.67,642.55,1589.24,1403.08,14.62,21.61,553.82,2388.13,9060.96,1.3,47.54,521.82,2388.14,8137.87,8.4788,0.03,393,2388,100.0,38.91,23.3145
94,68,-0.0024,0.0003,100.0,518.67,642.39,1592.94,1406.42,14.62,21.61,553.44,2388.07,9064.11,1.3,47.48,521.92,2388.1,8143.96,8.4454,0.03,395,2388,100.0,38.78,23.3384
94,69,-0.0024,-0.0003,100.0,518.67,642.39,1588.55,1410.67,14.62,21.61,554.01,2388.11,9069.45,1.3,47.41,521.52,2388.1,8139.55,8.4138,0.03,392,2388,100.0,38.64,23.3435
94,70,-0.0047,-0.0005,100.0,518.67,642.92,1592.43,1410.13,14.62,21.61,552.93,2388.06,9060.89,1.3,47.43,521.57,2388.1,8141.9,8.4434,0.03,392,2388,100.0,38.95,23.3951
94,71,0.0007,0.0003,100.0,518.67,642.54,1590.45,1411.08,14.62,21.61,552.97,2388.08,9052.36,1.3,47.56,521.64,2388.1,8139.26,8.4256,0.03,394,2388,100.0,38.82,23.3754
94,72,0.0007,0.0001,100.0,518.67,642.57,1583.71,1405.01,14.62,21.61,553.49,2388.1,9058.01,1.3,47.75,521.62,2388.08,8139.38,8.4582,0.03,394,2388,100.0,38.72,23.24
94,73,0.0013,-0.0004,100.0,518.67,642.91,1589.9,1408.86,14.62,21.61,553.33,2388.15,9054.79,1.3,47.67,522.08,2388.11,8141.92,8.4223,0.03,393,2388,100.0,38.72,23.2044
94,74,0.0017,0.0004,100.0,518.67,642.9,1595.37,1412.89,14.62,21.61,553.48,2388.11,9056.1,1.3,47.51,521.27,2388.09,8137.4,8.4367,0.03,394,2388,100.0,38.92,23.239
94,75,-0.0013,0.0,100.0,518.67,642.47,1595.56,1415.76,14.62,21.61,552.67,2388.1,9053.12,1.3,47.6,521.83,2388.13,8133.87,8.4507,0.03,392,2388,100.0,38.71,23.3453
94,76,0.001,0.0001,100.0,518.67,642.63,1583.82,1411.15,14.62,21.61,553.59,2388.14,9062.87,1.3,47.59,521.45,2388.08,8136.72,8.4209,0.03,393,2388,100.0,38.73,23.1582
94,77,-0.0001,-0.0005,100.0,518.67,642.82,1589.87,1408.34,14.62,21.61,552.78,2388.1,9059.38,1.3,47.54,521.48,2388.09,8138.15,8.4567,0.03,393,2388,100.0,38.97,23.361
94,78,0.0026,0.0001,100.0,518.67,643.23,1590.89,1411.73,14.62,21.61,552.34,2388.13,9051.08,1.3,47.59,521.52,2388.06,8140.32,8.4716,0.03,394,2388,100.0,38.81,23.3665
94,79,0.0006,0.0001,100.0,518.67,642.64,1586.44,1407.61,14.62,21.61,553.56,2388.04,9053.33,1.3,47.51,521.45,2388.07,8139.71,8.4517,0.03,393,2388,100.0,38.79,23.3295
94,80,0.0035,-0.0001,100.0,518.67,643.45,1584.57,1405.88,14.62,21.61,553.09,2388.12,9062.27,1.3,47.48,520.86,2388.13,8134.13,8.4422,0.03,394,2388,100.0,38.59,23.3282
94,81,-0.0018,0.0001,100.0,518.67,642.81,1587.47,1413.04,14.62,21.61,553.98,2388.13,9060.06,1.3,47.53,522.06,2388.07,8140.2,8.4248,0.03,392,2388,100.0,38.54,23.1559
94,82,-0.001,0.0,100.0,518.67,642.97,1593.48,1402.86,14.62,21.61,553.76,2388.07,9052.84,1.3,47.58,521.32,2388.12,8130.8,8.4483,0.03,393,2388,100.0,38.86,23.2932
94,83,0.0004,0.0002,100.0,518.67,642.88,1588.81,1412.09,14.62,21.61,553.31,2388.13,9057.23,1.3,47.43,521.64,2388.15,8137.85,8.4257,0.03,394,2388,100.0,38.82,23.2833
94,84,0.0002,0.0003,100.0,518.67,642.61,1591.68,1408.62,14.62,21.61,553.76,2388.11,9056.58,1.3,47.59,521.5,2388.14,8135.28,8.4545,0.03,395,2388,100.0,38.64,23.3101
94,85,0.0022,0.0002,100.0,518.67,642.9,1591.85,1402.71,14.62,21.61,553.49,2388.09,9060.26,1.3,47.54,521.12,2388.1,8140.8,8.409,0.03,393,2388,100.0,38.84,23.2398
94,86,-0.0038,-0.0005,100.0,518.67,642.74,1591.7,1408.42,14.62,21.61,552.59,2388.11,9054.06,1.3,47.57,521.26,2388.08,8144.03,8.4411,0.03,393,2388,100.0,38.99,23.2926
94,87,0.0007,-0.0003,100.0,518.67,642.59,1592.66,1408.01,14.62,21.61,553.21,2388.16,9051.07,1.3,47.47,521.06,2388.12,8133.76,8.4489,0.03,395,2388,100.0,38.7,23.2524
94,88,0.0043,-0.0002,100.0,518.67,643.4,1590.97,1410.03,14.62,21.61,552.7,2388.08,9059.34,1.3,47.53,521.38,2388.04,8135.71,8.4712,0.03,393,2388,100.0,38.69,23.3648
94,89,0.0013,0.0004,100.0,518.67,642.91,1586.01,1404.63,14.62,21.61,553.23,2388.07,9051.2,1.3,47.69,521.66,2388.11,8141.17,8.468,0.03,394,2388,100.0,38.81,23.2905
94,90,0.0036,0.0002,100.0,518.67,642.2,1592.66,1405.31,14.62,21.61,553.09,2388.13,9060.3,1.3,47.57,521.43,2388.11,8144.23,8.446,0.03,393,2388,100.0,38.77,23.2091
94,91,-0.0007,-0.0004,100.0,518.67,642.99,1590.55,1411.71,14.62,21.61,553.45,2388.15,9051.4,1.3,47.48,522.07,2388.09,8138.3,8.435,0.03,392,2388,100.0,38.79,23.2911
94,92,0.004,-0.0003,100.0,518.67,642.64,1590.2,1409.8,14.62,21.61,552.77,2388.09,9059.04,1.3,47.4,521.22,2388.15,8137.52,8.4603,0.03,393,2388,100.0,38.75,23.2719
94,93,-0.0032,-0.0,100.0,518.67,642.44,1594.81,1410.18,14.62,21.61,552.08,2388.14,9051.32,1.3,47.6,521.33,2388.05,8137.02,8.4345,0.03,395,2388,100.0,38.72,23.1295
94,94,-0.0019,0.0001,100.0,518.67,642.89,1590.02,1407.05,14.62,21.61,553.33,2388.17,9055.86,1.3,47.73,520.85,2388.13,8135.15,8.4552,0.03,393,2388,100.0,38.66,23.4321
94,95,0.0053,0.0004,100.0,518.67,642.6,1583.77,1403.05,14.62,21.61,553.36,2388.04,9062.84,1.3,47.55,521.24,2388.1,8138.26,8.4499,0.03,392,2388,100.0,38.92,23.1898
94,96,-0.0006,-0.0001,100.0,518.67,642.9,1599.06,1405.33,14.62,21.61,553.0,2388.07,9054.63,1.3,47.75,520.86,2388.1,8144.31,8.4109,0.03,394,2388,100.0,38.69,23.2548
94,97,-0.003,0.0001,100.0,518.67,642.99,1591.42,1411.87,14.62,21.61,553.24,2388.09,9061.06,1.3,47.43,521.08,2388.06,8137.84,8.4301,0.03,393,2388,100.0,38.8,23.3032
94,98,0.0004,-0.0002,100.0,518.67,642.8,1589.2,1415.4,14.62,21.61,553.69,2388.13,9059.66,1.3,47.67,521.28,2388.14,8132.96,8.4548,0.03,393,2388,100.0,38.7,23.191
94,99,0.0006,0.0002,100.0,518.67,642.63,1588.49,1409.17,14.62,21.61,553.22,2388.16,9057.57,1.3,47.61,521.53,2388.1,8135.75,8.4504,0.03,395,2388,100.0,38.72,23.3783
94,100,-0.0004,0.0003,100.0,518.67,642.9,1588.75,1408.01,14.62,21.61,552.46,2388.06,9057.53,1.3,47.56,521.17,2388.09,8134.33,8.478,0.03,393,2388,100.0,38.6,23.2355
94,101,0.002,-0.0001,100.0,518.67,642.71,1589.88,1410.93,14.62,21.61,552.48,2388.13,9055.9,1.3,47.61,520.87,2388.08,8137.8,8.4277,0.03,393,2388,100.0,38.77,23.3658
94,102,0.0011,-0.0005,100.0,518.67,643.35,1587.78,1409.25,14.62,21.61,553.51,2388.07,9057.67,1.3,47.75,521.55,2388.11,8133.33,8.4247,0.03,393,2388,100.0,38.78,23.2772
94,103,0.0004,-0.0002,100.0,518.67,642.89,1593.46,1408.48,14.62,21.61,553.33,2388.05,9067.09,1.3,47.61,521.21,2388.16,8132.1,8.4571,0.03,392,2388,100.0,38.78,23.2774
94,104,-0.0019,-0.0005,100.0,518.67,643.0,1590.84,1416.75,14.62,21.61,552.83,2388.11,9055.08,1.3,47.59,520.85,2388.14,8131.29,8.4853,0.03,394,2388,100.0,38.8,23.2124
94,105,0.0002,-0.0004,100.0,518.67,642.76,1596.6,1420.77,14.62,21.61,552.4,2388.13,9051.36,1.3,47.67,520.52,2388.16,8132.21,8.4324,0.03,395,2388,100.0,38.77,23.3672
94,106,-0.0038,0.0005,100.0,518.67,642.69,1594.24,1409.85,14.62,21.61,553.27,2388.09,9054.62,1.3,47.66,521.08,2388.13,8138.95,8.4544,0.03,394,2388,100.0,38.78,23.2431
94,107,0.003,0.0003,100.0,518.67,642.74,1593.83,1407.94,14.62,21.61,553.43,2388.11,9060.0,1.3,47.59,520.87,2388.12,8136.57,8.4646,0.03,393,2388,100.0,38.82,23.2905
94,108,-0.0009,0.0002,100.0,518.67,642.73,1597.34,1412.31,14.62,21.61,553.02,2388.15,9058.78,1.3,47.42,520.98,2388.14,8139.36,8.4286,0.03,393,2388,100.0,38.81,23.2109
94,109,0.0004,-0.0003,100.0,518.67,643.24,1591.09,1409.22,14.62,21.61,552.8,2388.14,9056.37,1.3,47.65,521.29,2388.11,8136.55,8.4701,0.03,394,2388,100.0,38.8,23.3041
94,110,-0.0008,0.0001,100.0,518.67,642.73,1594.05,1414.87,14.62,21.61,552.6,2388.02,9056.3,1.3,47.73,520.86,2388.19,8136.29,8.4629,0.03,393,2388,100.0,38.71,23.2551
94,111,-0.0022,-0.0005,100.0,518.67,642.18,1592.98,1407.9,14.62,21.61,553.42,2388.12,9055.88,1.3,47.64,520.76,2388.19,8136.82,8.4723,0.03,394,2388,100.0,38.9,23.3162
94,112,0.0005,-0.0001,100.0,518.67,642.68,1592.39,1412.31,14.62,21.61,553.91,2388.14,9054.85,1.3,47.7,521.27,2388.15,8132.2,8.439,0.03,394,2388,100.0,38.86,23.2628
94,113,0.0016,0.0003,100.0,518.67,642.76,1583.09,1408.03,14.62,21.61,552.81,2388.15,9059.93,1.3,47.48,521.09,2388.11,8129.94,8.468,0.03,394,2388,100.0,38.88,23.1712
94,114,0.0003,0.0001,100.0,518.67,642.86,1589.79,1411.24,14.62,21.61,553.52,2388.15,9052.29,1.3,47.72,521.37,2388.13,8135.34,8.4524,0.03,393,2388,100.0,38.76,23.2095
94,115,-0.0026,-0.0005,100.0,518.67,643.24,1588.85,1409.86,14.62,21.61,552.82,2388.16,9061.0,1.3,47.57,520.84,2388.13,8140.21,8.452,0.03,395,2388,100.0,38.92,23.2894
94,116,0.0025,-0.0005,100.0,518.67,642.98,1589.21,1412.14,14.62,21.61,552.79,2388.15,9058.01,1.3,47.56,520.68,2388.11,8136.89,8.4687,0.03,394,2388,100.0,38.83,23.3238
94,117,-0.0012,0.0004,100.0,518.67,643.19,1589.96,1411.82,14.62,21.61,552.76,2388.1,9057.08,1.3,47.62,520.68,2388.13,8135.45,8.4552,0.03,395,2388,100.0,38.81,23.2816
94,118,0.0008,0.0004,100.0,518.67,642.84,1587.24,1409.93,14.62,21.61,552.71,2388.11,9056.96,1.3,47.75,520.64,2388.16,8135.02,8.45,0.03,393,2388,100.0,38.6,23.3178
94,119,-0.0013,-0.0004,100.0,518.67,643.41,1591.83,1403.52,14.62,21.61,553.06,2388.12,9056.04,1.3,47.54,521.23,2388.15,8134.68,8.426,0.03,394,2388,100.0,38.74,23.253
94,120,-0.0014,0.0003,100.0,518.67,643.38,1596.01,1414.94,14.62,21.61,552.98,2388.12,9064.27,1.3,47.71,520.93,2388.11,8138.31,8.4767,0.03,395,2388,100.0,38.52,23.1618
94,121,0.0032,0.0001,100.0,518.67,643.3,1593.45,1416.81,14.62,21.61,552.71,2388.09,9062.13,1.3,47.66,520.63,2388.14,8132.85,8.4543,0.03,395,2388,100.0,38.75,23.3569
94,122,-0.0042,0.0002,100.0,518.67,643.04,1592.45,1416.06,14.62,21.61,552.35,2388.08,9057.19,1.3,47.63,521.12,2388.12,8131.15,8.4534,0.03,394,2388,100.0,38.89,23.1677
94,123,-0.0003,0.0001,100.0,518.67,642.82,1587.61,1416.43,14.62,21.61,552.18,2388.18,9058.71,1.3,47.43,521.13,2388.12,8133.53,8.423,0.03,393,2388,100.0,38.8,23.244
94,124,0.0004,-0.0004,100.0,518.67,642.71,1592.38,1413.58,14.62,21.61,552.64,2388.14,9056.55,1.3,47.56,521.65,2388.12,8131.27,8.4543,0.03,394,2388,100.0,38.68,23.1389
94,125,-0.0035,-0.0003,100.0,518.67,643.03,1590.78,1413.98,14.62,21.61,552.8,2388.11,9055.82,1.3,47.67,520.87,2388.11,8138.85,8.4815,0.03,395,2388,100.0,38.87,23.2543
94,126,0.0023,0.0002,100.0,518.67,643.59,1591.63,1411.93,14.62,21.61,552.64,2388.16,9051.93,1.3,47.6,521.07,2388.18,8132.27,8.4489,0.03,394,2388,100.0,38.74,23.205
94,127,0.003,-0.0002,100.0,518.67,642.67,1590.5,1411.64,14.62,21.61,553.22,2388.13,9059.37,1.3,47.7,521.44,2388.15,8133.33,8.4691,0.03,394,2388,100.0,38.92,23.2433
94,128,0.0014,-0.0004,100.0,518.67,643.03,1586.01,1414.63,14.62,21.61,552.37,2388.16,9061.18,1.3,47.76,521.08,2388.14,8137.87,8.4218,0.03,394,2388,100.0,38.52,23.2604
94,129,-0.0003,0.0003,100.0,518.67,642.82,1595.76,1410.97,14.62,21.61,552.25,2388.15,9057.53,1.3,47.62,521.46,2388.18,8134.37,8.4731,0.03,394,2388,100.0,38.81,23.2756
94,130,0.0036,0.0002,100.0,518.67,642.6,1588.14,1417.56,14.62,21.61,552.86,2388.16,9059.69,1.3,47.6,520.78,2388.13,8137.49,8.483,0.03,394,2388,100.0,38.9,23.1026
94,131,-0.002,-0.0003,100.0,518.67,642.91,1597.7,1413.92,14.62,21.61,552.39,2388.19,9056.81,1.3,47.72,520.64,2388.15,8133.41,8.4538,0.03,393,2388,100.0,38.54,23.0988
94,132,-0.0018,-0.0002,100.0,518.67,642.79,1601.24,1411.52,14.62,21.61,552.78,2388.12,9065.12,1.3,47.73,521.1,2388.11,8131.33,8.4422,0.03,394,2388,100.0,38.59,23.2419
94,133,0.0008,0.0001,100.0,518.67,642.77,1589.5,1420.94,14.62,21.61,552.78,2388.17,9051.22,1.3,47.81,520.62,2388.13,8133.36,8.5167,0.03,393,2388,100.0,38.63,23.2933
95,1,0.0029,0.0004,100.0,518.67,642.2,1586.62,1396.42,14.62,21.61,554.0,2388.08,9041.41,1.3,47.28,522.52,2388.04,8128.05,8.4268,0.03,392,2388,100.0,38.99,23.5187
95,2,0.0027,-0.0001,100.0,518.67,642.26,1591.42,1405.08,14.62,21.61,553.55,2388.06,9050.66,1.3,47.2,522.23,2388.0,8127.16,8.4308,0.03,392,2388,100.0,38.89,23.4303
95,3,-0.0015,0.0001,100.0,518.67,642.42,1583.55,1406.44,14.62,21.61,554.54,2388.06,9040.19,1.3,47.29,522.26,2388.07,8125.95,8.4061,0.03,391,2388,100.0,38.89,23.3267
95,4,0.0054,0.0004,100.0,518.67,642.1,1578.31,1397.52,14.62,21.61,554.34,2388.07,9045.61,1.3,47.31,521.7,2388.04,8131.47,8.404,0.03,392,2388,100.0,39.05,23.3949
95,5,-0.0039,-0.0003,100.0,518.67,642.07,1591.09,1397.85,14.62,21.61,553.69,2388.05,9049.14,1.3,47.39,522.26,2388.06,8127.56,8.4249,0.03,393,2388,100.0,38.91,23.2758
95,6,-0.0002,0.0006,100.0,518.67,642.41,1587.0,1399.47,14.62,21.61,554.09,2388.1,9045.71,1.3,47.24,522.02,2388.12,8127.77,8.4353,0.03,393,2388,100.0,38.88,23.4374
95,7,-0.0018,0.0006,100.0,518.67,641.86,1586.7,1399.4,14.62,21.61,554.28,2388.03,9051.06,1.3,47.19,522.03,2388.09,8131.45,8.4439,0.03,392,2388,100.0,38.95,23.3722
95,8,-0.0007,0.0001,100.0,518.67,641.92,1587.85,1394.48,14.62,21.61,554.46,2388.07,9049.41,1.3,47.2,521.93,2388.04,8131.36,8.4042,0.03,393,2388,100.0,39.05,23.336
95,9,0.0001,0.0005,100.0,518.67,642.4,1580.65,1399.31,14.62,21.61,554.03,2388.04,9039.82,1.3,47.16,522.48,2388.07,8129.68,8.4146,0.03,392,2388,100.0,38.9,23.3778
95,10,-0.0028,0.0002,100.0,518.67,642.2,1586.43,1401.28,14.62,21.61,554.38,2388.06,9052.87,1.3,47.45,522.39,2388.08,8129.81,8.411,0.03,391,2388,100.0,39.05,23.3781
95,11,-0.0017,-0.0002,100.0,518.67,642.56,1585.76,1404.67,14.62,21.61,554.4,2388.09,9047.14,1.3,47.29,522.06,2388.03,8133.64,8.3894,0.03,391,2388,100.0,39.05,23.4157
95,12,-0.0012,-0.0003,100.0,518.67,642.39,1582.71,1399.99,14.62,21.61,554.71,2388.07,9041.76,1.3,47.22,522.18,2388.05,8134.3,8.412,0.03,391,2388,100.0,38.88,23.4169
95,13,0.0024,0.0006,100.0,518.67,642.38,1586.24,1400.65,14.62,21.61,554.73,2388.03,9047.12,1.3,47.18,521.79,2388.07,8133.99,8.3992,0.03,392,2388,100.0,39.1,23.4117
95,14,-0.0002,-0.0001,100.0,518.67,642.18,1585.44,1400.43,14.62,21.61,554.56,2388.03,9044.35,1.3,47.37,521.76,2388.06,8132.03,8.3769,0.03,391,2388,100.0,38.97,23.4365
95,15,-0.0003,0.0002,100.0,518.67,641.95,1586.05,1396.01,14.62,21.61,554.13,2388.01,9048.72,1.3,47.22,522.37,2388.05,8126.41,8.4185,0.03,393,2388,100.0,39.03,23.3748
95,16,-0.0012,0.0001,100.0,518.67,642.33,1584.1,1406.82,14.62,21.61,554.41,2388.1,9052.53,1.3,47.38,522.54,2388.09,8130.83,8.3866,0.03,392,2388,100.0,38.84,23.3068
95,17,-0.0006,0.0001,100.0,518.67,642.49,1579.69,1392.05,14.62,21.61,553.58,2388.02,9046.04,1.3,47.44,521.96,2388.07,8125.67,8.3989,0.03,393,2388,100.0,38.98,23.41
95,18,0.0001,0.0005,100.0,518.67,642.63,1582.38,1402.59,14.62,21.61,554.87,2388.09,9046.75,1.3,47.34,522.13,2388.06,8129.58,8.4263,0.03,393,2388,100.0,38.95,23.5499
95,19,0.0007,0.0001,100.0,518.67,642.64,1587.97,1396.52,14.62,21.61,554.08,2388.04,9048.01,1.3,47.3,521.88,2388.02,8126.54,8.3606,0.03,393,2388,100.0,38.99,23.3968
95,20,-0.0035,-0.0002,100.0,518.67,642.29,1581.85,1404.4,14.62,21.61,554.58,2388.03,9048.26,1.3,47.39,522.28,2388.07,8130.22,8.3903,0.03,390,2388,100.0,39.07,23.3052
95,21,-0.0023,0.0003,100.0,518.67,642.27,1586.59,1404.93,14.62,21.61,555.09,2388.07,9041.98,1.3,47.44,521.9,2388.04,8130.18,8.4488,0.03,392,2388,100.0,38.95,23.3906
95,22,0.0001,-0.0003,100.0,518.67,642.49,1587.26,1393.43,14.62,21.61,554.64,2388.06,9045.54,1.3,47.29,522.16,2388.05,8133.51,8.412,0.03,392,2388,100.0,39.13,23.3982
95,23,0.0014,0.0003,100.0,518.67,641.79,1588.0,1405.58,14.62,21.61,554.26,2388.02,9044.42,1.3,47.4,521.7,2388.02,8130.28,8.4092,0.03,392,2388,100.0,38.99,23.2719
95,24,-0.0013,0.0001,100.0,518.67,642.41,1584.77,1401.89,14.62,21.61,553.54,2388.11,9043.27,1.3,47.19,521.81,2388.08,8131.9,8.3819,0.03,392,2388,100.0,39.04,23.2683
95,25,0.0025,0.0,100.0,518.67,642.24,1581.17,1401.4,14.62,21.61,553.96,2388.01,9049.54,1.3,47.28,521.86,2388.01,8136.03,8.4259,0.03,391,2388,100.0,38.82,23.4224
95,26,0.0022,-0.0002,100.0,518.67,642.61,1584.76,1398.17,14.62,21.61,554.7,2388.03,9045.48,1.3,47.37,521.88,2388.13,8124.47,8.432,0.03,392,2388,100.0,38.97,23.4194
95,27,-0.0015,0.0005,100.0,518.67,641.92,1580.5,1400.27,14.62,21.61,553.55,2388.06,9042.52,1.3,47.39,522.83,2388.03,8131.81,8.4014,0.03,393,2388,100.0,39.07,23.4109
95,28,-0.0003,0.0004,100.0,518.67,642.7,1588.9,1400.4,14.62,21.61,553.83,2388.08,9052.47,1.3,47.21,521.98,2388.02,8127.95,8.441,0.03,393,2388,100.0,38.97,23.375
95,29,0.0022,0.0,100.0,518.67,642.64,1581.64,1401.37,14.62,21.61,554.8,2388.07,9051.91,1.3,47.22,522.46,2388.09,8132.91,8.3983,0.03,392,2388,100.0,38.96,23.381
95,30,0.0031,0.0004,100.0,518.67,643.07,1583.37,1398.83,14.62,21.61,553.32,2388.05,9047.11,1.3,47.34,521.88,2388.06,8130.45,8.3655,0.03,393,2388,100.0,38.98,23.4004
95,31,0.0011,0.0001,100.0,518.67,642.57,1586.94,1407.53,14.62,21.61,554.17,2388.04,9046.07,1.3,47.17,521.9,2388.11,8130.44,8.4075,0.03,392,2388,100.0,39.06,23.4228
95,32,-0.001,0.0006,100.0,518.67,642.4,1589.92,1395.57,14.62,21.61,554.3,2388.03,9042.92,1.3,47.29,521.79,2388.09,8128.49,8.3715,0.03,393,2388,100.0,38.91,23.4436
95,33,0.0046,0.0002,100.0,518.67,642.34,1577.8,1404.72,14.62,21.61,554.08,2388.11,9047.26,1.3,47.35,522.09,2388.06,8129.6,8.4445,0.03,392,2388,100.0,38.88,23.3285
95,34,-0.0033,0.0001,100.0,518.67,642.15,1586.6,1394.27,14.62,21.6,554.18,2388.05,9051.72,1.3,47.21,521.99,2388.05,8133.26,8.4125,0.03,390,2388,100.0,38.88,23.3682
95,35,0.0049,0.0006,100.0,518.67,642.64,1594.68,1398.73,14.62,21.6,554.24,2388.06,9051.89,1.3,47.27,521.82,2388.05,8127.8,8.428,0.03,391,2388,100.0,38.98,23.4239
95,36,0.0018,0.0001,100.0,518.67,642.65,1581.85,1399.73,14.62,21.61,554.59,2388.06,9049.47,1.3,47.25,522.16,2388.04,8133.92,8.387,0.03,391,2388,100.0,38.79,23.3913
95,37,0.001,0.0004,100.0,518.67,642.44,1588.94,1401.94,14.62,21.61,554.36,2388.04,9045.31,1.3,47.28,521.95,2388.04,8134.96,8.3684,0.03,391,2388,100.0,38.91,23.3629
95,38,-0.0025,-0.0003,100.0,518.67,642.59,1584.16,1406.41,14.62,21.61,554.66,2388.07,9052.5,1.3,47.25,522.07,2388.06,8129.45,8.4171,0.03,391,2388,100.0,38.87,23.475
95,39,0.0005,0.0,100.0,518.67,642.73,1580.5,1394.72,14.62,21.61,553.43,2388.07,9053.39,1.3,47.31,522.09,2388.07,8132.49,8.4144,0.03,392,2388,100.0,38.86,23.372
95,40,0.0018,0.0004,100.0,518.67,642.24,1584.98,1406.11,14.62,21.61,554.26,2388.01,9045.85,1.3,47.13,521.92,2388.0,8128.65,8.4324,0.03,392,2388,100.0,38.85,23.2896
95,41,-0.001,0.0005,100.0,518.67,642.19,1576.2,1400.01,14.62,21.61,553.99,2388.03,9047.07,1.3,47.36,521.73,2388.04,8134.29,8.3955,0.03,393,2388,100.0,38.9,23.2473
95,42,0.0014,-0.0002,100.0,518.67,642.45,1585.23,1400.39,14.62,21.61,554.5,2388.06,9045.33,1.3,47.45,522.26,2388.04,8131.36,8.4146,0.03,392,2388,100.0,38.97,23.2652
95,43,-0.0025,0.0003,100.0,518.67,642.14,1586.37,1405.33,14.62,21.61,553.81,2388.05,9047.1,1.3,47.38,522.02,2388.07,8129.77,8.4218,0.03,392,2388,100.0,38.83,23.3673
95,44,-0.0001,0.0003,100.0,518.67,642.71,1580.56,1398.68,14.62,21.61,554.07,2388.06,9055.18,1.3,47.27,521.69,2388.03,8126.48,8.4286,0.03,393,2388,100.0,39.09,23.2843
95,45,-0.0015,0.0004,100.0,518.67,642.35,1590.63,1403.92,14.62,21.61,553.78,2388.09,9044.63,1.3,47.35,521.8,2388.07,8130.79,8.4108,0.03,392,2388,100.0,39.13,23.4205
95,46,-0.0009,-0.0003,100.0,518.67,641.98,1584.06,1395.93,14.62,21.61,554.41,2388.08,9051.42,1.3,47.39,522.28,2388.08,8125.71,8.3796,0.03,392,2388,100.0,38.96,23.3614
95,47,-0.0048,0.0004,100.0,518.67,642.16,1577.18,1404.68,14.62,21.61,553.92,2388.07,9045.16,1.3,47.55,522.34,2388.1,8133.07,8.408,0.03,391,2388,100.0,38.79,23.388
95,48,-0.0019,0.0006,100.0,518.67,642.16,1589.3,1401.52,14.62,21.61,554.01,2388.08,9042.05,1.3,47.34,521.55,2388.05,8128.55,8.4103,0.03,392,2388,100.0,38.84,23.4163
95,49,-0.0038,0.0,100.0,518.67,642.21,1587.38,1406.38,14.62,21.61,553.8,2388.09,9046.3,1.3,47.27,522.17,2388.03,8131.92,8.4077,0.03,392,2388,100.0,39.0,23.3887
95,50,0.0056,0.0,100.0,518.67,642.53,1584.8,1397.82,14.62,21.61,554.19,2388.05,9047.37,1.3,47.26,522.01,2388.1,8128.24,8.4212,0.03,393,2388,100.0,38.91,23.3428
95,51,0.0024,0.0006,100.0,518.67,642.05,1581.14,1401.66,14.62,21.61,554.01,2388.07,9044.36,1.3,47.43,522.22,2388.08,8132.08,8.4421,0.03,393,2388,100.0,39.02,23.3746
95,52,-0.002,-0.0004,100.0,518.67,642.46,1581.3,1401.5,14.62,21.61,553.96,2388.1,9048.39,1.3,47.32,521.94,2388.09,8129.01,8.412,0.03,392,2388,100.0,38.94,23.2609
95,53,0.0005,0.0003,100.0,518.67,642.61,1578.17,1404.14,14.62,21.61,553.34,2388.05,9051.92,1.3,47.62,521.77,2388.07,8127.43,8.3802,0.03,391,2388,100.0,38.92,23.3643
95,54,-0.0015,-0.0004,100.0,518.67,642.13,1579.88,1398.97,14.62,21.61,554.11,2388.01,9055.22,1.3,47.29,522.51,2388.02,8131.61,8.3984,0.03,393,2388,100.0,38.92,23.3235
95,55,0.0001,0.0004,100.0,518.67,642.4,1585.95,1402.33,14.62,21.61,554.06,2388.11,9053.35,1.3,47.38,521.77,2388.08,8131.01,8.431,0.03,394,2388,100.0,38.95,23.3295
95,56,-0.0036,0.0001,100.0,518.67,642.06,1582.31,1400.3,14.62,21.61,553.18,2388.05,9045.58,1.3,47.37,522.11,2388.08,8129.82,8.3649,0.03,391,2388,100.0,39.02,23.3858
95,57,-0.0006,0.0006,100.0,518.67,642.26,1584.19,1406.75,14.62,21.61,554.1,2388.09,9045.31,1.3,47.14,522.37,2388.09,8126.93,8.4096,0.03,393,2388,100.0,38.91,23.3542
95,58,0.0002,0.0,100.0,518.67,642.12,1579.24,1399.67,14.62,21.61,553.81,2388.13,9047.02,1.3,47.43,521.94,2388.08,8135.8,8.4092,0.03,392,2388,100.0,38.89,23.4479
95,59,-0.0004,0.0004,100.0,518.67,642.22,1587.98,1402.77,14.62,21.61,553.82,2388.05,9041.2,1.3,47.24,522.22,2388.03,8126.75,8.4053,0.03,393,2388,100.0,39.07,23.3322
95,60,0.0008,0.0,100.0,518.67,642.4,1580.31,1404.24,14.62,21.61,554.1,2388.03,9050.09,1.3,47.38,521.92,2388.06,8125.53,8.3991,0.03,393,2388,100.0,38.93,23.3777
95,61,-0.0004,0.0005,100.0,518.67,642.29,1587.65,1406.4,14.62,21.61,553.29,2388.09,9053.6,1.3,47.21,522.12,2388.07,8132.56,8.4459,0.03,392,2388,100.0,39.09,23.4372
95,62,0.0008,-0.0003,100.0,518.67,641.99,1591.81,1401.56,14.62,21.61,554.1,2388.1,9050.72,1.3,47.35,521.6,2388.05,8128.91,8.4504,0.03,392,2388,100.0,38.78,23.3555
95,63,-0.0001,0.0001,100.0,518.67,642.16,1579.41,1409.35,14.62,21.61,554.38,2388.1,9039.9,1.3,47.33,521.79,2388.04,8130.09,8.4474,0.03,392,2388,100.0,38.98,23.3509
95,64,0.0014,0.0003,100.0,518.67,642.43,1576.7,1400.84,14.62,21.61,553.68,2388.07,9044.33,1.3,47.3,521.88,2388.17,8134.09,8.4039,0.03,393,2388,100.0,38.92,23.4044
95,65,0.0008,0.0001,100.0,518.67,642.38,1584.94,1398.44,14.62,21.61,553.89,2388.02,9052.53,1.3,47.34,521.66,2388.05,8128.14,8.4036,0.03,392,2388,100.0,38.92,23.3384
95,66,-0.0004,-0.0,100.0,518.67,642.76,1592.21,1402.21,14.62,21.61,554.18,2388.01,9047.51,1.3,47.46,521.64,2388.05,8126.44,8.4087,0.03,392,2388,100.0,38.97,23.2957
95,67,0.0024,0.0006,100.0,518.67,642.34,1584.06,1401.22,14.62,21.61,554.3,2388.06,9053.19,1.3,47.38,522.23,2388.05,8130.44,8.4299,0.03,393,2388,100.0,38.9,23.4113
95,68,0.0004,-0.0001,100.0,518.67,641.94,1585.68,1405.46,14.62,21.61,553.48,2388.06,9042.31,1.3,47.52,521.89,2388.06,8125.24,8.4118,0.03,392,2388,100.0,38.92,23.4087
95,69,0.004,0.0002,100.0,518.67,642.83,1582.57,1402.91,14.62,21.61,553.52,2388.09,9044.4,1.3,47.53,521.93,2388.08,8134.38,8.4282,0.03,394,2388,100.0,38.89,23.3731
95,70,-0.0043,-0.0002,100.0,518.67,642.04,1580.96,1408.75,14.62,21.61,553.82,2388.12,9057.47,1.3,47.09,521.44,2388.03,8126.07,8.405,0.03,393,2388,100.0,38.83,23.3811
95,71,-0.0002,-0.0003,100.0,518.67,642.09,1586.04,1396.89,14.62,21.61,554.3,2388.07,9047.85,1.3,47.35,521.9,2388.02,8132.98,8.4013,0.03,392,2388,100.0,38.78,23.4106
95,72,0.002,0.0001,100.0,518.67,641.95,1583.95,1400.57,14.62,21.61,553.89,2388.09,9048.75,1.3,47.4,521.89,2388.05,8129.48,8.41,0.03,393,2388,100.0,38.96,23.3791
95,73,0.0023,0.0003,100.0,518.67,642.42,1588.07,1403.11,14.62,21.61,554.14,2388.07,9043.72,1.3,47.32,521.49,2388.1,8134.22,8.3941,0.03,392,2388,100.0,38.96,23.3408
95,74,-0.0009,0.0001,100.0,518.67,642.0,1588.31,1404.87,14.62,21.61,554.22,2388.07,9051.03,1.3,47.33,522.64,2388.07,8133.4,8.4205,0.03,392,2388,100.0,38.91,23.3575
95,75,0.0004,0.0001,100.0,518.67,642.9,1587.46,1398.93,14.62,21.61,554.59,2388.04,9049.27,1.3,47.36,521.63,2388.11,8135.02,8.3973,0.03,391,2388,100.0,38.86,23.323
95,76,0.0008,-0.0,100.0,518.67,641.8,1582.89,1399.69,14.62,21.61,553.81,2388.09,9056.68,1.3,47.31,522.01,2388.01,8131.24,8.4392,0.03,392,2388,100.0,38.99,23.4163
95,77,0.0022,0.0,100.0,518.67,642.09,1585.21,1402.78,14.62,21.61,553.56,2388.06,9049.76,1.3,47.5,521.99,2388.12,8129.01,8.4238,0.03,392,2388,100.0,39.14,23.2152
95,78,0.0008,-0.0002,100.0,518.67,643.32,1587.14,1411.51,14.62,21.61,553.72,2388.11,9048.95,1.3,47.33,521.61,2388.05,8128.61,8.4077,0.03,392,2388,100.0,39.08,23.2719
95,79,0.0043,0.0004,100.0,518.67,642.16,1596.21,1398.89,14.62,21.61,553.96,2388.05,9050.37,1.3,47.32,521.66,2388.08,8133.02,8.4271,0.03,393,2388,100.0,39.1,23.373
95,80,-0.0024,0.0005,100.0,518.67,642.36,1591.16,1404.82,14.62,21.61,553.47,2388.03,9040.52,1.3,47.53,522.18,2388.06,8132.61,8.4306,0.03,390,2388,100.0,38.89,23.4064
95,81,0.0044,0.0,100.0,518.67,642.17,1588.03,1401.06,14.62,21.61,553.94,2387.99,9045.07,1.3,47.41,521.97,2388.12,8130.58,8.3665,0.03,393,2388,100.0,38.77,23.2952
95,82,-0.002,0.0003,100.0,518.67,641.94,1585.26,1402.5,14.62,21.61,553.65,2388.02,9051.36,1.3,47.4,521.78,2388.07,8134.87,8.408,0.03,392,2388,100.0,38.95,23.3912
95,83,-0.0044,0.0004,100.0,518.67,642.6,1587.35,1407.7,14.62,21.61,553.67,2388.07,9044.79,1.3,47.41,521.86,2388.08,8123.95,8.4225,0.03,393,2388,100.0,38.87,23.2962
95,84,-0.003,0.0001,100.0,518.67,642.39,1586.54,1408.71,14.62,21.61,553.76,2388.09,9049.45,1.3,47.53,521.71,2388.06,8126.24,8.4446,0.03,391,2388,100.0,38.96,23.3476
95,85,0.0003,0.0003,100.0,518.67,642.6,1585.31,1402.84,14.62,21.61,553.94,2388.06,9046.21,1.3,47.38,522.03,2388.06,8136.1,8.4353,0.03,393,2388,100.0,38.83,23.3016
95,86,-0.0017,0.0004,100.0,518.67,641.57,1582.09,1410.1,14.62,21.61,553.15,2388.08,9050.7,1.3,47.47,521.86,2388.04,8133.34,8.4316,0.03,394,2388,100.0,39.04,23.4057
95,87,0.002,0.0,100.0,518.67,642.58,1590.24,1402.59,14.62,21.6,553.39,2388.08,9053.53,1.3,47.37,521.43,2388.02,8127.15,8.4133,0.03,392,2388,100.0,38.92,23.3748
95,88,-0.0015,0.0,100.0,518.67,642.92,1583.4,1401.42,14.62,21.61,553.34,2388.11,9049.87,1.3,47.5,521.33,2388.03,8132.56,8.4261,0.03,392,2388,100.0,38.94,23.2864
95,89,0.0001,0.0004,100.0,518.67,641.97,1586.25,1398.61,14.62,21.61,553.47,2388.08,9052.14,1.3,47.42,521.95,2388.1,8135.14,8.4294,0.03,394,2388,100.0,38.94,23.3458
96,1,-0.0002,0.0002,100.0,518.67,642.37,1586.44,1395.88,14.62,21.61,554.46,2388.01,9071.76,1.3,47.16,522.83,2387.98,8152.92,8.4054,0.03,392,2388,100.0,38.87,23.4938
96,2,-0.0009,0.0,100.0,518.67,642.0,1583.53,1399.75,14.62,21.61,553.78,2387.99,9072.38,1.3,47.12,522.3,2387.98,8148.93,8.381,0.03,391,2388,100.0,39.07,23.4363
96,3,-0.0055,-0.0002,100.0,518.67,642.11,1581.83,1396.14,14.62,21.6,554.06,2387.98,9067.0,1.3,47.14,522.08,2387.98,8153.57,8.4216,0.03,390,2388,100.0,39.07,23.4109
96,4,0.0004,0.0001,100.0,518.67,641.59,1580.23,1400.75,14.62,21.61,554.9,2388.0,9061.33,1.3,47.25,522.62,2387.99,8150.24,8.4116,0.03,391,2388,100.0,38.92,23.3119
96,5,-0.0029,0.0004,100.0,518.67,642.49,1586.32,1393.58,14.62,21.61,554.69,2388.05,9064.27,1.3,47.0,522.34,2388.0,8150.18,8.3756,0.03,392,2388,100.0,38.9,23.4963
96,6,-0.0003,0.0001,100.0,518.67,642.43,1589.33,1402.02,14.62,21.61,554.79,2387.95,9062.84,1.3,47.28,522.51,2387.97,8146.27,8.4242,0.03,391,2388,100.0,39.06,23.377
96,7,0.0001,-0.0001,100.0,518.67,642.17,1580.36,1394.25,14.62,21.61,554.71,2387.97,9063.96,1.3,47.19,522.34,2388.03,8143.5,8.4377,0.03,392,2388,100.0,39.13,23.3086
96,8,-0.001,-0.0003,100.0,518.67,642.0,1582.52,1395.27,14.62,21.61,554.5,2388.0,9068.13,1.3,47.23,522.2,2387.99,8151.24,8.4012,0.03,391,2388,100.0,38.97,23.3305
96,9,0.0008,-0.0,100.0,518.67,642.07,1582.44,1399.59,14.62,21.61,554.4,2388.02,9066.07,1.3,47.23,522.59,2387.94,8152.82,8.4137,0.03,390,2388,100.0,39.09,23.4086
96,10,-0.0014,-0.0,100.0,518.67,642.44,1580.61,1400.77,14.62,21.61,554.65,2387.98,9067.02,1.3,47.21,522.28,2387.99,8149.0,8.3854,0.03,392,2388,100.0,38.89,23.395
96,11,0.0029,-0.0005,100.0,518.67,641.76,1571.13,1401.09,14.62,21.61,554.51,2387.97,9066.6,1.3,47.24,522.45,2387.98,8145.42,8.3944,0.03,392,2388,100.0,39.01,23.3734
96,12,-0.0007,0.0005,100.0,518.67,642.18,1587.79,1395.46,14.62,21.61,554.06,2388.04,9059.71,1.3,47.1,522.38,2387.97,8140.58,8.3929,0.03,392,2388,100.0,39.04,23.3876
96,13,0.0021,-0.0,100.0,518.67,642.43,1591.69,1391.25,14.62,21.61,554.02,2387.97,9072.96,1.3,47.18,522.36,2388.02,8146.91,8.3508,0.03,390,2388,100.0,39.04,23.3669
96,14,-0.0019,-0.0004,100.0,518.67,642.38,1582.98,1400.58,14.62,21.61,554.6,2388.01,9074.45,1.3,46.91,522.33,2387.98,8152.61,8.3967,0.03,392,2388,100.0,39.21,23.3438
96,15,0.0013,-0.0003,100.0,518.67,641.96,1580.1,1402.47,14.62,21.61,554.63,2387.98,9063.9,1.3,47.18,522.68,2388.02,8150.36,8.3962,0.03,391,2388,100.0,39.05,23.3928
96,16,0.0015,-0.0001,100.0,518.67,641.8,1582.22,1395.62,14.62,21.61,554.52,2388.0,9058.03,1.3,47.15,522.32,2387.97,8149.04,8.4337,0.03,391,2388,100.0,38.98,23.4497
96,17,0.0002,-0.0003,100.0,518.67,642.55,1583.33,1398.27,14.62,21.61,554.88,2388.01,9066.23,1.3,47.3,521.69,2388.04,8147.32,8.3958,0.03,393,2388,100.0,38.92,23.4169
96,18,0.0036,-0.0003,100.0,518.67,641.78,1595.98,1396.62,14.62,21.61,554.58,2388.05,9071.04,1.3,46.99,522.78,2388.03,8148.26,8.404,0.03,391,2388,100.0,38.96,23.4383
96,19,0.0022,0.0002,100.0,518.67,641.94,1584.09,1397.18,14.62,21.61,553.97,2387.95,9069.9,1.3,47.19,521.91,2387.98,8150.98,8.4313,0.03,392,2388,100.0,38.95,23.4101
96,20,-0.0004,-0.0001,100.0,518.67,642.41,1583.37,1401.34,14.62,21.61,554.98,2388.02,9066.54,1.3,47.15,522.17,2387.96,8153.24,8.3823,0.03,390,2388,100.0,39.01,23.3002
96,21,0.0019,0.0002,100.0,518.67,642.63,1585.09,1390.49,14.62,21.61,554.58,2388.01,9065.11,1.3,47.19,522.04,2388.06,8147.45,8.4112,0.03,392,2388,100.0,39.03,23.4398
96,22,-0.0002,-0.0,100.0,518.67,641.92,1583.36,1400.9,14.62,21.6,554.52,2387.96,9056.9,1.3,47.32,521.72,2387.99,8145.79,8.4026,0.03,393,2388,100.0,38.93,23.4238
96,23,0.0024,-0.0,100.0,518.67,641.73,1591.66,1398.23,14.62,21.61,554.27,2388.0,9067.52,1.3,47.25,522.66,2387.98,8146.56,8.4407,0.03,392,2388,100.0,38.99,23.4942
96,24,-0.0006,-0.0004,100.0,518.67,642.21,1588.31,1401.18,14.62,21.61,555.11,2388.02,9064.99,1.3,47.28,522.39,2388.02,8147.96,8.3922,0.03,391,2388,100.0,39.04,23.449
96,25,-0.0006,0.0001,100.0,518.67,641.85,1590.45,1404.66,14.62,21.6,554.8,2388.03,9068.73,1.3,47.0,522.63,2388.0,8150.59,8.4051,0.03,391,2388,100.0,38.91,23.4596
96,26,-0.001,0.0005,100.0,518.67,642.14,1582.89,1392.0,14.62,21.61,554.02,2388.03,9062.47,1.3,47.27,522.68,2387.98,8144.33,8.3785,0.03,391,2388,100.0,39.09,23.4844
96,27,0.0005,0.0,100.0,518.67,642.21,1591.7,1399.72,14.62,21.61,554.54,2387.97,9072.66,1.3,47.32,522.19,2388.0,8147.84,8.4085,0.03,391,2388,100.0,38.78,23.3131
96,28,0.0029,0.0002,100.0,518.67,641.94,1590.35,1400.74,14.62,21.61,555.52,2387.99,9070.42,1.3,47.33,521.95,2388.01,8148.53,8.4144,0.03,392,2388,100.0,39.0,23.3796
96,29,0.0004,0.0004,100.0,518.67,641.95,1586.66,1398.75,14.62,21.61,554.06,2387.98,9068.55,1.3,47.19,522.13,2388.05,8157.69,8.3898,0.03,392,2388,100.0,39.21,23.4515
96,30,-0.0,0.0003,100.0,518.67,642.28,1590.37,1402.63,14.62,21.61,554.06,2388.04,9064.14,1.3,47.36,522.39,2388.0,8147.05,8.4081,0.03,390,2388,100.0,38.92,23.5084
96,31,0.0002,0.0003,100.0,518.67,642.0,1585.16,1389.01,14.62,21.61,554.5,2388.04,9065.93,1.3,47.38,522.25,2388.01,8146.74,8.4136,0.03,391,2388,100.0,38.98,23.3106
96,32,0.0003,-0.0004,100.0,518.67,642.38,1588.91,1397.11,14.62,21.61,555.1,2388.04,9068.66,1.3,47.28,522.17,2387.96,8150.26,8.3915,0.03,390,2388,100.0,38.92,23.3608
96,33,-0.0005,-0.0005,100.0,518.67,642.45,1585.24,1396.21,14.62,21.6,554.52,2388.01,9070.05,1.3,47.19,522.45,2388.02,8148.11,8.4086,0.03,392,2388,100.0,39.16,23.2435
96,34,0.0003,-0.0004,100.0,518.67,642.32,1580.36,1392.15,14.62,21.61,553.91,2388.03,9069.43,1.3,47.22,522.26,2388.01,8149.59,8.4256,0.03,391,2388,100.0,39.12,23.4184
96,35,0.0013,0.0005,100.0,518.67,642.37,1581.76,1395.41,14.62,21.61,554.74,2388.0,9067.76,1.3,47.22,522.45,2388.07,8149.4,8.3921,0.03,393,2388,100.0,39.02,23.312
96,36,-0.0017,-0.0004,100.0,518.67,641.71,1577.57,1392.58,14.62,21.61,554.54,2388.02,9065.04,1.3,47.2,522.04,2388.03,8151.76,8.3791,0.03,390,2388,100.0,39.08,23.4734
96,37,-0.0003,-0.0005,100.0,518.67,642.02,1580.29,1396.08,14.62,21.61,554.43,2387.98,9071.85,1.3,47.18,522.44,2387.96,8144.04,8.4111,0.03,391,2388,100.0,39.11,23.3819
96,38,-0.0011,0.0002,100.0,518.67,641.97,1579.41,1406.75,14.62,21.6,554.08,2387.97,9065.93,1.3,47.03,522.67,2387.98,8147.3,8.4071,0.03,392,2388,100.0,39.13,23.4085
96,39,-0.0001,0.0001,100.0,518.67,642.29,1582.24,1396.91,14.62,21.61,554.14,2387.97,9065.36,1.3,47.19,522.35,2387.97,8149.08,8.4035,0.03,391,2388,100.0,39.11,23.3405
96,40,0.0006,-0.0001,100.0,518.67,642.07,1583.54,1398.34,14.62,21.61,553.73,2387.99,9062.34,1.3,47.16,522.06,2388.04,8143.53,8.3838,0.03,392,2388,100.0,39.05,23.3899
96,41,-0.0009,0.0003,100.0,518.67,641.54,1585.77,1400.4,14.62,21.61,554.65,2388.03,9079.76,1.3,47.22,522.52,2387.99,8151.75,8.3852,0.03,392,2388,100.0,38.93,23.3692
96,42,0.0037,-0.0003,100.0,518.67,641.97,1587.5,1408.1,14.62,21.61,555.14,2388.08,9069.87,1.3,47.12,522.71,2388.05,8149.54,8.4002,0.03,390,2388,100.0,39.02,23.3379
96,43,-0.0001,-0.0003,100.0,518.67,641.62,1583.63,1412.24,14.62,21.61,554.89,2387.99,9075.01,1.3,47.18,522.38,2388.0,8147.65,8.4295,0.03,392,2388,100.0,38.99,23.3563
96,44,0.0024,0.0002,100.0,518.67,642.4,1590.95,1392.65,14.62,21.61,554.28,2388.09,9065.25,1.3,47.31,522.54,2387.95,8147.93,8.3646,0.03,391,2388,100.0,38.99,23.3369
96,45,-0.0008,0.0003,100.0,518.67,641.9,1582.74,1397.54,14.62,21.61,554.57,2387.95,9072.64,1.3,47.22,522.45,2387.97,8148.87,8.3916,0.03,392,2388,100.0,39.08,23.412
96,46,0.002,0.0003,100.0,518.67,642.39,1586.4,1398.3,14.62,21.61,554.68,2387.97,9058.46,1.3,47.36,521.91,2387.97,8150.74,8.3872,0.03,392,2388,100.0,39.17,23.3872
96,47,0.0002,0.0,100.0,518.67,641.94,1590.69,1392.2,14.62,21.61,554.88,2387.99,9062.36,1.3,47.29,521.89,2388.04,8149.88,8.4275,0.03,391,2388,100.0,38.97,23.444
96,48,-0.0018,-0.0,100.0,518.67,642.4,1579.22,1402.77,14.62,21.61,554.57,2387.97,9070.91,1.3,47.05,522.36,2388.02,8144.81,8.4024,0.03,392,2388,100.0,39.05,23.5216
96,49,0.0069,0.0004,100.0,518.67,642.16,1584.3,1398.62,14.62,21.61,554.1,2387.97,9068.64,1.3,47.21,522.05,2388.02,8148.68,8.4139,0.03,392,2388,100.0,38.98,23.3504
96,50,0.0007,-0.0002,100.0,518.67,642.23,1588.07,1404.16,14.62,21.61,554.44,2388.0,9069.08,1.3,47.27,522.43,2388.07,8151.88,8.4019,0.03,391,2388,100.0,39.1,23.3576
96,51,0.0032,-0.0003,100.0,518.67,641.86,1585.61,1399.91,14.62,21.61,554.09,2388.02,9068.41,1.3,47.51,522.58,2388.01,8144.86,8.406,0.03,391,2388,100.0,38.94,23.3554
96,52,0.0027,0.0001,100.0,518.67,642.37,1580.53,1394.08,14.62,21.61,554.13,2388.02,9067.54,1.3,47.39,522.35,2388.02,8148.84,8.3797,0.03,393,2388,100.0,38.94,23.5239
96,53,-0.0023,0.0003,100.0,518.67,641.68,1591.25,1398.04,14.62,21.61,554.11,2387.98,9071.91,1.3,47.24,522.17,2387.96,8140.96,8.3679,0.03,390,2388,100.0,39.04,23.5293
96,54,-0.0028,0.0002,100.0,518.67,641.87,1578.69,1394.42,14.62,21.6,554.36,2388.01,9060.84,1.3,47.13,522.7,2388.03,8150.45,8.408,0.03,393,2388,100.0,38.92,23.4059
96,55,-0.0019,0.0002,100.0,518.67,642.29,1584.41,1401.43,14.62,21.61,554.43,2388.0,9067.38,1.3,47.27,522.45,2388.02,8147.05,8.3968,0.03,393,2388,100.0,38.93,23.3269
96,56,-0.0031,0.0004,100.0,518.67,642.35,1589.61,1398.31,14.62,21.61,554.39,2388.01,9061.78,1.3,47.21,521.91,2388.0,8145.17,8.4085,0.03,392,2388,100.0,39.03,23.3985
96,57,0.0016,-0.0001,100.0,518.67,642.29,1593.16,1408.15,14.62,21.61,555.4,2387.99,9073.26,1.3,47.36,522.3,2388.07,8154.53,8.3807,0.03,392,2388,100.0,38.94,23.3704
96,58,0.0007,-0.0003,100.0,518.67,642.27,1587.17,1396.13,14.62,21.61,553.76,2388.0,9063.51,1.3,47.12,522.0,2387.98,8154.02,8.4064,0.03,390,2388,100.0,39.03,23.3682
96,59,0.0006,-0.0004,100.0,518.67,642.44,1583.22,1400.74,14.62,21.61,553.42,2388.02,9065.48,1.3,47.29,522.29,2388.01,8145.72,8.3727,0.03,392,2388,100.0,39.11,23.4383
96,60,0.0001,-0.0004,100.0,518.67,642.05,1590.25,1397.45,14.62,21.61,554.0,2387.99,9062.79,1.3,47.16,522.48,2388.03,8149.51,8.374,0.03,393,2388,100.0,38.83,23.4954
96,61,-0.0012,-0.0,100.0,518.67,642.04,1590.87,1400.64,14.62,21.61,554.19,2388.02,9064.68,1.3,47.26,522.68,2387.99,8150.62,8.3935,0.03,393,2388,100.0,38.88,23.4634
96,62,0.0012,-0.0,100.0,518.67,642.31,1588.22,1396.6,14.62,21.61,554.6,2388.05,9066.28,1.3,47.21,522.64,2388.01,8145.17,8.4082,0.03,392,2388,100.0,39.14,23.371
96,63,0.0003,-0.0004,100.0,518.67,641.9,1584.3,1398.68,14.62,21.61,555.06,2388.02,9066.68,1.3,47.11,522.14,2387.96,8150.97,8.4368,0.03,391,2388,100.0,39.03,23.4609
96,64,0.0059,-0.0005,100.0,518.67,641.71,1578.14,1402.39,14.62,21.61,554.16,2388.03,9068.63,1.3,47.18,522.48,2387.99,8143.85,8.364,0.03,391,2388,100.0,38.92,23.42
96,65,-0.0021,-0.0004,100.0,518.67,642.21,1585.56,1401.73,14.62,21.61,554.37,2387.97,9069.33,1.3,47.24,522.16,2387.97,8152.13,8.4243,0.03,393,2388,100.0,38.98,23.4436
96,66,-0.0028,-0.0004,100.0,518.67,642.64,1585.89,1396.77,14.62,21.61,554.21,2387.97,9066.14,1.3,47.21,522.07,2387.98,8144.94,8.4303,0.03,391,2388,100.0,38.92,23.3973
96,67,-0.003,-0.0003,100.0,518.67,642.32,1582.25,1403.57,14.62,21.61,554.76,2388.04,9059.79,1.3,47.42,523.18,2388.0,8147.14,8.4001,0.03,392,2388,100.0,39.16,23.4133
96,68,0.0046,-0.0004,100.0,518.67,641.95,1579.96,1395.51,14.62,21.61,554.62,2387.95,9069.34,1.3,47.12,522.11,2388.05,8146.55,8.4031,0.03,392,2388,100.0,39.04,23.457
96,69,-0.0006,0.0002,100.0,518.67,641.79,1589.92,1389.61,14.62,21.61,554.91,2388.05,9070.64,1.3,47.03,522.06,2387.98,8144.39,8.3736,0.03,392,2388,100.0,38.97,23.3089
96,70,0.0,0.0002,100.0,518.67,641.95,1580.65,1399.59,14.62,21.6,554.64,2387.98,9066.81,1.3,47.24,522.37,2388.05,8147.77,8.4102,0.03,392,2388,100.0,39.05,23.3798
96,71,0.0003,-0.0,100.0,518.67,642.51,1583.77,1402.99,14.62,21.61,553.82,2387.98,9064.39,1.3,47.34,522.13,2388.03,8147.91,8.4063,0.03,391,2388,100.0,38.98,23.3705
96,72,0.0006,0.0001,100.0,518.67,642.38,1584.05,1396.12,14.62,21.61,554.56,2388.0,9069.8,1.3,47.17,522.36,2387.97,8149.43,8.3703,0.03,392,2388,100.0,39.0,23.381
96,73,-0.0027,-0.0,100.0,518.67,642.1,1580.97,1403.67,14.62,21.61,554.29,2388.0,9064.51,1.3,47.07,522.71,2388.02,8149.35,8.4212,0.03,392,2388,100.0,39.02,23.3982
96,74,0.0023,0.0001,100.0,518.67,641.6,1585.28,1404.0,14.62,21.61,554.8,2388.02,9067.62,1.3,46.99,522.02,2387.99,8147.1,8.3871,0.03,392,2388,100.0,38.97,23.4903
96,75,0.0042,0.0002,100.0,518.67,642.39,1587.42,1393.33,14.62,21.61,554.92,2388.02,9072.75,1.3,47.26,522.54,2388.01,8152.92,8.4275,0.03,391,2388,100.0,39.1,23.3068
96,76,-0.0002,-0.0004,100.0,518.67,642.14,1586.25,1401.93,14.62,21.6,555.69,2388.01,9071.31,1.3,47.16,522.35,2388.01,8149.33,8.4071,0.03,391,2388,100.0,38.87,23.4812
96,77,0.0024,0.0003,100.0,518.67,642.4,1584.8,1395.95,14.62,21.61,554.45,2388.03,9062.27,1.3,47.43,522.31,2388.05,8143.7,8.3978,0.03,392,2388,100.0,38.89,23.3447
96,78,-0.0045,0.0004,100.0,518.67,642.17,1586.57,1401.04,14.62,21.61,554.06,2388.01,9065.74,1.3,47.25,522.31,2388.01,8148.44,8.4158,0.03,393,2388,100.0,39.01,23.3506
96,79,0.0002,-0.0,100.0,518.67,642.31,1591.42,1396.96,14.62,21.61,554.88,2387.98,9063.27,1.3,47.39,522.06,2387.96,8151.63,8.4069,0.03,392,2388,100.0,39.01,23.4247
96,80,-0.0024,-0.0002,100.0,518.67,641.97,1591.49,1396.49,14.62,21.61,554.44,2388.04,9076.65,1.3,47.4,522.66,2388.01,8148.77,8.4179,0.03,391,2388,100.0,39.13,23.4229
96,81,-0.0047,-0.0003,100.0,518.67,642.89,1579.77,1402.52,14.62,21.61,554.0,2388.01,9063.76,1.3,47.22,522.79,2388.03,8150.95,8.3729,0.03,391,2388,100.0,38.91,23.4277
96,82,-0.0003,-0.0002,100.0,518.67,641.89,1591.37,1404.74,14.62,21.6,554.18,2388.0,9070.65,1.3,47.17,521.89,2388.0,8154.24,8.4085,0.03,391,2388,100.0,39.18,23.322
96,83,-0.003,0.0001,100.0,518.67,641.93,1584.13,1402.64,14.62,21.61,554.01,2388.04,9067.42,1.3,47.17,522.07,2388.01,8149.97,8.436,0.03,392,2388,100.0,38.96,23.4258
96,84,0.0008,0.0001,100.0,518.67,642.18,1586.73,1403.2,14.62,21.61,554.38,2387.97,9071.52,1.3,47.27,522.17,2388.07,8148.12,8.4071,0.03,391,2388,100.0,39.06,23.3255
96,85,0.0038,-0.0001,100.0,518.67,641.72,1583.8,1405.45,14.62,21.61,554.51,2388.03,9061.11,1.3,47.45,522.02,2388.04,8146.13,8.414,0.03,392,2388,100.0,39.13,23.3896
96,86,-0.0009,-0.0001,100.0,518.67,642.43,1583.78,1395.93,14.62,21.61,553.79,2387.98,9066.5,1.3,47.29,521.95,2388.04,8146.24,8.376,0.03,392,2388,100.0,38.92,23.3842
96,87,-0.0021,-0.0001,100.0,518.67,642.69,1589.36,1394.01,14.62,21.61,554.37,2388.03,9069.04,1.3,47.28,523.04,2388.04,8147.13,8.4014,0.03,391,2388,100.0,39.02,23.4593
96,88,0.0045,-0.0004,100.0,518.67,642.51,1586.12,1402.16,14.62,21.61,554.21,2388.03,9066.2,1.3,47.42,522.11,2388.01,8147.12,8.389,0.03,394,2388,100.0,38.96,23.3921
96,89,-0.0009,-0.0001,100.0,518.67,642.38,1584.66,1399.11,14.62,21.61,554.24,2388.05,9070.17,1.3,47.28,522.23,2387.98,8150.91,8.4137,0.03,391,2388,100.0,38.92,23.4203
96,90,0.0004,0.0004,100.0,518.67,642.07,1585.63,1401.05,14.62,21.61,553.26,2388.05,9072.08,1.3,47.29,521.63,2388.07,8144.01,8.4107,0.03,392,2388,100.0,38.92,23.4575
96,91,-0.0031,-0.0001,100.0,518.67,642.56,1582.56,1398.36,14.62,21.61,553.22,2388.04,9065.96,1.3,47.29,522.57,2388.01,8152.07,8.4043,0.03,392,2388,100.0,39.1,23.3744
96,92,-0.0025,-0.0004,100.0,518.67,642.51,1584.62,1405.84,14.62,21.61,554.22,2387.97,9062.29,1.3,47.18,522.15,2388.01,8147.72,8.3837,0.03,392,2388,100.0,39.06,23.3369
96,93,-0.0015,0.0005,100.0,518.67,642.27,1579.83,1395.5,14.62,21.61,554.22,2388.04,9069.64,1.3,47.2,522.33,2388.01,8147.0,8.4033,0.03,391,2388,100.0,39.03,23.2971
96,94,-0.002,0.0002,100.0,518.67,642.25,1590.13,1397.6,14.62,21.61,554.24,2388.03,9069.87,1.3,47.33,521.94,2388.1,8154.61,8.4134,0.03,392,2388,100.0,38.98,23.415
96,95,-0.0031,-0.0004,100.0,518.67,642.09,1596.42,1403.5,14.62,21.61,554.95,2388.01,9075.46,1.3,47.19,522.57,2388.02,8150.93,8.3933,0.03,393,2388,100.0,39.01,23.3963
96,96,-0.0002,0.0004,100.0,518.67,642.46,1586.22,1404.76,14.62,21.61,554.21,2388.03,9072.14,1.3,47.44,522.4,2388.05,8144.79,8.4437,0.03,393,2388,100.0,39.12,23.2993
96,97,-0.0006,0.0003,100.0,518.67,642.3,1590.88,1397.94,14.62,21.61,553.99,2388.03,9062.41,1.3,47.14,522.3,2388.01,8148.24,8.411,0.03,391,2388,100.0,38.96,23.4606
97,1,-0.0018,-0.0001,100.0,518.67,642.15,1587.31,1402.7,14.62,21.61,553.99,2387.98,9069.91,1.3,47.31,522.27,2388.03,8145.56,8.4081,0.03,392,2388,100.0,38.88,23.4074
97,2,0.002,0.0002,100.0,518.67,642.14,1581.05,1398.34,14.62,21.61,555.0,2388.04,9062.0,1.3,47.18,522.35,2388.06,8147.88,8.3746,0.03,391,2388,100.0,38.98,23.2673
97,3,0.0016,0.0002,100.0,518.67,641.85,1579.34,1392.62,14.62,21.61,554.65,2387.98,9073.55,1.3,47.17,522.21,2388.01,8152.25,8.376,0.03,392,2388,100.0,39.11,23.426
97,4,-0.0016,0.0005,100.0,518.67,641.93,1587.02,1402.74,14.62,21.61,554.34,2388.0,9071.72,1.3,47.31,521.83,2388.03,8147.14,8.3801,0.03,391,2388,100.0,38.72,23.3765
97,5,0.0019,0.0005,100.0,518.67,642.14,1581.71,1399.3,14.62,21.61,554.2,2388.03,9068.13,1.3,47.19,522.59,2388.03,8149.8,8.4251,0.03,391,2388,100.0,39.06,23.3688
97,6,-0.0039,-0.0004,100.0,518.67,642.55,1584.05,1394.75,14.62,21.61,554.57,2388.02,9069.05,1.3,47.2,521.76,2388.06,8141.74,8.3684,0.03,393,2388,100.0,39.03,23.4986
97,7,0.0017,0.0,100.0,518.67,642.21,1583.09,1395.22,14.62,21.61,554.46,2388.0,9070.95,1.3,47.52,522.01,2388.01,8142.97,8.4168,0.03,391,2388,100.0,39.09,23.3693
97,8,-0.0006,-0.0003,100.0,518.67,642.26,1586.01,1396.81,14.62,21.61,554.27,2388.01,9065.53,1.3,47.27,522.4,2388.0,8143.8,8.386,0.03,393,2388,100.0,38.94,23.4654
97,9,-0.0018,0.0002,100.0,518.67,642.41,1588.76,1402.5,14.62,21.61,553.8,2387.99,9070.88,1.3,47.15,522.34,2387.99,8148.04,8.4013,0.03,393,2388,100.0,38.99,23.2951
97,10,-0.0022,0.0001,100.0,518.67,642.21,1597.12,1398.15,14.62,21.6,554.28,2388.02,9071.23,1.3,47.14,522.12,2388.03,8145.99,8.3933,0.03,392,2388,100.0,38.86,23.4964
97,11,-0.005,-0.0003,100.0,518.67,641.92,1590.87,1403.78,14.62,21.6,554.41,2388.04,9069.34,1.3,47.33,522.54,2387.94,8141.0,8.4189,0.03,391,2388,100.0,39.1,23.3893
97,12,-0.0004,-0.0002,100.0,518.67,641.94,1583.05,1402.52,14.62,21.61,553.75,2388.03,9064.35,1.3,47.21,521.99,2387.99,8150.22,8.4279,0.03,392,2388,100.0,38.92,23.4104
97,13,0.0003,0.0004,100.0,518.67,642.32,1589.34,1402.33,14.62,21.61,554.72,2388.07,9060.45,1.3,47.2,522.26,2388.0,8146.04,8.3842,0.03,393,2388,100.0,38.75,23.3353
97,14,-0.001,-0.0004,100.0,518.67,642.67,1589.32,1398.37,14.62,21.61,554.25,2388.02,9068.3,1.3,47.18,522.46,2388.01,8148.0,8.3994,0.03,391,2388,100.0,38.94,23.4169
97,15,0.0002,0.0,100.0,518.67,642.34,1576.51,1398.07,14.62,21.61,553.89,2387.98,9061.55,1.3,47.24,522.14,2387.95,8152.14,8.398,0.03,392,2388,100.0,38.98,23.3753
97,16,0.0036,0.0002,100.0,518.67,642.33,1589.19,1399.42,14.62,21.61,554.47,2388.02,9063.84,1.3,47.22,522.1,2388.07,8147.48,8.4204,0.03,391,2388,100.0,38.92,23.4295
97,17,-0.0005,-0.0004,100.0,518.67,641.96,1583.45,1407.87,14.62,21.61,554.59,2388.02,9062.7,1.3,47.27,521.73,2388.04,8144.11,8.4079,0.03,392,2388,100.0,38.99,23.367
97,18,-0.0009,-0.0004,100.0,518.67,642.02,1583.81,1391.77,14.62,21.61,554.18,2388.03,9063.04,1.3,47.13,522.3,2388.03,8146.19,8.4311,0.03,391,2388,100.0,38.84,23.4636
97,19,-0.003,-0.0003,100.0,518.67,642.33,1580.74,1403.94,14.62,21.61,554.51,2388.0,9067.43,1.3,47.01,522.37,2387.99,8147.88,8.4082,0.03,392,2388,100.0,39.0,23.3727
97,20,-0.0046,0.0002,100.0,518.67,642.0,1583.11,1401.69,14.62,21.61,554.48,2388.0,9064.25,1.3,47.39,522.28,2388.04,8145.66,8.3689,0.03,392,2388,100.0,38.78,23.3476
97,21,-0.004,-0.0001,100.0,518.67,642.27,1586.06,1407.42,14.62,21.61,554.75,2388.03,9071.85,1.3,47.14,522.28,2388.03,8148.12,8.4154,0.03,393,2388,100.0,39.07,23.3894
97,22,0.0002,0.0004,100.0,518.67,642.04,1587.8,1399.58,14.62,21.61,554.98,2388.0,9064.02,1.3,47.3,521.86,2388.04,8144.94,8.4594,0.03,391,2388,100.0,38.97,23.5061
97,23,0.0021,-0.0002,100.0,518.67,642.36,1591.38,1399.62,14.62,21.61,554.28,2388.04,9070.23,1.3,47.18,521.97,2387.99,8145.73,8.4093,0.03,392,2388,100.0,39.01,23.4574
97,24,0.0022,-0.0002,100.0,518.67,642.24,1588.31,1396.2,14.62,21.61,555.47,2388.03,9068.74,1.3,47.32,522.32,2388.05,8146.56,8.4148,0.03,393,2388,100.0,39.06,23.4441
97,25,-0.0008,-0.0003,100.0,518.67,642.52,1587.31,1396.37,14.62,21.61,554.6,2388.01,9063.95,1.3,47.3,522.03,2388.0,8146.15,8.3893,0.03,391,2388,100.0,38.87,23.4802
97,26,0.0041,-0.0,100.0,518.67,642.16,1584.37,1396.36,14.62,21.61,553.72,2388.01,9057.41,1.3,47.17,522.41,2387.98,8141.93,8.4141,0.03,391,2388,100.0,39.06,23.482
97,27,-0.0039,0.0003,100.0,518.67,642.19,1584.53,1407.33,14.62,21.61,555.02,2388.02,9069.37,1.3,47.32,522.26,2388.0,8148.95,8.402,0.03,393,2388,100.0,38.97,23.3915
97,28,0.0013,0.0002,100.0,518.67,642.32,1592.48,1397.66,14.62,21.61,554.42,2388.08,9060.4,1.3,47.16,522.13,2388.01,8148.0,8.421,0.03,392,2388,100.0,39.0,23.2338
97,29,0.0009,0.0001,100.0,518.67,642.28,1582.23,1394.73,14.62,21.61,554.29,2388.02,9065.88,1.3,47.29,521.95,2388.02,8148.03,8.3643,0.03,393,2388,100.0,39.07,23.4318
97,30,-0.0006,0.0001,100.0,518.67,641.98,1587.88,1407.06,14.62,21.61,553.96,2387.99,9073.59,1.3,47.3,522.65,2388.09,8146.16,8.4151,0.03,392,2388,100.0,39.13,23.3231
97,31,0.0042,-0.0001,100.0,518.67,642.21,1578.31,1404.35,14.62,21.6,555.1,2388.01,9065.54,1.3,47.41,521.99,2388.01,8144.12,8.3971,0.03,392,2388,100.0,39.04,23.3415
97,32,0.0018,0.0002,100.0,518.67,642.18,1582.33,1394.22,14.62,21.61,554.01,2387.97,9063.19,1.3,47.26,522.03,2388.03,8150.85,8.402,0.03,391,2388,100.0,38.81,23.304
97,33,0.0017,0.0,100.0,518.67,642.65,1580.69,1401.49,14.62,21.61,554.09,2388.03,9067.38,1.3,47.29,522.85,2388.04,8151.2,8.4122,0.03,392,2388,100.0,38.93,23.3923
97,34,-0.0026,-0.0003,100.0,518.67,642.34,1582.27,1398.44,14.62,21.6,554.72,2388.0,9067.65,1.3,47.41,522.81,2387.99,8155.57,8.405,0.03,392,2388,100.0,39.0,23.4577
97,35,-0.0028,0.0003,100.0,518.67,642.04,1587.32,1399.14,14.62,21.61,554.76,2387.99,9063.32,1.3,47.21,522.18,2388.01,8147.65,8.4351,0.03,391,2388,100.0,39.03,23.2913
97,36,-0.0023,0.0001,100.0,518.67,642.49,1589.18,1399.54,14.62,21.61,554.33,2388.01,9062.95,1.3,47.37,522.17,2388.01,8149.0,8.4271,0.03,393,2388,100.0,39.1,23.4306
97,37,-0.0052,0.0,100.0,518.67,642.69,1581.35,1400.43,14.62,21.61,554.28,2388.0,9070.78,1.3,47.59,521.71,2388.02,8154.38,8.4268,0.03,391,2388,100.0,38.96,23.2902
97,38,-0.0021,0.0003,100.0,518.67,642.59,1585.95,1397.69,14.62,21.61,555.07,2387.97,9064.89,1.3,47.25,522.39,2388.0,8150.97,8.4121,0.03,391,2388,100.0,38.92,23.3048
97,39,0.0016,-0.0,100.0,518.67,642.36,1583.59,1393.55,14.62,21.61,555.0,2388.07,9058.74,1.3,47.37,522.22,2388.04,8144.94,8.3793,0.03,392,2388,100.0,38.9,23.3998
97,40,-0.0004,0.0003,100.0,518.67,642.16,1579.51,1395.22,14.62,21.61,554.85,2388.02,9066.04,1.3,47.39,522.08,2387.98,8144.37,8.442,0.03,392,2388,100.0,38.9,23.3553
97,41,0.0036,0.0002,100.0,518.67,642.49,1590.02,1397.42,14.62,21.61,554.0,2388.06,9065.65,1.3,47.11,522.19,2388.04,8142.4,8.4189,0.03,392,2388,100.0,38.92,23.3763
97,42,0.001,0.0,100.0,518.67,642.47,1584.37,1409.2,14.62,21.61,553.26,2388.04,9059.6,1.3,47.29,521.89,2387.98,8139.82,8.4075,0.03,391,2388,100.0,39.11,23.3882
97,43,-0.0022,0.0001,100.0,518.67,641.92,1583.73,1397.45,14.62,21.61,555.11,2388.05,9067.96,1.3,47.29,522.21,2388.02,8142.88,8.406,0.03,392,2388,100.0,39.03,23.371
97,44,-0.0023,-0.0004,100.0,518.67,642.03,1581.75,1394.04,14.62,21.61,554.52,2387.97,9064.59,1.3,47.18,522.26,2388.01,8147.95,8.4415,0.03,391,2388,100.0,38.98,23.4072
97,45,0.0013,-0.0001,100.0,518.67,642.14,1582.77,1399.1,14.62,21.61,553.36,2388.02,9068.56,1.3,47.11,522.02,2388.06,8150.6,8.3771,0.03,392,2388,100.0,39.05,23.357
97,46,0.0008,-0.0003,100.0,518.67,642.41,1589.5,1395.76,14.62,21.61,553.83,2388.02,9065.02,1.3,47.25,522.34,2388.01,8152.34,8.3931,0.03,391,2388,100.0,38.95,23.4179
97,47,0.0,-0.0002,100.0,518.67,642.23,1588.86,1400.87,14.62,21.61,554.97,2387.97,9066.09,1.3,47.32,522.33,2387.97,8146.58,8.3996,0.03,392,2388,100.0,38.82,23.3853
97,48,-0.0001,-0.0,100.0,518.67,642.58,1583.89,1400.84,14.62,21.61,554.48,2387.99,9067.4,1.3,47.41,521.55,2388.05,8141.6,8.3827,0.03,391,2388,100.0,39.02,23.3203
97,49,0.0027,0.0001,100.0,518.67,642.06,1580.19,1402.37,14.62,21.61,554.42,2388.02,9066.78,1.3,47.35,522.18,2387.96,8150.57,8.3912,0.03,393,2388,100.0,38.78,23.4058
97,50,-0.0044,0.0001,100.0,518.67,642.53,1583.18,1401.3,14.62,21.61,554.28,2388.06,9063.76,1.3,47.26,522.26,2388.02,8140.55,8.4011,0.03,392,2388,100.0,38.96,23.2169
97,51,0.0003,0.0,100.0,518.67,642.26,1593.81,1409.11,14.62,21.61,553.62,2387.99,9061.47,1.3,47.38,522.6,2388.06,8150.17,8.4037,0.03,393,2388,100.0,39.04,23.3162
97,52,0.0013,0.0003,100.0,518.67,641.85,1586.74,1398.96,14.62,21.61,554.45,2388.01,9068.4,1.3,47.37,522.28,2388.05,8155.79,8.4041,0.03,391,2388,100.0,39.05,23.5257
97,53,-0.0027,0.0002,100.0,518.67,641.91,1589.66,1397.84,14.62,21.61,554.11,2388.0,9072.47,1.3,47.28,522.37,2388.0,8149.52,8.4423,0.03,392,2388,100.0,39.03,23.3323
97,54,-0.0003,0.0003,100.0,518.67,642.2,1583.45,1401.72,14.62,21.61,553.69,2388.02,9067.06,1.3,47.32,522.21,2388.05,8147.08,8.3761,0.03,393,2388,100.0,39.05,23.3478
97,55,-0.0033,-0.0004,100.0,518.67,642.56,1589.15,1395.86,14.62,21.61,554.34,2388.04,9063.05,1.3,47.16,522.45,2388.02,8145.96,8.4252,0.03,391,2388,100.0,39.08,23.3475
97,56,-0.0002,0.0004,100.0,518.67,642.11,1591.05,1395.04,14.62,21.61,554.02,2388.02,9061.42,1.3,47.21,522.07,2388.03,8153.3,8.4303,0.03,394,2388,100.0,38.95,23.3443
97,57,-0.0038,-0.0002,100.0,518.67,642.39,1584.52,1400.75,14.62,21.61,553.99,2388.0,9066.57,1.3,47.34,522.01,2387.98,8149.05,8.4306,0.03,392,2388,100.0,39.09,23.3799
97,58,-0.0063,0.0002,100.0,518.67,641.96,1583.74,1400.99,14.62,21.61,553.52,2388.02,9064.06,1.3,47.25,521.9,2388.05,8146.98,8.3941,0.03,392,2388,100.0,38.91,23.3574
97,59,0.0014,0.0002,100.0,518.67,642.42,1586.81,1393.6,14.62,21.61,554.84,2388.08,9062.37,1.3,47.41,522.07,2388.04,8144.36,8.3925,0.03,392,2388,100.0,38.77,23.3806
97,60,-0.0039,0.0004,100.0,518.67,642.64,1586.85,1394.38,14.62,21.61,554.84,2388.01,9071.92,1.3,47.38,521.98,2388.03,8148.37,8.3829,0.03,393,2388,100.0,38.99,23.3898
97,61,-0.0004,-0.0003,100.0,518.67,642.44,1588.88,1400.95,14.62,21.61,553.6,2388.06,9069.22,1.3,47.2,522.04,2388.0,8146.96,8.3977,0.03,393,2388,100.0,38.86,23.4534
97,62,0.0002,0.0003,100.0,518.67,642.01,1589.0,1399.25,14.62,21.61,553.99,2388.02,9069.11,1.3,47.23,522.43,2388.01,8154.23,8.4599,0.03,391,2388,100.0,38.81,23.3692
97,63,-0.0034,0.0004,100.0,518.67,642.41,1585.91,1406.05,14.62,21.61,554.77,2388.04,9064.82,1.3,47.33,522.22,2388.03,8156.36,8.432,0.03,392,2388,100.0,39.1,23.3494
97,64,-0.0005,-0.0004,100.0,518.67,642.35,1585.16,1401.57,14.62,21.61,554.25,2388.06,9063.18,1.3,47.4,522.04,2387.96,8146.98,8.3767,0.03,392,2388,100.0,39.12,23.363
97,65,0.0017,0.0001,100.0,518.67,642.3,1587.1,1392.69,14.62,21.61,554.42,2388.02,9061.28,1.3,47.33,522.0,2387.93,8146.76,8.424,0.03,392,2388,100.0,39.06,23.4015
97,66,-0.0004,0.0,100.0,518.67,641.97,1587.72,1395.71,14.62,21.61,554.33,2388.05,9068.66,1.3,47.3,522.17,2388.02,8150.98,8.439,0.03,392,2388,100.0,38.95,23.4481
97,67,0.0009,0.0,100.0,518.67,642.04,1585.91,1405.15,14.62,21.61,554.9,2387.97,9068.8,1.3,47.13,522.06,2388.02,8152.19,8.4352,0.03,392,2388,100.0,38.89,23.3754
97,68,0.0009,0.0,100.0,518.67,642.27,1587.31,1402.94,14.62,21.61,553.82,2388.02,9061.64,1.3,47.33,522.24,2388.02,8155.98,8.3975,0.03,393,2388,100.0,38.86,23.3532
97,69,-0.0016,0.0005,100.0,518.67,642.55,1587.46,1398.28,14.62,21.61,554.29,2388.07,9062.97,1.3,47.29,522.03,2388.06,8151.87,8.4123,0.03,392,2388,100.0,38.82,23.4673
97,70,0.0001,0.0005,100.0,518.67,642.02,1585.05,1401.19,14.62,21.61,554.38,2388.0,9059.76,1.3,47.24,522.19,2387.97,8149.14,8.3983,0.03,392,2388,100.0,38.92,23.4297
97,71,0.0033,-0.0002,100.0,518.67,642.27,1579.37,1407.55,14.62,21.61,554.26,2388.0,9072.5,1.3,47.33,521.74,2388.03,8149.69,8.4176,0.03,392,2388,100.0,38.69,23.4167
97,72,0.0012,0.0003,100.0,518.67,642.4,1580.79,1404.37,14.62,21.61,554.38,2388.01,9073.74,1.3,47.35,522.62,2388.02,8145.7,8.404,0.03,392,2388,100.0,38.95,23.4012
97,73,-0.0002,-0.0,100.0,518.67,642.49,1590.96,1397.91,14.62,21.61,553.63,2388.08,9062.46,1.3,47.42,522.07,2388.05,8144.29,8.4273,0.03,390,2388,100.0,38.97,23.3711
97,74,0.0014,0.0002,100.0,518.67,642.71,1582.93,1397.53,14.62,21.61,553.82,2387.98,9068.55,1.3,47.4,521.9,2388.0,8148.41,8.4306,0.03,390,2388,100.0,39.08,23.3664
97,75,0.0039,0.0001,100.0,518.67,642.44,1584.64,1401.49,14.62,21.61,553.84,2388.06,9069.06,1.3,47.51,522.13,2388.06,8147.32,8.4013,0.03,393,2388,100.0,39.18,23.4266
97,76,-0.003,0.0005,100.0,518.67,642.04,1580.75,1405.87,14.62,21.61,553.89,2387.98,9068.93,1.3,47.21,522.31,2388.0,8147.34,8.3924,0.03,391,2388,100.0,39.12,23.3831
97,77,-0.0002,0.0,100.0,518.67,642.96,1583.9,1400.15,14.62,21.61,554.36,2388.01,9077.9,1.3,47.15,522.22,2387.97,8152.35,8.408,0.03,393,2388,100.0,38.86,23.4
97,78,0.0013,0.0005,100.0,518.67,641.93,1586.78,1406.96,14.62,21.61,553.85,2388.03,9063.4,1.3,47.31,522.33,2388.03,8147.74,8.369,0.03,393,2388,100.0,38.85,23.4223
97,79,0.0019,-0.0001,100.0,518.67,642.24,1585.72,1406.17,14.62,21.61,553.81,2387.99,9066.83,1.3,47.27,522.37,2388.04,8149.25,8.3575,0.03,391,2388,100.0,38.92,23.3334
97,80,-0.0006,0.0002,100.0,518.67,641.95,1582.65,1397.57,14.62,21.61,554.34,2388.07,9069.34,1.3,47.32,522.1,2387.99,8151.43,8.4139,0.03,393,2388,100.0,38.96,23.3842
97,81,-0.0052,-0.0003,100.0,518.67,642.28,1583.49,1401.12,14.62,21.61,554.06,2388.07,9075.21,1.3,47.4,521.88,2388.04,8152.06,8.3931,0.03,392,2388,100.0,39.0,23.3721
97,82,0.0022,0.0004,100.0,518.67,642.31,1578.75,1401.23,14.62,21.61,554.14,2388.05,9066.73,1.3,47.26,521.4,2388.01,8149.03,8.4441,0.03,394,2388,100.0,38.94,23.3352
97,83,-0.0026,0.0,100.0,518.67,641.92,1587.99,1405.52,14.62,21.61,554.42,2388.04,9068.29,1.3,47.2,522.14,2388.02,8146.49,8.4282,0.03,392,2388,100.0,38.84,23.3595
97,84,-0.0,-0.0002,100.0,518.67,641.83,1589.44,1407.83,14.62,21.61,553.54,2387.98,9072.3,1.3,47.41,522.83,2388.05,8145.1,8.3971,0.03,391,2388,100.0,38.9,23.374
97,85,-0.0015,0.0,100.0,518.67,642.53,1594.35,1402.21,14.62,21.61,553.92,2388.06,9073.51,1.3,47.38,522.17,2388.03,8148.31,8.4151,0.03,393,2388,100.0,38.89,23.4171
97,86,-0.0021,0.0005,100.0,518.67,642.31,1585.69,1399.92,14.62,21.61,555.47,2388.09,9066.12,1.3,47.29,522.36,2388.07,8152.73,8.4179,0.03,392,2388,100.0,39.08,23.397
97,87,-0.0022,0.0004,100.0,518.67,642.39,1581.79,1403.05,14.62,21.61,554.02,2388.04,9075.24,1.3,47.21,521.97,2388.01,8151.58,8.4058,0.03,393,2388,100.0,39.14,23.3063
97,88,-0.0032,0.0001,100.0,518.67,641.97,1588.56,1407.32,14.62,21.61,554.11,2388.01,9068.09,1.3,47.42,522.0,2388.05,8150.54,8.4289,0.03,392,2388,100.0,38.78,23.3134
97,89,0.0026,-0.0003,100.0,518.67,642.38,1589.22,1399.04,14.62,21.61,554.54,2388.02,9076.27,1.3,47.35,522.33,2388.02,8150.09,8.3998,0.03,391,2388,100.0,39.03,23.4024
97,90,0.0004,-0.0001,100.0,518.67,641.98,1590.82,1395.14,14.62,21.61,554.17,2388.02,9070.69,1.3,47.27,521.85,2388.01,8153.18,8.365,0.03,392,2388,100.0,39.05,23.3515
97,91,-0.0005,0.0005,100.0,518.67,642.33,1579.73,1405.97,14.62,21.61,553.77,2388.02,9066.65,1.3,47.43,522.05,2388.0,8150.58,8.4024,0.03,392,2388,100.0,38.83,23.3742
97,92,0.0029,0.0005,100.0,518.67,642.67,1594.21,1398.01,14.62,21.6,553.95,2388.05,9074.29,1.3,47.24,521.95,2388.06,8145.7,8.4245,0.03,392,2388,100.0,38.93,23.3095
97,93,-0.0025,-0.0,100.0,518.67,642.38,1582.66,1400.97,14.62,21.61,554.73,2388.01,9068.55,1.3,47.29,522.24,2388.05,8148.69,8.3903,0.03,391,2388,100.0,38.81,23.379
97,94,-0.001,0.0003,100.0,518.67,642.62,1586.49,1410.9,14.62,21.61,554.51,2388.08,9058.02,1.3,47.45,521.46,2388.06,8151.73,8.3951,0.03,393,2388,100.0,39.03,23.3777
97,95,0.0012,-0.0003,100.0,518.67,642.44,1581.82,1401.03,14.62,21.61,554.33,2388.02,9076.04,1.3,47.36,522.38,2388.0,8148.24,8.4083,0.03,393,2388,100.0,38.95,23.3811
97,96,0.0042,-0.0003,100.0,518.67,642.6,1589.29,1403.39,14.62,21.61,553.48,2388.02,9061.55,1.3,47.22,521.9,2388.03,8145.93,8.4353,0.03,393,2388,100.0,38.79,23.3413
97,97,-0.0014,-0.0003,100.0,518.67,642.87,1588.24,1403.53,14.62,21.61,553.76,2388.0,9071.46,1.3,47.45,521.95,2388.0,8148.82,8.417,0.03,392,2388,100.0,38.89,23.374
97,98,-0.0036,0.0002,100.0,518.67,642.4,1581.38,1402.61,14.62,21.61,553.92,2388.03,9067.51,1.3,47.58,522.14,2387.99,8155.6,8.4313,0.03,391,2388,100.0,38.83,23.3307
97,99,-0.0029,-0.0002,100.0,518.67,641.9,1584.41,1404.16,14.62,21.61,553.39,2388.03,9072.41,1.3,47.43,522.34,2388.03,8146.86,8.3966,0.03,394,2388,100.0,38.91,23.3376
97,100,0.0028,0.0002,100.0,518.67,642.67,1586.39,1402.5,14.62,21.61,554.16,2387.99,9077.99,1.3,47.35,522.11,2388.04,8148.16,8.4235,0.03,391,2388,100.0,39.19,23.3493
97,101,0.0009,0.0002,100.0,518.67,642.7,1586.4,1403.43,14.62,21.61,554.31,2388.03,9070.98,1.3,47.27,521.79,2388.03,8148.53,8.3972,0.03,391,2388,100.0,38.82,23.4569
97,102,-0.0033,0.0001,100.0,518.67,642.29,1591.53,1400.73,14.62,21.61,553.96,2388.04,9073.26,1.3,47.37,521.95,2388.03,8151.12,8.3989,0.03,392,2388,100.0,39.14,23.3958
97,103,0.0012,0.0005,100.0,518.67,642.84,1582.36,1407.01,14.62,21.61,554.23,2388.05,9076.31,1.3,47.37,522.09,2388.0,8148.75,8.4418,0.03,393,2388,100.0,38.79,23.4165
97,104,-0.0021,0.0003,100.0,518.67,642.41,1588.96,1405.87,14.62,21.61,554.02,2388.06,9076.43,1.3,47.24,521.8,2388.07,8157.16,8.4139,0.03,392,2388,100.0,38.78,23.3055
97,105,0.0009,-0.0001,100.0,518.67,642.83,1586.87,1402.29,14.62,21.61,554.26,2388.05,9069.13,1.3,47.23,521.78,2388.05,8148.06,8.4184,0.03,392,2388,100.0,39.03,23.3474
97,106,0.0009,-0.0001,100.0,518.67,642.6,1587.32,1404.8,14.62,21.61,554.23,2388.04,9068.09,1.3,47.26,521.9,2388.02,8149.64,8.4191,0.03,393,2388,100.0,38.96,23.3707
97,107,0.0009,0.0002,100.0,518.67,642.22,1587.18,1401.01,14.62,21.61,553.99,2388.02,9072.04,1.3,47.45,522.29,2387.99,8152.15,8.4221,0.03,393,2388,100.0,38.95,23.4006
97,108,-0.0001,-0.0003,100.0,518.67,642.72,1590.64,1405.3,14.62,21.61,553.5,2388.02,9071.59,1.3,47.33,521.98,2387.99,8146.11,8.4263,0.03,394,2388,100.0,38.92,23.3939
97,109,-0.0012,0.0003,100.0,518.67,642.64,1590.15,1407.63,14.62,21.61,554.03,2388.0,9076.18,1.3,47.44,521.85,2387.97,8152.31,8.417,0.03,392,2388,100.0,38.94,23.4554
97,110,0.001,-0.0001,100.0,518.67,642.13,1586.24,1404.04,14.62,21.61,553.65,2388.01,9072.42,1.3,47.29,522.11,2388.04,8149.94,8.3957,0.03,394,2388,100.0,38.8,23.3695
97,111,0.0031,0.0004,100.0,518.67,641.92,1588.99,1407.64,14.62,21.61,554.08,2388.03,9078.82,1.3,47.41,521.58,2388.07,8148.15,8.3822,0.03,392,2388,100.0,38.88,23.4526
97,112,-0.0017,0.0,100.0,518.67,642.46,1586.99,1401.6,14.62,21.61,553.9,2388.04,9068.19,1.3,47.32,522.17,2388.06,8155.55,8.4101,0.03,394,2388,100.0,38.87,23.34
97,113,-0.0004,0.0002,100.0,518.67,642.96,1582.52,1401.75,14.62,21.61,553.66,2388.01,9069.32,1.3,47.2,522.02,2388.08,8152.96,8.3958,0.03,393,2388,100.0,38.88,23.3296
97,114,-0.0022,0.0002,100.0,518.67,641.94,1587.41,1404.38,14.62,21.61,554.32,2387.98,9071.27,1.3,47.34,521.36,2388.02,8149.64,8.4421,0.03,392,2388,100.0,38.99,23.4091
97,115,-0.0008,-0.0001,100.0,518.67,642.58,1584.21,1405.6,14.62,21.61,553.91,2388.06,9074.57,1.3,47.46,521.85,2388.03,8147.05,8.3845,0.03,392,2388,100.0,38.9,23.3489
97,116,0.002,0.0002,100.0,518.67,641.59,1581.24,1405.64,14.62,21.61,553.48,2388.01,9070.74,1.3,47.4,521.94,2388.09,8158.3,8.3833,0.03,393,2388,100.0,38.96,23.4099
97,117,0.002,0.0005,100.0,518.67,642.39,1584.76,1395.01,14.62,21.61,553.36,2388.06,9068.55,1.3,47.32,521.77,2388.07,8151.4,8.4175,0.03,393,2388,100.0,38.89,23.3966
97,118,0.0001,-0.0001,100.0,518.67,642.56,1593.48,1398.21,14.62,21.61,553.82,2388.01,9071.58,1.3,47.3,521.94,2388.0,8152.47,8.4118,0.03,394,2388,100.0,38.95,23.3425
97,119,0.0005,0.0004,100.0,518.67,642.45,1588.26,1409.83,14.62,21.61,553.98,2388.04,9074.98,1.3,47.31,522.44,2388.06,8150.36,8.4382,0.03,393,2388,100.0,38.73,23.3393
97,120,0.0037,-0.0002,100.0,518.67,642.17,1584.93,1406.45,14.62,21.61,553.81,2388.04,9068.31,1.3,47.35,521.72,2388.03,8154.11,8.4291,0.03,392,2388,100.0,38.77,23.3808
97,121,-0.003,-0.0001,100.0,518.67,642.13,1588.84,1405.35,14.62,21.61,554.43,2388.06,9076.25,1.3,47.3,521.58,2388.06,8151.44,8.4092,0.03,393,2388,100.0,38.89,23.344
97,122,-0.0038,0.0005,100.0,518.67,642.35,1593.03,1400.4,14.62,21.61,554.07,2388.03,9073.75,1.3,47.32,521.5,2388.02,8157.86,8.436,0.03,391,2388,100.0,38.88,23.3026
97,123,-0.0046,-0.0002,100.0,518.67,642.29,1585.52,1400.16,14.62,21.61,553.67,2388.01,9068.66,1.3,47.4,522.02,2388.03,8153.94,8.4398,0.03,393,2388,100.0,38.96,23.388
97,124,0.0033,0.0004,100.0,518.67,642.64,1587.61,1396.6,14.62,21.61,553.82,2388.06,9078.06,1.3,47.3,522.39,2388.03,8152.77,8.4004,0.03,393,2388,100.0,38.99,23.421
97,125,0.0015,0.0006,100.0,518.67,642.33,1587.74,1403.87,14.62,21.61,553.88,2388.04,9076.33,1.3,47.51,521.96,2388.05,8152.41,8.4398,0.03,393,2388,100.0,38.97,23.3836
97,126,-0.0011,0.0002,100.0,518.67,642.41,1588.07,1403.23,14.62,21.61,554.29,2388.02,9073.75,1.3,47.4,521.85,2388.05,8147.87,8.4503,0.03,393,2388,100.0,38.85,23.4959
97,127,-0.0013,0.0001,100.0,518.67,642.06,1592.33,1400.11,14.62,21.61,553.92,2388.09,9077.39,1.3,47.33,521.58,2388.05,8153.45,8.4031,0.03,394,2388,100.0,39.0,23.3144
97,128,-0.0034,-0.0001,100.0,518.67,642.46,1590.61,1401.18,14.62,21.61,553.87,2388.05,9074.35,1.3,47.5,521.64,2388.06,8155.91,8.4026,0.03,392,2388,100.0,38.99,23.3157
97,129,-0.0023,0.0,100.0,518.67,642.16,1591.23,1408.98,14.62,21.61,553.71,2388.04,9074.97,1.3,47.32,522.04,2388.08,8152.78,8.4779,0.03,392,2388,100.0,39.1,23.3559
97,130,0.0061,-0.0002,100.0,518.67,642.49,1592.83,1400.69,14.62,21.61,553.84,2388.07,9073.67,1.3,47.32,521.5,2388.04,8145.88,8.4033,0.03,393,2388,100.0,38.86,23.3241
97,131,0.0002,0.0005,100.0,518.67,642.87,1585.0,1397.76,14.62,21.61,554.57,2388.03,9077.57,1.3,47.27,521.69,2388.05,8154.37,8.4171,0.03,395,2388,100.0,38.69,23.367
97,132,-0.0027,0.0005,100.0,518.67,642.2,1589.08,1402.38,14.62,21.61,553.72,2388.03,9081.3,1.3,47.45,521.78,2388.07,8153.28,8.4187,0.03,393,2388,100.0,39.03,23.3713
97,133,0.0002,0.0003,100.0,518.67,642.22,1584.92,1403.94,14.62,21.61,553.52,2388.04,9084.11,1.3,47.5,522.06,2388.04,8157.44,8.4398,0.03,392,2388,100.0,38.83,23.4391
97,134,0.0013,-0.0001,100.0,518.67,642.59,1582.96,1410.92,14.62,21.61,554.05,2388.06,9076.36,1.3,47.38,521.58,2388.06,8155.48,8.45,0.03,395,2388,100.0,38.61,23.2953
98,1,0.0004,0.0004,100.0,518.67,642.66,1592.17,1406.54,14.62,21.61,553.81,2388.06,9060.32,1.3,47.37,521.72,2388.07,8141.35,8.4238,0.03,391,2388,100.0,39.03,23.3803
98,2,-0.0005,0.0004,100.0,518.67,642.76,1592.19,1405.1,14.62,21.61,553.87,2388.02,9062.35,1.3,47.34,521.7,2388.05,8141.1,8.4651,0.03,391,2388,100.0,39.09,23.3065
98,3,0.0009,0.0,100.0,518.67,642.36,1587.94,1401.43,14.62,21.61,553.7,2388.09,9052.21,1.3,47.4,521.72,2388.07,8140.82,8.4184,0.03,392,2388,100.0,38.89,23.2586
98,4,0.003,-0.0002,100.0,518.67,642.33,1583.46,1396.01,14.62,21.61,553.95,2388.06,9065.83,1.3,47.46,522.14,2388.05,8139.83,8.4587,0.03,393,2388,100.0,38.86,23.3118
98,5,0.004,0.0,100.0,518.67,642.42,1583.97,1407.85,14.62,21.61,552.98,2388.06,9064.72,1.3,47.29,521.68,2388.04,8144.59,8.4101,0.03,391,2388,100.0,38.88,23.3549
98,6,-0.0025,0.0002,100.0,518.67,642.78,1587.16,1400.89,14.62,21.61,553.79,2388.02,9060.06,1.3,47.33,521.83,2387.99,8137.57,8.4123,0.03,394,2388,100.0,38.79,23.3875
98,7,0.0005,0.0,100.0,518.67,642.79,1587.19,1404.96,14.62,21.61,553.39,2387.97,9061.87,1.3,47.41,521.61,2388.08,8139.99,8.4366,0.03,393,2388,100.0,38.89,23.3354
98,8,-0.0033,-0.0004,100.0,518.67,641.99,1585.24,1404.05,14.62,21.61,553.81,2388.09,9064.53,1.3,47.26,521.87,2388.02,8141.27,8.4309,0.03,393,2388,100.0,38.91,23.3652
98,9,-0.0021,0.0005,100.0,518.67,642.35,1590.95,1403.37,14.62,21.61,553.98,2388.06,9062.29,1.3,47.46,522.05,2388.05,8143.27,8.4202,0.03,393,2388,100.0,38.99,23.4417
98,10,0.0016,0.0002,100.0,518.67,642.14,1583.61,1404.74,14.62,21.61,554.5,2388.06,9056.67,1.3,47.46,521.71,2388.05,8142.53,8.4333,0.03,393,2388,100.0,38.88,23.4894
98,11,0.0025,0.0004,100.0,518.67,642.2,1589.02,1403.93,14.62,21.61,553.5,2388.03,9058.54,1.3,47.37,522.44,2388.06,8149.39,8.4249,0.03,390,2388,100.0,38.95,23.3707
98,12,0.0011,-0.0004,100.0,518.67,642.71,1584.95,1398.69,14.62,21.61,553.99,2388.09,9064.08,1.3,47.56,522.24,2388.05,8145.13,8.3895,0.03,391,2388,100.0,39.08,23.4316
98,13,0.0003,-0.0002,100.0,518.67,642.9,1585.62,1402.65,14.62,21.61,553.8,2388.02,9054.54,1.3,47.3,521.99,2388.02,8136.06,8.4047,0.03,392,2388,100.0,39.1,23.4806
98,14,-0.0014,0.0005,100.0,518.67,642.4,1588.71,1397.6,14.62,21.61,553.43,2388.03,9063.96,1.3,47.33,522.02,2388.07,8140.04,8.3785,0.03,393,2388,100.0,39.03,23.3578
98,15,-0.0015,0.0005,100.0,518.67,642.34,1576.92,1407.32,14.62,21.61,554.46,2388.04,9060.73,1.3,47.43,522.18,2388.05,8136.41,8.4025,0.03,392,2388,100.0,38.98,23.3835
98,16,-0.0012,0.0005,100.0,518.67,642.21,1588.01,1401.87,14.62,21.61,553.12,2388.1,9061.16,1.3,47.28,522.05,2388.04,8144.13,8.4183,0.03,394,2388,100.0,38.79,23.3927
98,17,-0.0003,-0.0,100.0,518.67,642.29,1590.86,1411.03,14.62,21.61,554.01,2388.06,9055.08,1.3,47.31,522.29,2388.02,8134.72,8.3983,0.03,392,2388,100.0,38.88,23.3968
98,18,0.0019,0.0004,100.0,518.67,642.11,1582.54,1401.28,14.62,21.61,553.28,2387.99,9057.96,1.3,47.32,521.74,2388.08,8141.91,8.42,0.03,393,2388,100.0,39.08,23.3846
98,19,-0.0013,0.0002,100.0,518.67,642.56,1583.47,1403.36,14.62,21.61,554.1,2388.06,9061.54,1.3,47.3,522.09,2388.02,8141.43,8.4178,0.03,394,2388,100.0,38.92,23.4202
98,20,-0.0018,-0.0002,100.0,518.67,642.18,1584.23,1400.96,14.62,21.61,554.07,2388.08,9053.07,1.3,47.47,522.08,2388.04,8134.64,8.4304,0.03,393,2388,100.0,38.91,23.4033
98,21,-0.0011,-0.0004,100.0,518.67,642.38,1584.91,1400.58,14.62,21.61,554.19,2388.02,9064.48,1.3,47.43,521.81,2388.03,8149.29,8.434,0.03,391,2388,100.0,38.94,23.2381
98,22,-0.0023,-0.0,100.0,518.67,642.21,1584.2,1399.53,14.62,21.61,554.27,2388.09,9063.66,1.3,47.38,521.9,2388.07,8143.95,8.4023,0.03,393,2388,100.0,38.87,23.3644
98,23,-0.0008,0.0,100.0,518.67,642.53,1582.29,1403.04,14.62,21.61,553.94,2388.1,9055.24,1.3,47.32,521.79,2388.02,8142.88,8.4542,0.03,392,2388,100.0,39.01,23.3096
98,24,-0.0027,-0.0001,100.0,518.67,642.49,1593.8,1403.73,14.62,21.61,554.91,2388.06,9057.92,1.3,47.37,521.96,2388.1,8140.38,8.4249,0.03,394,2388,100.0,38.86,23.2957
98,25,0.0034,-0.0003,100.0,518.67,642.61,1592.59,1405.02,14.62,21.61,553.81,2387.99,9063.98,1.3,47.2,521.4,2388.07,8139.23,8.4186,0.03,392,2388,100.0,39.01,23.3692
98,26,-0.0026,-0.0005,100.0,518.67,642.13,1591.65,1408.96,14.62,21.61,553.94,2388.12,9061.58,1.3,47.23,522.19,2388.06,8139.7,8.38,0.03,393,2388,100.0,38.88,23.4218
98,27,0.0016,-0.0002,100.0,518.67,642.28,1592.24,1400.94,14.62,21.61,554.18,2388.08,9055.16,1.3,47.55,521.84,2388.07,8142.62,8.3849,0.03,393,2388,100.0,38.88,23.3656
98,28,0.001,-0.0003,100.0,518.67,642.7,1587.96,1398.43,14.62,21.61,553.9,2388.07,9055.86,1.3,47.18,521.31,2388.03,8138.43,8.405,0.03,392,2388,100.0,38.84,23.2963
98,29,0.0021,0.0002,100.0,518.67,642.32,1586.7,1403.01,14.62,21.61,553.79,2388.13,9059.19,1.3,47.5,521.8,2388.08,8141.38,8.4441,0.03,392,2388,100.0,39.11,23.3461
98,30,-0.0014,0.0001,100.0,518.67,642.11,1582.68,1401.15,14.62,21.61,554.36,2388.04,9053.42,1.3,47.3,521.56,2388.07,8140.3,8.4486,0.03,393,2388,100.0,39.08,23.3706
98,31,0.0029,-0.0002,100.0,518.67,642.25,1590.41,1407.87,14.62,21.61,554.13,2388.04,9063.55,1.3,47.46,522.25,2388.08,8142.0,8.4409,0.03,392,2388,100.0,38.79,23.2904
98,32,-0.0024,0.0005,100.0,518.67,642.06,1587.18,1409.8,14.62,21.61,553.27,2388.08,9059.79,1.3,47.35,521.79,2388.04,8138.55,8.4363,0.03,394,2388,100.0,38.8,23.3447
98,33,-0.0027,0.0005,100.0,518.67,643.34,1576.3,1407.89,14.62,21.61,553.28,2388.08,9061.26,1.3,47.17,522.14,2388.06,8144.98,8.4585,0.03,393,2388,100.0,38.82,23.2782
98,34,0.0016,0.0001,100.0,518.67,642.55,1588.76,1401.15,14.62,21.61,553.68,2388.04,9058.68,1.3,47.51,522.07,2388.0,8134.38,8.4438,0.03,394,2388,100.0,38.81,23.2742
98,35,0.0024,-0.0002,100.0,518.67,642.41,1585.95,1404.43,14.62,21.61,553.11,2388.04,9058.95,1.3,47.37,522.14,2388.09,8138.06,8.4251,0.03,391,2388,100.0,38.9,23.2889
98,36,0.0025,-0.0003,100.0,518.67,642.41,1587.0,1397.27,14.62,21.61,553.8,2388.05,9063.27,1.3,47.32,521.77,2388.07,8138.5,8.4164,0.03,392,2388,100.0,38.88,23.289
98,37,-0.0014,0.0002,100.0,518.67,641.8,1587.91,1406.46,14.62,21.6,553.94,2388.06,9063.18,1.3,47.33,521.62,2388.0,8140.33,8.3859,0.03,393,2388,100.0,38.97,23.3885
98,38,0.0018,0.0001,100.0,518.67,642.58,1590.36,1405.77,14.62,21.61,554.17,2388.09,9063.79,1.3,47.48,521.9,2388.04,8142.03,8.3958,0.03,392,2388,100.0,38.98,23.3324
98,39,-0.0024,-0.0002,100.0,518.67,642.44,1590.25,1403.7,14.62,21.61,553.88,2388.02,9059.1,1.3,47.41,521.88,2388.1,8136.43,8.4178,0.03,392,2388,100.0,38.99,23.318
98,40,0.001,0.0002,100.0,518.67,643.08,1583.28,1404.16,14.62,21.61,553.92,2388.09,9056.52,1.3,47.42,522.13,2388.07,8136.99,8.4031,0.03,392,2388,100.0,38.78,23.3266
98,41,0.0014,0.0001,100.0,518.67,642.24,1587.6,1404.83,14.62,21.61,553.63,2388.03,9060.08,1.3,47.57,522.33,2388.04,8141.34,8.3773,0.03,392,2388,100.0,38.86,23.3648
98,42,0.0007,0.0001,100.0,518.67,642.16,1589.01,1406.75,14.62,21.61,553.87,2388.09,9051.3,1.3,47.44,522.15,2388.09,8143.62,8.422,0.03,393,2388,100.0,38.81,23.3224
98,43,0.0017,-0.0003,100.0,518.67,642.5,1589.16,1407.78,14.62,21.61,553.64,2388.13,9060.52,1.3,47.48,521.96,2388.1,8137.93,8.4159,0.03,393,2388,100.0,39.08,23.3023
98,44,0.0003,0.0,100.0,518.67,642.48,1582.38,1401.27,14.62,21.61,553.1,2388.1,9059.71,1.3,47.28,522.17,2388.03,8140.58,8.4357,0.03,391,2388,100.0,38.96,23.2857
98,45,0.0041,-0.0004,100.0,518.67,642.22,1586.63,1403.71,14.62,21.61,553.64,2388.03,9066.51,1.3,47.39,522.08,2388.06,8139.92,8.412,0.03,392,2388,100.0,38.94,23.3444
98,46,-0.0002,0.0003,100.0,518.67,642.23,1589.7,1401.96,14.62,21.61,553.67,2388.09,9054.05,1.3,47.45,522.32,2388.07,8136.85,8.4417,0.03,393,2388,100.0,38.95,23.3951
98,47,-0.0007,0.0002,100.0,518.67,641.64,1590.71,1406.92,14.62,21.61,554.13,2388.07,9059.11,1.3,47.42,522.52,2388.12,8140.39,8.4279,0.03,392,2388,100.0,38.89,23.237
98,48,0.0006,0.0002,100.0,518.67,641.93,1585.95,1403.4,14.62,21.61,554.9,2388.09,9063.63,1.3,47.61,521.37,2388.05,8141.85,8.4026,0.03,393,2388,100.0,39.12,23.4156
98,49,0.0002,0.0001,100.0,518.67,642.35,1584.66,1408.38,14.62,21.61,553.78,2388.04,9066.27,1.3,47.42,522.21,2388.08,8142.14,8.4551,0.03,392,2388,100.0,38.99,23.2812
98,50,-0.0014,-0.0,100.0,518.67,642.95,1593.03,1408.64,14.62,21.61,553.58,2388.07,9055.13,1.3,47.58,521.42,2388.09,8144.92,8.4153,0.03,393,2388,100.0,38.9,23.3186
98,51,0.002,-0.0002,100.0,518.67,642.69,1588.75,1408.8,14.62,21.61,553.36,2388.06,9062.15,1.3,47.47,521.44,2388.07,8137.83,8.4376,0.03,393,2388,100.0,38.82,23.3291
98,52,-0.0014,-0.0003,100.0,518.67,642.53,1590.36,1405.97,14.62,21.61,553.91,2388.08,9060.41,1.3,47.54,521.39,2388.06,8136.82,8.4473,0.03,393,2388,100.0,38.95,23.2603
98,53,0.0049,-0.0004,100.0,518.67,642.24,1588.69,1406.23,14.62,21.61,553.4,2388.02,9061.72,1.3,47.62,522.24,2388.04,8140.19,8.4282,0.03,391,2388,100.0,38.92,23.3249
98,54,0.0014,-0.0002,100.0,518.67,642.03,1585.19,1405.33,14.62,21.61,554.05,2388.06,9064.69,1.3,47.18,521.97,2388.09,8141.3,8.4272,0.03,394,2388,100.0,38.86,23.2602
98,55,-0.0053,-0.0004,100.0,518.67,643.23,1588.08,1404.53,14.62,21.61,553.98,2388.04,9060.13,1.3,47.41,521.88,2388.08,8141.5,8.3903,0.03,390,2388,100.0,38.89,23.3146
98,56,0.0008,0.0003,100.0,518.67,642.38,1582.18,1404.65,14.62,21.61,553.37,2388.13,9061.09,1.3,47.56,521.88,2388.05,8143.95,8.4089,0.03,393,2388,100.0,38.9,23.2834
98,57,-0.0012,0.0001,100.0,518.67,642.34,1582.93,1401.61,14.62,21.61,554.11,2388.08,9060.19,1.3,47.26,521.69,2388.08,8142.66,8.4054,0.03,394,2388,100.0,38.95,23.3392
98,58,-0.0051,-0.0,100.0,518.67,642.6,1595.07,1405.53,14.62,21.61,553.3,2388.07,9057.95,1.3,47.6,521.9,2388.13,8138.11,8.4243,0.03,391,2388,100.0,39.18,23.3734
98,59,-0.0021,0.0001,100.0,518.67,642.82,1589.41,1405.59,14.62,21.61,553.42,2388.12,9057.66,1.3,47.57,521.85,2388.08,8142.22,8.4143,0.03,393,2388,100.0,38.88,23.2824
98,60,0.0017,0.0001,100.0,518.67,642.24,1588.03,1407.76,14.62,21.61,553.14,2388.07,9055.79,1.3,47.39,521.35,2388.1,8142.63,8.4126,0.03,393,2388,100.0,39.03,23.2547
98,61,-0.0014,-0.0002,100.0,518.67,642.36,1590.16,1415.83,14.62,21.61,553.34,2388.04,9062.02,1.3,47.4,521.06,2388.07,8143.23,8.4478,0.03,392,2388,100.0,38.82,23.3225
98,62,-0.001,-0.0004,100.0,518.67,642.83,1587.79,1400.74,14.62,21.61,554.01,2388.05,9058.14,1.3,47.48,521.66,2388.08,8136.77,8.4353,0.03,393,2388,100.0,39.05,23.2751
98,63,0.0058,-0.0004,100.0,518.67,642.1,1583.25,1406.41,14.62,21.61,553.53,2388.12,9060.08,1.3,47.55,521.59,2388.05,8139.3,8.4347,0.03,393,2388,100.0,38.86,23.3463
98,64,-0.0034,0.0002,100.0,518.67,642.98,1593.39,1412.3,14.62,21.61,553.87,2388.08,9064.52,1.3,47.52,521.53,2388.08,8143.92,8.4206,0.03,393,2388,100.0,38.91,23.2306
98,65,-0.0016,0.0004,100.0,518.67,642.56,1578.51,1408.61,14.62,21.61,554.03,2388.05,9054.75,1.3,47.55,521.35,2388.06,8139.03,8.4261,0.03,391,2388,100.0,38.82,23.3705
98,66,-0.0011,0.0,100.0,518.67,642.85,1594.94,1401.18,14.62,21.61,553.58,2388.07,9057.36,1.3,47.45,521.17,2388.06,8148.83,8.4059,0.03,393,2388,100.0,39.02,23.3473
98,67,0.0008,0.0002,100.0,518.67,642.96,1585.99,1408.45,14.62,21.61,553.52,2388.06,9068.83,1.3,47.49,521.22,2388.04,8143.98,8.4287,0.03,392,2388,100.0,38.93,23.2801
98,68,-0.0012,-0.0005,100.0,518.67,642.56,1586.93,1403.44,14.62,21.61,553.82,2388.11,9060.02,1.3,47.59,521.92,2388.09,8139.57,8.4172,0.03,392,2388,100.0,38.91,23.4105
98,69,-0.0028,0.0005,100.0,518.67,641.94,1587.07,1403.04,14.62,21.61,553.8,2388.04,9060.78,1.3,47.24,521.55,2388.08,8137.73,8.3922,0.03,390,2388,100.0,38.78,23.419
98,70,0.0042,0.0004,100.0,518.67,642.63,1588.69,1402.38,14.62,21.61,553.86,2388.08,9049.63,1.3,47.63,521.93,2388.08,8141.67,8.4089,0.03,391,2388,100.0,39.04,23.3655
98,71,0.002,-0.0002,100.0,518.67,642.63,1585.2,1407.47,14.62,21.61,553.28,2388.07,9062.41,1.3,47.46,520.9,2388.06,8141.24,8.449,0.03,394,2388,100.0,38.97,23.2519
98,72,-0.0001,0.0003,100.0,518.67,642.24,1591.69,1410.35,14.62,21.61,553.58,2388.04,9064.3,1.3,47.57,521.91,2388.1,8144.15,8.4283,0.03,392,2388,100.0,39.0,23.2204
98,73,-0.0037,-0.0002,100.0,518.67,642.95,1586.3,1406.65,14.62,21.61,553.14,2388.05,9054.42,1.3,47.48,521.72,2388.04,8136.74,8.4621,0.03,393,2388,100.0,38.95,23.3472
98,74,-0.0033,-0.0004,100.0,518.67,642.44,1590.68,1414.31,14.62,21.61,552.73,2388.07,9062.0,1.3,47.23,522.01,2388.04,8142.12,8.4397,0.03,393,2388,100.0,38.71,23.2353
98,75,-0.0017,0.0001,100.0,518.67,642.28,1594.49,1400.86,14.62,21.61,554.09,2388.05,9057.66,1.3,47.42,521.39,2388.1,8140.01,8.386,0.03,391,2388,100.0,38.94,23.2892
98,76,0.0042,-0.0003,100.0,518.67,642.75,1586.64,1407.12,14.62,21.61,553.33,2388.11,9053.92,1.3,47.46,521.76,2388.05,8138.13,8.4428,0.03,394,2388,100.0,38.74,23.3375
98,77,-0.0006,0.0001,100.0,518.67,642.44,1588.96,1407.63,14.62,21.61,553.87,2388.11,9054.21,1.3,47.55,521.16,2388.04,8146.65,8.4408,0.03,393,2388,100.0,38.79,23.2781
98,78,0.0002,-0.0004,100.0,518.67,643.17,1591.61,1409.43,14.62,21.61,553.62,2388.08,9066.13,1.3,47.51,521.76,2388.07,8141.07,8.4429,0.03,393,2388,100.0,38.81,23.292
98,79,-0.001,-0.0004,100.0,518.67,642.29,1585.14,1407.0,14.62,21.61,553.9,2388.08,9069.47,1.3,47.55,520.9,2388.08,8142.78,8.4691,0.03,392,2388,100.0,38.83,23.3097
98,80,-0.001,0.0001,100.0,518.67,642.32,1592.65,1407.96,14.62,21.61,552.46,2388.04,9064.31,1.3,47.39,521.46,2388.05,8142.3,8.4702,0.03,392,2388,100.0,38.92,23.263
98,81,0.0007,0.0003,100.0,518.67,642.61,1587.35,1405.39,14.62,21.61,553.1,2388.05,9051.85,1.3,47.52,521.17,2388.1,8139.36,8.4524,0.03,394,2388,100.0,38.95,23.2249
98,82,0.0006,0.0001,100.0,518.67,642.88,1589.63,1409.28,14.62,21.61,553.93,2388.06,9059.99,1.3,47.49,521.58,2388.11,8141.01,8.4515,0.03,393,2388,100.0,38.8,23.2299
98,83,0.0016,-0.0001,100.0,518.67,642.6,1585.96,1414.15,14.62,21.61,553.28,2388.12,9060.43,1.3,47.58,521.95,2388.03,8140.75,8.4443,0.03,394,2388,100.0,38.76,23.228
98,84,0.0062,-0.0003,100.0,518.67,642.94,1590.44,1406.33,14.62,21.61,553.67,2388.1,9062.86,1.3,47.5,521.68,2388.04,8141.52,8.4055,0.03,392,2388,100.0,38.9,23.3226
98,85,-0.0027,0.0003,100.0,518.67,642.54,1592.31,1405.4,14.62,21.61,553.49,2388.03,9063.55,1.3,47.66,521.51,2388.08,8140.96,8.4191,0.03,393,2388,100.0,38.85,23.3409
98,86,0.0016,0.0001,100.0,518.67,642.87,1589.89,1403.14,14.62,21.61,552.64,2388.09,9056.23,1.3,47.52,522.01,2388.13,8142.89,8.3997,0.03,394,2388,100.0,38.68,23.3898
98,87,0.0015,0.0005,100.0,518.67,642.63,1583.16,1412.89,14.62,21.61,553.85,2388.12,9065.02,1.3,47.42,521.09,2388.14,8141.81,8.4485,0.03,393,2388,100.0,38.74,23.3191
98,88,-0.0,-0.0003,100.0,518.67,643.21,1588.9,1409.99,14.62,21.61,553.67,2388.08,9065.46,1.3,47.58,521.63,2388.12,8136.76,8.4648,0.03,393,2388,100.0,38.82,23.3693
98,89,-0.0002,-0.0003,100.0,518.67,642.65,1585.03,1411.5,14.62,21.61,553.24,2388.1,9061.57,1.3,47.65,521.54,2388.06,8140.61,8.4161,0.03,393,2388,100.0,38.8,23.397
98,90,0.0014,0.0005,100.0,518.67,642.48,1594.49,1406.94,14.62,21.61,553.23,2388.01,9062.35,1.3,47.61,521.12,2388.09,8142.59,8.4232,0.03,393,2388,100.0,38.91,23.2963
98,91,0.0019,0.0002,100.0,518.67,642.22,1591.51,1408.38,14.62,21.61,554.24,2388.02,9069.45,1.3,47.43,521.74,2388.11,8144.28,8.4158,0.03,394,2388,100.0,38.82,23.2375
98,92,-0.0018,0.0003,100.0,518.67,642.61,1592.65,1403.09,14.62,21.61,553.36,2388.09,9060.08,1.3,47.43,521.44,2388.1,8142.3,8.3933,0.03,393,2388,100.0,38.9,23.2981
98,93,-0.0004,-0.0002,100.0,518.67,642.46,1588.62,1408.61,14.62,21.61,553.15,2388.14,9065.47,1.3,47.4,522.18,2388.07,8138.58,8.4406,0.03,393,2388,100.0,38.89,23.3015
98,94,0.0004,0.0004,100.0,518.67,642.57,1588.43,1410.67,14.62,21.61,553.99,2388.09,9061.38,1.3,47.6,521.89,2388.11,8138.43,8.4387,0.03,392,2388,100.0,38.93,23.3829
98,95,0.0023,-0.0003,100.0,518.67,642.06,1595.92,1402.55,14.62,21.61,553.17,2388.12,9058.8,1.3,47.59,521.39,2388.08,8145.53,8.4299,0.03,395,2388,100.0,38.7,23.2652
98,96,-0.001,-0.0003,100.0,518.67,642.41,1594.13,1408.6,14.62,21.61,553.35,2388.1,9064.31,1.3,47.54,521.94,2388.08,8149.01,8.4385,0.03,393,2388,100.0,38.78,23.2205
98,97,0.0019,0.0004,100.0,518.67,642.78,1587.85,1409.9,14.62,21.61,552.86,2388.07,9058.06,1.3,47.46,521.54,2388.08,8137.64,8.4153,0.03,393,2388,100.0,38.93,23.2363
98,98,0.0012,-0.0001,100.0,518.67,642.54,1586.89,1405.84,14.62,21.61,553.77,2388.12,9060.92,1.3,47.48,521.46,2388.11,8147.03,8.4262,0.03,395,2388,100.0,38.84,23.3042
98,99,-0.0009,-0.0004,100.0,518.67,642.53,1586.64,1411.72,14.62,21.61,553.45,2388.12,9063.12,1.3,47.53,521.61,2388.1,8141.58,8.4433,0.03,393,2388,100.0,38.82,23.3511
98,100,-0.0001,0.0005,100.0,518.67,642.95,1595.85,1405.27,14.62,21.61,553.24,2388.08,9057.99,1.3,47.63,521.51,2388.11,8134.02,8.4652,0.03,392,2388,100.0,38.77,23.3741
98,101,-0.0007,0.0004,100.0,518.67,642.65,1592.75,1413.82,14.62,21.61,553.81,2388.12,9063.67,1.3,47.47,521.59,2388.16,8137.27,8.4612,0.03,393,2388,100.0,38.78,23.3431
98,102,0.0003,-0.0003,100.0,518.67,642.41,1594.99,1409.54,14.62,21.61,553.29,2388.12,9053.89,1.3,47.58,521.34,2388.11,8140.63,8.4194,0.03,391,2388,100.0,38.78,23.4067
98,103,0.0014,0.0002,100.0,518.67,642.81,1591.49,1409.51,14.62,21.61,552.75,2388.17,9073.75,1.3,47.44,521.25,2388.06,8138.7,8.4302,0.03,393,2388,100.0,38.73,23.2539
98,104,-0.0009,-0.0003,100.0,518.67,642.58,1600.12,1415.75,14.62,21.61,553.63,2388.09,9065.23,1.3,47.49,521.35,2388.09,8147.61,8.4554,0.03,392,2388,100.0,38.93,23.2018
98,105,0.0024,0.0005,100.0,518.67,642.01,1587.94,1410.53,14.62,21.61,553.47,2388.05,9065.66,1.3,47.4,521.53,2388.04,8140.01,8.443,0.03,392,2388,100.0,38.82,23.245
98,106,-0.0003,-0.0002,100.0,518.67,642.41,1589.58,1408.69,14.62,21.61,553.15,2388.13,9067.13,1.3,47.56,521.81,2388.11,8144.02,8.455,0.03,392,2388,100.0,38.77,23.3085
98,107,-0.0064,0.0004,100.0,518.67,642.58,1597.53,1403.15,14.62,21.61,553.97,2388.08,9064.9,1.3,47.48,521.33,2388.12,8141.44,8.4545,0.03,393,2388,100.0,38.74,23.3329
98,108,0.0012,-0.0003,100.0,518.67,642.39,1590.24,1413.21,14.62,21.61,553.51,2388.09,9063.18,1.3,47.51,521.39,2388.07,8141.28,8.4452,0.03,393,2388,100.0,38.95,23.2562
98,109,0.0007,-0.0004,100.0,518.67,641.96,1592.88,1401.87,14.62,21.61,553.49,2388.08,9060.36,1.3,47.71,520.92,2388.06,8141.77,8.4594,0.03,393,2388,100.0,38.89,23.245
98,110,0.002,-0.0004,100.0,518.67,642.74,1598.53,1409.48,14.62,21.61,553.64,2388.12,9069.91,1.3,47.54,521.03,2388.15,8144.97,8.463,0.03,393,2388,100.0,38.84,23.2174
98,111,-0.0001,0.0,100.0,518.67,643.05,1591.23,1407.17,14.62,21.61,553.78,2388.12,9058.8,1.3,47.43,521.39,2388.11,8143.1,8.4404,0.03,393,2388,100.0,38.75,23.3044
98,112,-0.0024,-0.0003,100.0,518.67,642.49,1595.2,1417.31,14.62,21.61,553.62,2388.16,9062.1,1.3,47.6,520.98,2388.07,8138.67,8.466,0.03,392,2388,100.0,38.79,23.2493
98,113,0.0014,-0.0001,100.0,518.67,642.81,1583.33,1400.4,14.62,21.61,553.01,2388.09,9064.26,1.3,47.62,521.1,2388.15,8139.85,8.5143,0.03,393,2388,100.0,38.79,23.3205
98,114,0.004,-0.0002,100.0,518.67,642.98,1586.41,1409.57,14.62,21.61,553.77,2388.09,9061.07,1.3,47.57,521.56,2388.11,8140.53,8.4354,0.03,394,2388,100.0,38.8,23.407
98,115,0.0008,0.0001,100.0,518.67,642.22,1587.67,1415.07,14.62,21.61,552.73,2388.13,9064.41,1.3,47.56,521.33,2388.06,8141.42,8.4383,0.03,395,2388,100.0,38.73,23.3208
98,116,0.0049,0.0005,100.0,518.67,642.89,1591.13,1410.54,14.62,21.61,554.02,2388.12,9062.05,1.3,47.6,521.51,2388.09,8137.85,8.4261,0.03,393,2388,100.0,38.86,23.2695
98,117,0.0001,0.0,100.0,518.67,642.41,1592.56,1413.53,14.62,21.61,553.28,2388.11,9065.11,1.3,47.43,521.45,2388.12,8138.22,8.4603,0.03,394,2388,100.0,38.82,23.3834
98,118,0.0006,0.0003,100.0,518.67,642.67,1595.12,1412.83,14.62,21.61,553.22,2388.13,9065.24,1.3,47.57,521.77,2388.13,8144.02,8.4815,0.03,393,2388,100.0,38.75,23.2717
98,119,0.0025,-0.0001,100.0,518.67,643.07,1587.58,1413.58,14.62,21.61,553.29,2388.1,9066.06,1.3,47.7,521.0,2388.12,8140.75,8.4635,0.03,395,2388,100.0,38.72,23.2662
98,120,-0.0003,-0.0002,100.0,518.67,642.89,1593.12,1403.31,14.62,21.61,553.0,2388.1,9059.65,1.3,47.71,521.06,2388.12,8140.52,8.4686,0.03,394,2388,100.0,38.77,23.2574
98,121,0.0017,0.0001,100.0,518.67,642.68,1599.51,1415.47,14.62,21.61,553.44,2388.13,9062.34,1.3,47.66,521.53,2388.09,8146.39,8.4235,0.03,394,2388,100.0,38.76,23.3608
